{
    "links": {
        "next": "http://oqmd.org/oqmdapi/formationenergy?fields=name%2Centry_id%2Cspacegroup%2Cntypes%2Cband_gap%2Cdelta_e&filter=element_set%3D%28Al-Fe%29%2CO&limit=2&offset=4",
        "previous": "http://oqmd.org/oqmdapi/formationenergy?fields=name%2Centry_id%2Cspacegroup%2Cntypes%2Cband_gap%2Cdelta_e&filter=element_set%3D%28Al-Fe%29%2CO&limit=2",
        "base_url": {
            "href": "https://oqmd.org/oqmdapi",
            "meta": {
                "_oqmd_version": "1.0"
            }
        }
    },
    "resource": {},
    "data": [
        {
            "name": "AcAlAsO",
            "entry_id": 1080214,
            "spacegroup": "P4/nmm",
            "ntypes": 4,
            "band_gap": 0.0,
            "delta_e": -1.82824913834469
        },
        {
            "name": "AcAlAsO",
            "entry_id": 1080357,
            "spacegroup": "P4/nmm",
            "ntypes": 4,
            "band_gap": 0.0,
            "delta_e": -0.736715360844689
        }
    ],
    "meta": {
        "query": {
            "representation": "http://oqmd.org/oqmdapi/formationenergy?fields=name%2Centry_id%2Cspacegroup%2Cntypes%2Cband_gap%2Cdelta_e&filter=element_set%3D%28Al-Fe%29%2CO&limit=2&offset=2"
        },
        "api_version": "1.0",
        "time_stamp": "2023-07-23 10:53:26",
        "data_returned": 2,
        "data_available": 10401,
        "comments": "",
        "query_tree": "",
        "more_data_available": true
    },
    "response_message": "OK"
}