{
    "links": {
        "next": "http://oqmd.org/oqmdapi/formationenergy?fields=name%2Centry_id%2Cspacegroup%2Cntypes%2Cband_gap%2Cdelta_e&filter=element_set%3D%28Ac%29&limit=50&offset=50",
        "previous": null,
        "base_url": {
            "href": "https://oqmd.org/oqmdapi",
            "meta": {
                "_oqmd_version": "1.0"
            }
        }
    },
    "resource": {},
    "data": [
        {
            "name": "AcH2",
            "entry_id": 10141,
            "spacegroup": "Fm-3m",
            "ntypes": 2,
            "band_gap": 0.0,
            "delta_e": -0.568285373956117
        },
        {
            "name": "AcBrO",
            "entry_id": 6074,
            "spacegroup": "P4/nmm",
            "ntypes": 3,
            "band_gap": 4.281,
            "delta_e": -3.2379598585982
        },
        {
            "name": "AcBr3",
            "entry_id": 6036,
            "spacegroup": "P63/m",
            "ntypes": 2,
            "band_gap": 4.142,
            "delta_e": -2.33297449243688
        },
        {
            "name": "AcCl3",
            "entry_id": 6031,
            "spacegroup": "P21/m",
            "ntypes": 2,
            "band_gap": 5.195,
            "delta_e": -2.76034108483934
        },
        {
            "name": "AcClO",
            "entry_id": 6073,
            "spacegroup": "P4/nmm",
            "ntypes": 3,
            "band_gap": 4.59,
            "delta_e": -3.42047254966596
        },
        {
            "name": "AcMg149",
            "entry_id": 31712,
            "spacegroup": "P-6m2",
            "ntypes": 2,
            "band_gap": 0.0,
            "delta_e": 0.00459590144444121
        },
        {
            "name": "AcMg3",
            "entry_id": 35315,
            "spacegroup": "P-6m2",
            "ntypes": 2,
            "band_gap": 0.0,
            "delta_e": 0.116441751249997
        },
        {
            "name": "AcMg5",
            "entry_id": 34890,
            "spacegroup": "P-62m",
            "ntypes": 2,
            "band_gap": 0.0,
            "delta_e": -0.0756620422222252
        },
        {
            "name": "AcMg",
            "entry_id": 35716,
            "spacegroup": "P-3m1",
            "ntypes": 2,
            "band_gap": 0.0,
            "delta_e": 0.109554241666665
        },
        {
            "name": "AcMg3",
            "entry_id": 35340,
            "spacegroup": "Pmm2",
            "ntypes": 2,
            "band_gap": 0.0,
            "delta_e": 0.0208480862499973
        },
        {
            "name": "AcMg5",
            "entry_id": 34865,
            "spacegroup": "Amm2",
            "ntypes": 2,
            "band_gap": 0.0,
            "delta_e": 0.0574847261111084
        },
        {
            "name": "AcMg2",
            "entry_id": 34965,
            "spacegroup": "P-62m",
            "ntypes": 2,
            "band_gap": 0.0,
            "delta_e": 0.0486087147222198
        },
        {
            "name": "AcMg2",
            "entry_id": 34915,
            "spacegroup": "P-3m1",
            "ntypes": 2,
            "band_gap": 0.0,
            "delta_e": 0.12972541972222
        },
        {
            "name": "AcMg2",
            "entry_id": 35215,
            "spacegroup": "P63/mmc",
            "ntypes": 2,
            "band_gap": 0.0,
            "delta_e": 0.115029601388886
        },
        {
            "name": "AcMg5",
            "entry_id": 34815,
            "spacegroup": "P-6m2",
            "ntypes": 2,
            "band_gap": 0.0,
            "delta_e": 0.0976802544444417
        },
        {
            "name": "AcMg",
            "entry_id": 35365,
            "spacegroup": "Amm2",
            "ntypes": 2,
            "band_gap": 0.0,
            "delta_e": 0.0282577966666651
        },
        {
            "name": "AcMg",
            "entry_id": 35415,
            "spacegroup": "P-6m2",
            "ntypes": 2,
            "band_gap": 0.0,
            "delta_e": 0.118239724999998
        },
        {
            "name": "AcMg2",
            "entry_id": 35015,
            "spacegroup": "P-6m2",
            "ntypes": 2,
            "band_gap": 0.0,
            "delta_e": 0.11870041972222
        },
        {
            "name": "AcMg",
            "entry_id": 35390,
            "spacegroup": "Amm2",
            "ntypes": 2,
            "band_gap": 0.0,
            "delta_e": 0.0945515283333318
        },
        {
            "name": "AcMg5",
            "entry_id": 34790,
            "spacegroup": "R32",
            "ntypes": 2,
            "band_gap": 0.0,
            "delta_e": 0.086801702777775
        },
        {
            "name": "AcMg",
            "entry_id": 35590,
            "spacegroup": "Pmmn",
            "ntypes": 2,
            "band_gap": 0.0,
            "delta_e": -0.011462950833335
        },
        {
            "name": "AcMg",
            "entry_id": 35565,
            "spacegroup": "P3m1",
            "ntypes": 2,
            "band_gap": 0.0,
            "delta_e": 0.109920948333331
        },
        {
            "name": "AcMg2",
            "entry_id": 35265,
            "spacegroup": "Cmcm",
            "ntypes": 2,
            "band_gap": 0.0,
            "delta_e": -0.000427465277780333
        },
        {
            "name": "AcMg5",
            "entry_id": 34840,
            "spacegroup": "Cm",
            "ntypes": 2,
            "band_gap": 0.0,
            "delta_e": 0.0294267894444416
        },
        {
            "name": "AcMg2",
            "entry_id": 35140,
            "spacegroup": "Amm2",
            "ntypes": 2,
            "band_gap": 0.0,
            "delta_e": 0.0826141397222197
        },
        {
            "name": "AcMg",
            "entry_id": 35515,
            "spacegroup": "Amm2",
            "ntypes": 2,
            "band_gap": 0.0,
            "delta_e": -0.0410395733333354
        },
        {
            "name": "AcMg2",
            "entry_id": 35190,
            "spacegroup": "R32",
            "ntypes": 2,
            "band_gap": 0.0,
            "delta_e": -0.0327705836111134
        },
        {
            "name": "AcMg2",
            "entry_id": 34990,
            "spacegroup": "C2/m",
            "ntypes": 2,
            "band_gap": 0.0,
            "delta_e": -0.00697881027778013
        },
        {
            "name": "AcMg2",
            "entry_id": 34940,
            "spacegroup": "C2/m",
            "ntypes": 2,
            "band_gap": 0.0,
            "delta_e": 0.00934307305555304
        },
        {
            "name": "AcMg2",
            "entry_id": 35065,
            "spacegroup": "Cmcm",
            "ntypes": 2,
            "band_gap": 0.0,
            "delta_e": -0.0131507386111135
        },
        {
            "name": "AcMg3",
            "entry_id": 35290,
            "spacegroup": "Imm2",
            "ntypes": 2,
            "band_gap": 0.0,
            "delta_e": 0.0380202712499975
        },
        {
            "name": "AcMg",
            "entry_id": 35540,
            "spacegroup": "Amm2",
            "ntypes": 2,
            "band_gap": 0.0,
            "delta_e": 0.0818380066666649
        },
        {
            "name": "AcMg2",
            "entry_id": 35115,
            "spacegroup": "Cmcm",
            "ntypes": 2,
            "band_gap": 0.0,
            "delta_e": 0.00261413472221979
        },
        {
            "name": "AcMg2",
            "entry_id": 35240,
            "spacegroup": "Cmcm",
            "ntypes": 2,
            "band_gap": 0.0,
            "delta_e": -0.0133111569444469
        },
        {
            "name": "AcMg2",
            "entry_id": 35040,
            "spacegroup": "Cm",
            "ntypes": 2,
            "band_gap": 0.0,
            "delta_e": 0.0859259047222197
        },
        {
            "name": "AcMg2",
            "entry_id": 35090,
            "spacegroup": "C2/m",
            "ntypes": 2,
            "band_gap": 0.0,
            "delta_e": 0.00902885805555324
        },
        {
            "name": "AcMg",
            "entry_id": 35640,
            "spacegroup": "Cm",
            "ntypes": 2,
            "band_gap": 0.0,
            "delta_e": 0.0713054316666651
        },
        {
            "name": "AcMg",
            "entry_id": 35490,
            "spacegroup": "C2/m",
            "ntypes": 2,
            "band_gap": 0.0,
            "delta_e": -0.0524781058333348
        },
        {
            "name": "AcMg",
            "entry_id": 35465,
            "spacegroup": "Cm",
            "ntypes": 2,
            "band_gap": 0.0,
            "delta_e": -0.0180835066666685
        },
        {
            "name": "AcMg",
            "entry_id": 35440,
            "spacegroup": "C2",
            "ntypes": 2,
            "band_gap": 0.0,
            "delta_e": -0.0113838916666686
        },
        {
            "name": "AcMg",
            "entry_id": 35615,
            "spacegroup": "Cm",
            "ntypes": 2,
            "band_gap": 0.0,
            "delta_e": -0.018267953333335
        },
        {
            "name": "AcMg2",
            "entry_id": 35165,
            "spacegroup": "C2/c",
            "ntypes": 2,
            "band_gap": 0.0,
            "delta_e": -0.0689958202777804
        },
        {
            "name": "Ac3Mg",
            "entry_id": 290383,
            "spacegroup": "P-6m2",
            "ntypes": 2,
            "band_gap": 0.0,
            "delta_e": 0.0767589070833323
        },
        {
            "name": "Ac3Mg",
            "entry_id": 290428,
            "spacegroup": "Pmm2",
            "ntypes": 2,
            "band_gap": 0.0,
            "delta_e": 0.0479952245833322
        },
        {
            "name": "AcMg",
            "entry_id": 291103,
            "spacegroup": "P-3m1",
            "ntypes": 2,
            "band_gap": 0.0,
            "delta_e": 0.109555019166665
        },
        {
            "name": "AcMg",
            "entry_id": 290878,
            "spacegroup": "Pmmn",
            "ntypes": 2,
            "band_gap": 0.0,
            "delta_e": -0.011919693333335
        },
        {
            "name": "RbAc3",
            "entry_id": 297374,
            "spacegroup": "I4/mmm",
            "ntypes": 2,
            "band_gap": 0.0,
            "delta_e": 0.366482739374999
        },
        {
            "name": "Ac3Pm",
            "entry_id": 297384,
            "spacegroup": "I4/mmm",
            "ntypes": 2,
            "band_gap": 0.0,
            "delta_e": 0.0330820387499999
        },
        {
            "name": "AcU3",
            "entry_id": 297547,
            "spacegroup": "I4/mmm",
            "ntypes": 2,
            "band_gap": 0.0,
            "delta_e": 0.762490781874998
        },
        {
            "name": "Ac3Pb",
            "entry_id": 297645,
            "spacegroup": "I4/mmm",
            "ntypes": 2,
            "band_gap": 0.0,
            "delta_e": -0.217213740625
        }
    ],
    "meta": {
        "query": {
            "representation": "http://oqmd.org/oqmdapi/formationenergy?fields=name,entry_id,spacegroup,ntypes,band_gap,delta_e&filter=element_set=(Ac)"
        },
        "api_version": "1.0",
        "time_stamp": "2023-08-01 00:09:25",
        "data_returned": 50,
        "data_available": 18650,
        "comments": "",
        "query_tree": "",
        "more_data_available": true
    },
    "response_message": "OK"
}