{
    "links": {
        "next": "http://oqmd.org/oqmdapi/formationenergy?fields=name%2Centry_id%2Cspacegroup%2Cntypes%2Cband_gap%2Cdelta_e&filter=element_set%3D%28Ag%29&limit=50&offset=50",
        "previous": null,
        "base_url": {
            "href": "https://oqmd.org/oqmdapi",
            "meta": {
                "_oqmd_version": "1.0"
            }
        }
    },
    "resource": {},
    "data": [
        {
            "name": "TiAg",
            "entry_id": 10676,
            "spacegroup": "P4/mmm",
            "ntypes": 2,
            "band_gap": 0.0,
            "delta_e": 0.0695339693568684
        },
        {
            "name": "TmAg",
            "entry_id": 10678,
            "spacegroup": "Pm-3m",
            "ntypes": 2,
            "band_gap": 0.0,
            "delta_e": -0.35077449375
        },
        {
            "name": "YAg",
            "entry_id": 10681,
            "spacegroup": "Pm-3m",
            "ntypes": 2,
            "band_gap": 0.0,
            "delta_e": -0.34309354125
        },
        {
            "name": "YbAg",
            "entry_id": 10683,
            "spacegroup": "Pm-3m",
            "ntypes": 2,
            "band_gap": 0.0,
            "delta_e": -0.42926611875
        },
        {
            "name": "AgI",
            "entry_id": 20443,
            "spacegroup": "Pm-3m",
            "ntypes": 2,
            "band_gap": 0.182,
            "delta_e": 0.0174154250358414
        },
        {
            "name": "AgCl",
            "entry_id": 10182,
            "spacegroup": "Fm-3m",
            "ntypes": 2,
            "band_gap": 1.115,
            "delta_e": -0.617803421559561
        },
        {
            "name": "MgAg",
            "entry_id": 22530,
            "spacegroup": "Pm-3m",
            "ntypes": 2,
            "band_gap": 0.0,
            "delta_e": -0.254072658333335
        },
        {
            "name": "AgO",
            "entry_id": 6628,
            "spacegroup": "F-43m",
            "ntypes": 2,
            "band_gap": 0.0,
            "delta_e": -0.00377387168937737
        },
        {
            "name": "AgF",
            "entry_id": 3679,
            "spacegroup": "Fm-3m",
            "ntypes": 2,
            "band_gap": 0.0,
            "delta_e": -1.15817396331555
        },
        {
            "name": "HoAg",
            "entry_id": 17486,
            "spacegroup": "Pm-3m",
            "ntypes": 2,
            "band_gap": 0.0,
            "delta_e": -0.342531405416665
        },
        {
            "name": "AgN",
            "entry_id": 21324,
            "spacegroup": "Fm-3m",
            "ntypes": 2,
            "band_gap": 0.0,
            "delta_e": 1.48883148357825
        },
        {
            "name": "AgN",
            "entry_id": 21332,
            "spacegroup": "F-43m",
            "ntypes": 2,
            "band_gap": 0.0,
            "delta_e": 1.61981461857825
        },
        {
            "name": "AgC",
            "entry_id": 22368,
            "spacegroup": "F-43m",
            "ntypes": 2,
            "band_gap": 0.0,
            "delta_e": 2.2487658525
        },
        {
            "name": "DyAg",
            "entry_id": 10365,
            "spacegroup": "Pm-3m",
            "ntypes": 2,
            "band_gap": 0.0,
            "delta_e": -0.335554942083335
        },
        {
            "name": "GaAg",
            "entry_id": 17484,
            "spacegroup": "Pm-3m",
            "ntypes": 2,
            "band_gap": 0.0,
            "delta_e": 0.04734372875
        },
        {
            "name": "ErAg",
            "entry_id": 10623,
            "spacegroup": "Pm-3m",
            "ntypes": 2,
            "band_gap": 0.0,
            "delta_e": -0.34775013375
        },
        {
            "name": "TiAg",
            "entry_id": 27646,
            "spacegroup": "P4/mmm",
            "ntypes": 2,
            "band_gap": 0.0,
            "delta_e": 0.0695330243568684
        },
        {
            "name": "GdAg",
            "entry_id": 10632,
            "spacegroup": "Pm-3m",
            "ntypes": 2,
            "band_gap": 0.0,
            "delta_e": -0.3190237025
        },
        {
            "name": "Ag",
            "entry_id": 10125,
            "spacegroup": "P63/mmc",
            "ntypes": 1,
            "band_gap": 0.0,
            "delta_e": 0.00134922250000002
        },
        {
            "name": "LaAg",
            "entry_id": 10639,
            "spacegroup": "Pm-3m",
            "ntypes": 2,
            "band_gap": 0.0,
            "delta_e": -0.26489468875
        },
        {
            "name": "CdAg",
            "entry_id": 10359,
            "spacegroup": "Pm-3m",
            "ntypes": 2,
            "band_gap": 0.0,
            "delta_e": -0.0670945487500001
        },
        {
            "name": "CeAg",
            "entry_id": 10361,
            "spacegroup": "Pm-3m",
            "ntypes": 2,
            "band_gap": 0.0,
            "delta_e": -0.244193677500001
        },
        {
            "name": "ZnAg",
            "entry_id": 19341,
            "spacegroup": "Pm-3m",
            "ntypes": 2,
            "band_gap": 0.0,
            "delta_e": -0.05211821875
        },
        {
            "name": "CeAg",
            "entry_id": 10362,
            "spacegroup": "P4/mmm",
            "ntypes": 2,
            "band_gap": 0.0,
            "delta_e": -0.242656332500001
        },
        {
            "name": "LiAg",
            "entry_id": 10649,
            "spacegroup": "Pm-3m",
            "ntypes": 2,
            "band_gap": 0.0,
            "delta_e": -0.23234209875
        },
        {
            "name": "TbAg",
            "entry_id": 10672,
            "spacegroup": "Pm-3m",
            "ntypes": 2,
            "band_gap": 0.0,
            "delta_e": 0.00103122891666541
        },
        {
            "name": "TbAg",
            "entry_id": 10673,
            "spacegroup": "P4/mmm",
            "ntypes": 2,
            "band_gap": 0.0,
            "delta_e": 0.00200787891666465
        },
        {
            "name": "ScAg",
            "entry_id": 10665,
            "spacegroup": "Pm-3m",
            "ntypes": 2,
            "band_gap": 0.0,
            "delta_e": -0.28691686625
        },
        {
            "name": "NdAg",
            "entry_id": 10660,
            "spacegroup": "Pm-3m",
            "ntypes": 2,
            "band_gap": 0.0,
            "delta_e": -0.26962120625
        },
        {
            "name": "PrAg",
            "entry_id": 10662,
            "spacegroup": "Pm-3m",
            "ntypes": 2,
            "band_gap": 0.0,
            "delta_e": -0.2577073275
        },
        {
            "name": "SmAg",
            "entry_id": 10667,
            "spacegroup": "Pm-3m",
            "ntypes": 2,
            "band_gap": 0.0,
            "delta_e": -0.2925637975
        },
        {
            "name": "AgCN",
            "entry_id": 15297,
            "spacegroup": "R3m",
            "ntypes": 3,
            "band_gap": 3.218,
            "delta_e": 0.417826106552165
        },
        {
            "name": "LaAg",
            "entry_id": 10648,
            "spacegroup": "P4/mmm",
            "ntypes": 2,
            "band_gap": 0.0,
            "delta_e": -0.26146682875
        },
        {
            "name": "MgAgAs",
            "entry_id": 8210,
            "spacegroup": "F-43m",
            "ntypes": 3,
            "band_gap": 0.0,
            "delta_e": -0.222017740555556
        },
        {
            "name": "TbAg2",
            "entry_id": 10674,
            "spacegroup": "I4/mmm",
            "ntypes": 2,
            "band_gap": 0.0,
            "delta_e": -0.103732426555557
        },
        {
            "name": "Zr2Ag",
            "entry_id": 10691,
            "spacegroup": "I4/mmm",
            "ntypes": 2,
            "band_gap": 0.0,
            "delta_e": -0.110366225833334
        },
        {
            "name": "TmAg2",
            "entry_id": 10679,
            "spacegroup": "I4/mmm",
            "ntypes": 2,
            "band_gap": 0.0,
            "delta_e": -0.345475075
        },
        {
            "name": "GdAg2",
            "entry_id": 17485,
            "spacegroup": "I4/mmm",
            "ntypes": 2,
            "band_gap": 0.0,
            "delta_e": -0.314952444166667
        },
        {
            "name": "ThAg2",
            "entry_id": 3099,
            "spacegroup": "P6/mmm",
            "ntypes": 2,
            "band_gap": 0.0,
            "delta_e": -0.175302208333334
        },
        {
            "name": "AgB2",
            "entry_id": 27587,
            "spacegroup": "P6/mmm",
            "ntypes": 2,
            "band_gap": 0.0,
            "delta_e": 0.519624110833333
        },
        {
            "name": "AgI",
            "entry_id": 10186,
            "spacegroup": "P6mm",
            "ntypes": 2,
            "band_gap": 0.575,
            "delta_e": -0.00185890496415864
        },
        {
            "name": "Ag2F",
            "entry_id": 5486,
            "spacegroup": "P-3m1",
            "ntypes": 2,
            "band_gap": 0.0,
            "delta_e": -0.849458688043702
        },
        {
            "name": "DyAg2",
            "entry_id": 10366,
            "spacegroup": "I4/mmm",
            "ntypes": 2,
            "band_gap": 0.0,
            "delta_e": -0.32899022388889
        },
        {
            "name": "Ag2O",
            "entry_id": 3889,
            "spacegroup": "P-3m1",
            "ntypes": 2,
            "band_gap": 0.0,
            "delta_e": -0.118081310292918
        },
        {
            "name": "ScAg2",
            "entry_id": 27633,
            "spacegroup": "I4/mmm",
            "ntypes": 2,
            "band_gap": 0.0,
            "delta_e": -0.30750919
        },
        {
            "name": "Ti3Ag",
            "entry_id": 10677,
            "spacegroup": "P4/mmm",
            "ntypes": 2,
            "band_gap": 0.0,
            "delta_e": 0.0521080827853009
        },
        {
            "name": "LuAg2",
            "entry_id": 27616,
            "spacegroup": "I4/mmm",
            "ntypes": 2,
            "band_gap": 0.0,
            "delta_e": -0.348370393333334
        },
        {
            "name": "TmAg3",
            "entry_id": 10680,
            "spacegroup": "Pm-3m",
            "ntypes": 2,
            "band_gap": 0.0,
            "delta_e": -0.125486840625
        },
        {
            "name": "Hf2Ag",
            "entry_id": 20651,
            "spacegroup": "I4/mmm",
            "ntypes": 2,
            "band_gap": 0.0,
            "delta_e": -0.121139735833334
        },
        {
            "name": "Ti2Ag",
            "entry_id": 27647,
            "spacegroup": "I4/mmm",
            "ntypes": 2,
            "band_gap": 0.0,
            "delta_e": -0.104370791690841
        }
    ],
    "meta": {
        "query": {
            "representation": "http://oqmd.org/oqmdapi/formationenergy?fields=name,entry_id,spacegroup,ntypes,band_gap,delta_e&filter=element_set=(Ag)"
        },
        "api_version": "1.0",
        "time_stamp": "2023-08-05 10:01:10",
        "data_returned": 50,
        "data_available": 46517,
        "comments": "",
        "query_tree": "",
        "more_data_available": true
    },
    "response_message": "OK"
}