{
    "links": {
        "next": "http://oqmd.org/oqmdapi/formationenergy?fields=name%2Centry_id%2Cspacegroup%2Cntypes%2Cband_gap%2Cdelta_e&filter=element_set%3D%28Al%29&limit=50&offset=50",
        "previous": null,
        "base_url": {
            "href": "https://oqmd.org/oqmdapi",
            "meta": {
                "_oqmd_version": "1.0"
            }
        }
    },
    "resource": {},
    "data": [
        {
            "name": "Al",
            "entry_id": 8100,
            "spacegroup": "Fm-3m",
            "ntypes": 1,
            "band_gap": 0.0,
            "delta_e": 0.000788779999999711
        },
        {
            "name": "TiAl",
            "entry_id": 27974,
            "spacegroup": "P4/mmm",
            "ntypes": 2,
            "band_gap": 0.0,
            "delta_e": -0.435995316893132
        },
        {
            "name": "DyAl",
            "entry_id": 10445,
            "spacegroup": "Pm-3m",
            "ntypes": 2,
            "band_gap": 0.0,
            "delta_e": -0.395507823333335
        },
        {
            "name": "AlIr",
            "entry_id": 10480,
            "spacegroup": "Pm-3m",
            "ntypes": 2,
            "band_gap": 0.0,
            "delta_e": -0.946320085
        },
        {
            "name": "TbAl",
            "entry_id": 22287,
            "spacegroup": "Pm-3m",
            "ntypes": 2,
            "band_gap": 0.0,
            "delta_e": -0.0655237223333351
        },
        {
            "name": "MnAl",
            "entry_id": 10497,
            "spacegroup": "P4/mmm",
            "ntypes": 2,
            "band_gap": 0.0,
            "delta_e": -0.26763608189655
        },
        {
            "name": "NdAl",
            "entry_id": 19476,
            "spacegroup": "Pm-3m",
            "ntypes": 2,
            "band_gap": 0.0,
            "delta_e": -0.3524127925
        },
        {
            "name": "AlBi",
            "entry_id": 22537,
            "spacegroup": "F-43m",
            "ntypes": 2,
            "band_gap": 0.342,
            "delta_e": 0.0592433175000004
        },
        {
            "name": "AlP",
            "entry_id": 4641,
            "spacegroup": "F-43m",
            "ntypes": 2,
            "band_gap": 1.751,
            "delta_e": -0.736775389479969
        },
        {
            "name": "AlRu",
            "entry_id": 18193,
            "spacegroup": "Pm-3m",
            "ntypes": 2,
            "band_gap": 0.0,
            "delta_e": -0.66275832
        },
        {
            "name": "TiAl",
            "entry_id": 18721,
            "spacegroup": "P4/mmm",
            "ntypes": 2,
            "band_gap": 0.0,
            "delta_e": -0.436030726893132
        },
        {
            "name": "AlNi",
            "entry_id": 10516,
            "spacegroup": "Pm-3m",
            "ntypes": 2,
            "band_gap": 0.0,
            "delta_e": -0.669379795
        },
        {
            "name": "AlO",
            "entry_id": 5632,
            "spacegroup": "Fm-3m",
            "ntypes": 2,
            "band_gap": 0.0,
            "delta_e": -1.41558020793938
        },
        {
            "name": "AlOs",
            "entry_id": 10544,
            "spacegroup": "Pm-3m",
            "ntypes": 2,
            "band_gap": 0.0,
            "delta_e": -0.39558665
        },
        {
            "name": "AlPd",
            "entry_id": 10550,
            "spacegroup": "Pm-3m",
            "ntypes": 2,
            "band_gap": 0.0,
            "delta_e": -0.875974275
        },
        {
            "name": "SmAl",
            "entry_id": 10542,
            "spacegroup": "Pm-3m",
            "ntypes": 2,
            "band_gap": 0.0,
            "delta_e": -0.37334288375
        },
        {
            "name": "PrAl",
            "entry_id": 10558,
            "spacegroup": "Pm-3m",
            "ntypes": 2,
            "band_gap": 0.0,
            "delta_e": -0.33769230375
        },
        {
            "name": "AlPt",
            "entry_id": 10561,
            "spacegroup": "Pm-3m",
            "ntypes": 2,
            "band_gap": 0.0,
            "delta_e": -0.93678468
        },
        {
            "name": "ScAl",
            "entry_id": 10539,
            "spacegroup": "Pm-3m",
            "ntypes": 2,
            "band_gap": 0.0,
            "delta_e": -0.4495093125
        },
        {
            "name": "AlRh",
            "entry_id": 10576,
            "spacegroup": "Pm-3m",
            "ntypes": 2,
            "band_gap": 0.0,
            "delta_e": -1.09711632
        },
        {
            "name": "AlSb",
            "entry_id": 4708,
            "spacegroup": "F-43m",
            "ntypes": 2,
            "band_gap": 1.376,
            "delta_e": -0.1677793025
        },
        {
            "name": "AlRe",
            "entry_id": 10573,
            "spacegroup": "Pm-3m",
            "ntypes": 2,
            "band_gap": 0.0,
            "delta_e": 0.0126065124999997
        },
        {
            "name": "MnAl",
            "entry_id": 27877,
            "spacegroup": "P4/mmm",
            "ntypes": 2,
            "band_gap": 0.0,
            "delta_e": -0.267648506896551
        },
        {
            "name": "GdAl",
            "entry_id": 19332,
            "spacegroup": "Pm-3m",
            "ntypes": 2,
            "band_gap": 0.0,
            "delta_e": -0.39157313875
        },
        {
            "name": "AlAs",
            "entry_id": 12376,
            "spacegroup": "F-43m",
            "ntypes": 2,
            "band_gap": 1.627,
            "delta_e": -0.4878186225
        },
        {
            "name": "YAl",
            "entry_id": 10609,
            "spacegroup": "Pm-3m",
            "ntypes": 2,
            "band_gap": 0.0,
            "delta_e": -0.4167731625
        },
        {
            "name": "AlSn",
            "entry_id": 18717,
            "spacegroup": "P-6m2",
            "ntypes": 2,
            "band_gap": 0.0,
            "delta_e": 0.210924821574399
        },
        {
            "name": "AlAu",
            "entry_id": 10381,
            "spacegroup": "Pm-3m",
            "ntypes": 2,
            "band_gap": 0.0,
            "delta_e": -0.24622367
        },
        {
            "name": "CeAl",
            "entry_id": 10401,
            "spacegroup": "Pm-3m",
            "ntypes": 2,
            "band_gap": 0.0,
            "delta_e": -0.31812355375
        },
        {
            "name": "AlCr2",
            "entry_id": 10426,
            "spacegroup": "I4/mmm",
            "ntypes": 2,
            "band_gap": 0.0,
            "delta_e": -0.136904650000001
        },
        {
            "name": "AlFe",
            "entry_id": 20929,
            "spacegroup": "Pm-3m",
            "ntypes": 2,
            "band_gap": 0.0,
            "delta_e": -0.331671410000001
        },
        {
            "name": "AlB2",
            "entry_id": 8221,
            "spacegroup": "P6/mmm",
            "ntypes": 2,
            "band_gap": 0.0,
            "delta_e": -0.0439105700000001
        },
        {
            "name": "AlTc2",
            "entry_id": 27972,
            "spacegroup": "I4/mmm",
            "ntypes": 2,
            "band_gap": 0.0,
            "delta_e": -0.413644456666667
        },
        {
            "name": "Al2Cu",
            "entry_id": 19477,
            "spacegroup": "P4/mmm",
            "ntypes": 2,
            "band_gap": 0.0,
            "delta_e": -0.0235837033333333
        },
        {
            "name": "Al2Os",
            "entry_id": 10545,
            "spacegroup": "I4/mmm",
            "ntypes": 2,
            "band_gap": 0.418000000000001,
            "delta_e": -0.561887096666667
        },
        {
            "name": "Al2Ru",
            "entry_id": 27949,
            "spacegroup": "I4/mmm",
            "ntypes": 2,
            "band_gap": 0.0,
            "delta_e": -0.679099716666666
        },
        {
            "name": "ThAl2",
            "entry_id": 3101,
            "spacegroup": "P6/mmm",
            "ntypes": 2,
            "band_gap": 0.0,
            "delta_e": -0.44968633
        },
        {
            "name": "Al2Pt",
            "entry_id": 10564,
            "spacegroup": "Fm-3m",
            "ntypes": 2,
            "band_gap": 0.0,
            "delta_e": -0.89727338
        },
        {
            "name": "LiAlGe",
            "entry_id": 19560,
            "spacegroup": "F-43m",
            "ntypes": 3,
            "band_gap": 0.0,
            "delta_e": -0.298188351666667
        },
        {
            "name": "CaAlSi",
            "entry_id": 20616,
            "spacegroup": "P-6m2",
            "ntypes": 3,
            "band_gap": 0.0,
            "delta_e": -0.392200238333334
        },
        {
            "name": "AlRe2",
            "entry_id": 10574,
            "spacegroup": "I4/mmm",
            "ntypes": 2,
            "band_gap": 0.0,
            "delta_e": -0.256235926666667
        },
        {
            "name": "Al2Pd",
            "entry_id": 10553,
            "spacegroup": "Fm-3m",
            "ntypes": 2,
            "band_gap": 0.0,
            "delta_e": -0.618548673333333
        },
        {
            "name": "SrAlSi",
            "entry_id": 20617,
            "spacegroup": "P-6m2",
            "ntypes": 3,
            "band_gap": 0.0,
            "delta_e": -0.398337368333334
        },
        {
            "name": "BaAlSi",
            "entry_id": 20618,
            "spacegroup": "P-6m2",
            "ntypes": 3,
            "band_gap": 0.0,
            "delta_e": -0.383148148333334
        },
        {
            "name": "BeAlB",
            "entry_id": 8057,
            "spacegroup": "F-43m",
            "ntypes": 3,
            "band_gap": 0.0,
            "delta_e": -0.0524589966666665
        },
        {
            "name": "SrAlGe",
            "entry_id": 21148,
            "spacegroup": "P-6m2",
            "ntypes": 3,
            "band_gap": 0.0,
            "delta_e": -0.469336445
        },
        {
            "name": "Al2O",
            "entry_id": 5631,
            "spacegroup": "Fm-3m",
            "ntypes": 2,
            "band_gap": 0.0,
            "delta_e": -0.0480285452929182
        },
        {
            "name": "Al2Au",
            "entry_id": 10384,
            "spacegroup": "Fm-3m",
            "ntypes": 2,
            "band_gap": 0.0,
            "delta_e": -0.424091566666666
        },
        {
            "name": "BaAlGe",
            "entry_id": 21149,
            "spacegroup": "P-6m2",
            "ntypes": 3,
            "band_gap": 0.0,
            "delta_e": -0.469612145
        },
        {
            "name": "AlAu2",
            "entry_id": 27652,
            "spacegroup": "I4/mmm",
            "ntypes": 2,
            "band_gap": 0.0,
            "delta_e": -0.310185966666667
        }
    ],
    "meta": {
        "query": {
            "representation": "http://oqmd.org/oqmdapi/formationenergy?fields=name,entry_id,spacegroup,ntypes,band_gap,delta_e&filter=element_set=(Al)"
        },
        "api_version": "1.0",
        "time_stamp": "2023-08-05 10:01:36",
        "data_returned": 50,
        "data_available": 48883,
        "comments": "",
        "query_tree": "",
        "more_data_available": true
    },
    "response_message": "OK"
}