{
    "links": {
        "next": "http://oqmd.org/oqmdapi/formationenergy?fields=name%2Centry_id%2Cspacegroup%2Cntypes%2Cband_gap%2Cdelta_e&filter=element_set%3D%28Au%29&limit=50&offset=50",
        "previous": null,
        "base_url": {
            "href": "https://oqmd.org/oqmdapi",
            "meta": {
                "_oqmd_version": "1.0"
            }
        }
    },
    "resource": {},
    "data": [
        {
            "name": "MnAu",
            "entry_id": 19149,
            "spacegroup": "Pm-3m",
            "ntypes": 2,
            "band_gap": 0.0,
            "delta_e": -0.0137219018965506
        },
        {
            "name": "CuAu",
            "entry_id": 31283,
            "spacegroup": "P4/mmm",
            "ntypes": 2,
            "band_gap": 0.0,
            "delta_e": -0.052771855
        },
        {
            "name": "MnAu",
            "entry_id": 19150,
            "spacegroup": "P4/mmm",
            "ntypes": 2,
            "band_gap": 0.0,
            "delta_e": -0.0129459318965504
        },
        {
            "name": "CdAu",
            "entry_id": 10705,
            "spacegroup": "Pm-3m",
            "ntypes": 2,
            "band_gap": 0.0,
            "delta_e": -0.17990844
        },
        {
            "name": "CsAu",
            "entry_id": 10711,
            "spacegroup": "Pm-3m",
            "ntypes": 2,
            "band_gap": 1.04,
            "delta_e": -0.32039294
        },
        {
            "name": "RbAu",
            "entry_id": 10712,
            "spacegroup": "Pm-3m",
            "ntypes": 2,
            "band_gap": 0.392,
            "delta_e": -0.27690996
        },
        {
            "name": "DyAu",
            "entry_id": 10715,
            "spacegroup": "Pm-3m",
            "ntypes": 2,
            "band_gap": 0.0,
            "delta_e": -0.864565018333335
        },
        {
            "name": "ErAu",
            "entry_id": 10720,
            "spacegroup": "Pm-3m",
            "ntypes": 2,
            "band_gap": 0.0,
            "delta_e": -0.88506276
        },
        {
            "name": "GdAu",
            "entry_id": 10729,
            "spacegroup": "Pm-3m",
            "ntypes": 2,
            "band_gap": 0.0,
            "delta_e": -0.83999823875
        },
        {
            "name": "HoAu",
            "entry_id": 10736,
            "spacegroup": "Pm-3m",
            "ntypes": 2,
            "band_gap": 0.0,
            "delta_e": -0.875037941666665
        },
        {
            "name": "AuC",
            "entry_id": 21518,
            "spacegroup": "P-6m2",
            "ntypes": 2,
            "band_gap": 0.0,
            "delta_e": 2.24080755125
        },
        {
            "name": "MgAu",
            "entry_id": 10777,
            "spacegroup": "Pm-3m",
            "ntypes": 2,
            "band_gap": 0.0,
            "delta_e": -0.615378534583335
        },
        {
            "name": "NdAu",
            "entry_id": 10789,
            "spacegroup": "Pm-3m",
            "ntypes": 2,
            "band_gap": 0.0,
            "delta_e": -0.7672467325
        },
        {
            "name": "PrAu",
            "entry_id": 10793,
            "spacegroup": "Pm-3m",
            "ntypes": 2,
            "band_gap": 0.0,
            "delta_e": -0.74871187375
        },
        {
            "name": "TmAu",
            "entry_id": 10817,
            "spacegroup": "Pm-3m",
            "ntypes": 2,
            "band_gap": 0.0,
            "delta_e": -0.893549525
        },
        {
            "name": "ScAu",
            "entry_id": 10797,
            "spacegroup": "Pm-3m",
            "ntypes": 2,
            "band_gap": 0.0,
            "delta_e": -0.8037018025
        },
        {
            "name": "SmAu",
            "entry_id": 10799,
            "spacegroup": "Pm-3m",
            "ntypes": 2,
            "band_gap": 0.0,
            "delta_e": -0.80073676375
        },
        {
            "name": "LuAu",
            "entry_id": 10775,
            "spacegroup": "Pm-3m",
            "ntypes": 2,
            "band_gap": 0.0,
            "delta_e": -0.901567857499999
        },
        {
            "name": "ZnAu",
            "entry_id": 18741,
            "spacegroup": "Pm-3m",
            "ntypes": 2,
            "band_gap": 0.0,
            "delta_e": -0.21553083
        },
        {
            "name": "TbAu",
            "entry_id": 10810,
            "spacegroup": "Pm-3m",
            "ntypes": 2,
            "band_gap": 0.0,
            "delta_e": -0.524167797333335
        },
        {
            "name": "TiAu",
            "entry_id": 10813,
            "spacegroup": "Pm-3m",
            "ntypes": 2,
            "band_gap": 0.0,
            "delta_e": -0.334146896893132
        },
        {
            "name": "YbAu",
            "entry_id": 10823,
            "spacegroup": "Pm-3m",
            "ntypes": 2,
            "band_gap": 0.0,
            "delta_e": -0.95823176
        },
        {
            "name": "YAu",
            "entry_id": 10822,
            "spacegroup": "Pm-3m",
            "ntypes": 2,
            "band_gap": 0.0,
            "delta_e": -0.8617863925
        },
        {
            "name": "AuN",
            "entry_id": 21327,
            "spacegroup": "Fm-3m",
            "ntypes": 2,
            "band_gap": 0.0,
            "delta_e": 1.57789847232825
        },
        {
            "name": "AuN",
            "entry_id": 21338,
            "spacegroup": "F-43m",
            "ntypes": 2,
            "band_gap": 0.0,
            "delta_e": 1.61101255732825
        },
        {
            "name": "CuAu",
            "entry_id": 7823,
            "spacegroup": "P4/mmm",
            "ntypes": 2,
            "band_gap": 0.0,
            "delta_e": -0.0527098800000001
        },
        {
            "name": "AlAu",
            "entry_id": 10381,
            "spacegroup": "Pm-3m",
            "ntypes": 2,
            "band_gap": 0.0,
            "delta_e": -0.24622367
        },
        {
            "name": "AuCN",
            "entry_id": 20934,
            "spacegroup": "P6mm",
            "ntypes": 3,
            "band_gap": 1.063,
            "delta_e": 0.323589545718831
        },
        {
            "name": "YbAu2",
            "entry_id": 10688,
            "spacegroup": "I4/mmm",
            "ntypes": 2,
            "band_gap": 0.0,
            "delta_e": -0.81394519
        },
        {
            "name": "BaAu2",
            "entry_id": 10693,
            "spacegroup": "P6/mmm",
            "ntypes": 2,
            "band_gap": 0.0,
            "delta_e": -0.735737053333333
        },
        {
            "name": "ThSiAu",
            "entry_id": 13496,
            "spacegroup": "P-6m2",
            "ntypes": 3,
            "band_gap": 0.0,
            "delta_e": -0.775884208333333
        },
        {
            "name": "HoAu2",
            "entry_id": 10738,
            "spacegroup": "I4/mmm",
            "ntypes": 2,
            "band_gap": 0.0,
            "delta_e": -0.874788314444444
        },
        {
            "name": "ScAu2",
            "entry_id": 28211,
            "spacegroup": "I4/mmm",
            "ntypes": 2,
            "band_gap": 0.0,
            "delta_e": -0.816255135
        },
        {
            "name": "YAu2",
            "entry_id": 28232,
            "spacegroup": "I4/mmm",
            "ntypes": 2,
            "band_gap": 0.0,
            "delta_e": -0.859535838333333
        },
        {
            "name": "CaBiAu",
            "entry_id": 10697,
            "spacegroup": "F-43m",
            "ntypes": 3,
            "band_gap": 0.0,
            "delta_e": -0.743116621666666
        },
        {
            "name": "Ga2Au",
            "entry_id": 10726,
            "spacegroup": "Fm-3m",
            "ntypes": 2,
            "band_gap": 0.0,
            "delta_e": -0.232962903333333
        },
        {
            "name": "TmAu2",
            "entry_id": 10687,
            "spacegroup": "I4/mmm",
            "ntypes": 2,
            "band_gap": 0.0,
            "delta_e": -0.887244586666667
        },
        {
            "name": "Hf2Au",
            "entry_id": 10733,
            "spacegroup": "I4/mmm",
            "ntypes": 2,
            "band_gap": 0.0,
            "delta_e": -0.439168886666666
        },
        {
            "name": "ErAu2",
            "entry_id": 10721,
            "spacegroup": "I4/mmm",
            "ntypes": 2,
            "band_gap": 0.0,
            "delta_e": -0.88130488
        },
        {
            "name": "LiSbAu",
            "entry_id": 18738,
            "spacegroup": "F-43m",
            "ntypes": 3,
            "band_gap": 0.0,
            "delta_e": -0.331453571666666
        },
        {
            "name": "DyPbAu",
            "entry_id": 10718,
            "spacegroup": "F-43m",
            "ntypes": 3,
            "band_gap": 0.0,
            "delta_e": -0.682196625555557
        },
        {
            "name": "ZrAu2",
            "entry_id": 28235,
            "spacegroup": "I4/mmm",
            "ntypes": 2,
            "band_gap": 0.0,
            "delta_e": -0.574768736666666
        },
        {
            "name": "ThAu2",
            "entry_id": 27299,
            "spacegroup": "P6/mmm",
            "ntypes": 2,
            "band_gap": 0.0,
            "delta_e": -0.723769476666667
        },
        {
            "name": "DyAu2",
            "entry_id": 10716,
            "spacegroup": "I4/mmm",
            "ntypes": 2,
            "band_gap": 0.0,
            "delta_e": -0.86652411888889
        },
        {
            "name": "NbAu2",
            "entry_id": 10788,
            "spacegroup": "P6/mmm",
            "ntypes": 2,
            "band_gap": 0.0,
            "delta_e": -0.119525733333334
        },
        {
            "name": "GdPbAu",
            "entry_id": 10732,
            "spacegroup": "F-43m",
            "ntypes": 3,
            "band_gap": 0.0,
            "delta_e": -0.6982075625
        },
        {
            "name": "ErPbAu",
            "entry_id": 10723,
            "spacegroup": "F-43m",
            "ntypes": 3,
            "band_gap": 0.0,
            "delta_e": -0.661436256666667
        },
        {
            "name": "Zr2Au",
            "entry_id": 18742,
            "spacegroup": "I4/mmm",
            "ntypes": 2,
            "band_gap": 0.0,
            "delta_e": -0.417591043333334
        },
        {
            "name": "Mn2Au",
            "entry_id": 10783,
            "spacegroup": "I4/mmm",
            "ntypes": 2,
            "band_gap": 0.0,
            "delta_e": 0.195185117471265
        },
        {
            "name": "LuSnAu",
            "entry_id": 10776,
            "spacegroup": "F-43m",
            "ntypes": 3,
            "band_gap": 0.0,
            "delta_e": -0.846702067283734
        }
    ],
    "meta": {
        "query": {
            "representation": "http://oqmd.org/oqmdapi/formationenergy?fields=name,entry_id,spacegroup,ntypes,band_gap,delta_e&filter=element_set=(Au)"
        },
        "api_version": "1.0",
        "time_stamp": "2023-08-05 10:00:55",
        "data_returned": 50,
        "data_available": 47153,
        "comments": "",
        "query_tree": "",
        "more_data_available": true
    },
    "response_message": "OK"
}