{
    "links": {
        "next": "http://oqmd.org/oqmdapi/formationenergy?fields=name%2Centry_id%2Cspacegroup%2Cntypes%2Cband_gap%2Cdelta_e&filter=element_set%3D%28Bi%29&limit=50&offset=50",
        "previous": null,
        "base_url": {
            "href": "https://oqmd.org/oqmdapi",
            "meta": {
                "_oqmd_version": "1.0"
            }
        }
    },
    "resource": {},
    "data": [
        {
            "name": "LiBi",
            "entry_id": 10937,
            "spacegroup": "P4/mmm",
            "ntypes": 2,
            "band_gap": 0.0,
            "delta_e": -0.3874247075
        },
        {
            "name": "NaBi",
            "entry_id": 10944,
            "spacegroup": "P4/mmm",
            "ntypes": 2,
            "band_gap": 0.0,
            "delta_e": -0.366483062925824
        },
        {
            "name": "LiBi",
            "entry_id": 28740,
            "spacegroup": "P4/mmm",
            "ntypes": 2,
            "band_gap": 0.0,
            "delta_e": -0.3876001425
        },
        {
            "name": "NaBi",
            "entry_id": 28744,
            "spacegroup": "P4/mmm",
            "ntypes": 2,
            "band_gap": 0.0,
            "delta_e": -0.366611412925824
        },
        {
            "name": "GdBi",
            "entry_id": 10930,
            "spacegroup": "Fm-3m",
            "ntypes": 2,
            "band_gap": 0.0,
            "delta_e": -0.91809511625
        },
        {
            "name": "AlBi",
            "entry_id": 22537,
            "spacegroup": "F-43m",
            "ntypes": 2,
            "band_gap": 0.342,
            "delta_e": 0.0592433175000004
        },
        {
            "name": "TbBi",
            "entry_id": 8157,
            "spacegroup": "Fm-3m",
            "ntypes": 2,
            "band_gap": 0.0,
            "delta_e": -0.570710039833334
        },
        {
            "name": "LuBi",
            "entry_id": 10940,
            "spacegroup": "Fm-3m",
            "ntypes": 2,
            "band_gap": 0.0,
            "delta_e": -0.750151734999999
        },
        {
            "name": "ThBi",
            "entry_id": 10965,
            "spacegroup": "Pm-3m",
            "ntypes": 2,
            "band_gap": 0.0,
            "delta_e": -0.550875097500001
        },
        {
            "name": "ScBi",
            "entry_id": 10963,
            "spacegroup": "Fm-3m",
            "ntypes": 2,
            "band_gap": 0.0,
            "delta_e": -0.681828165
        },
        {
            "name": "HoBi",
            "entry_id": 8120,
            "spacegroup": "Fm-3m",
            "ntypes": 2,
            "band_gap": 0.0,
            "delta_e": -0.857156869166665
        },
        {
            "name": "TmBi",
            "entry_id": 10969,
            "spacegroup": "Fm-3m",
            "ntypes": 2,
            "band_gap": 0.0,
            "delta_e": -0.801530597499999
        },
        {
            "name": "YBi",
            "entry_id": 10971,
            "spacegroup": "Fm-3m",
            "ntypes": 2,
            "band_gap": 0.0,
            "delta_e": -0.91421378
        },
        {
            "name": "PrBi",
            "entry_id": 10957,
            "spacegroup": "Fm-3m",
            "ntypes": 2,
            "band_gap": 0.0,
            "delta_e": -0.98033922125
        },
        {
            "name": "GaBi",
            "entry_id": 21309,
            "spacegroup": "F-43m",
            "ntypes": 2,
            "band_gap": 0.0,
            "delta_e": 0.00436810000000021
        },
        {
            "name": "LaBi",
            "entry_id": 10936,
            "spacegroup": "Fm-3m",
            "ntypes": 2,
            "band_gap": 0.0,
            "delta_e": -1.0646814975
        },
        {
            "name": "BiO",
            "entry_id": 5822,
            "spacegroup": "R3m",
            "ntypes": 2,
            "band_gap": 0.0,
            "delta_e": -0.733636390439377
        },
        {
            "name": "SmBi",
            "entry_id": 18759,
            "spacegroup": "Fm-3m",
            "ntypes": 2,
            "band_gap": 0.0,
            "delta_e": -0.94681631625
        },
        {
            "name": "CeBi",
            "entry_id": 18755,
            "spacegroup": "Pm-3m",
            "ntypes": 2,
            "band_gap": 0.0,
            "delta_e": -0.74125120125
        },
        {
            "name": "NdBi",
            "entry_id": 8297,
            "spacegroup": "Fm-3m",
            "ntypes": 2,
            "band_gap": 0.0,
            "delta_e": -0.970453514999999
        },
        {
            "name": "HoBiPt",
            "entry_id": 10934,
            "spacegroup": "F-43m",
            "ntypes": 3,
            "band_gap": 0.0,
            "delta_e": -1.04625784944444
        },
        {
            "name": "TlBi2",
            "entry_id": 10968,
            "spacegroup": "P6/mmm",
            "ntypes": 2,
            "band_gap": 0.0,
            "delta_e": -0.0142385083333328
        },
        {
            "name": "GdBiPt",
            "entry_id": 10933,
            "spacegroup": "F-43m",
            "ntypes": 3,
            "band_gap": 0.0,
            "delta_e": -1.05266239083333
        },
        {
            "name": "UBi",
            "entry_id": 20918,
            "spacegroup": "Pm-3m",
            "ntypes": 2,
            "band_gap": 0.0,
            "delta_e": 0.10952802
        },
        {
            "name": "CeBi",
            "entry_id": 10918,
            "spacegroup": "P4/mmm",
            "ntypes": 2,
            "band_gap": 0.0,
            "delta_e": -0.80232467625
        },
        {
            "name": "CaBiAu",
            "entry_id": 10697,
            "spacegroup": "F-43m",
            "ntypes": 3,
            "band_gap": 0.0,
            "delta_e": -0.743116621666666
        },
        {
            "name": "DyBi",
            "entry_id": 10925,
            "spacegroup": "Fm-3m",
            "ntypes": 2,
            "band_gap": 0.0,
            "delta_e": -0.878962550833335
        },
        {
            "name": "CeBi",
            "entry_id": 10917,
            "spacegroup": "Fm-3m",
            "ntypes": 2,
            "band_gap": 0.0,
            "delta_e": -0.98757957125
        },
        {
            "name": "GdBiPd",
            "entry_id": 28725,
            "spacegroup": "F-43m",
            "ntypes": 3,
            "band_gap": 0.221,
            "delta_e": -0.9640359675
        },
        {
            "name": "ErBi",
            "entry_id": 10928,
            "spacegroup": "Fm-3m",
            "ntypes": 2,
            "band_gap": 0.0,
            "delta_e": -0.833077022499999
        },
        {
            "name": "BiTeI",
            "entry_id": 2779,
            "spacegroup": "P3m1",
            "ntypes": 3,
            "band_gap": 1.334,
            "delta_e": -0.427603330253882
        },
        {
            "name": "ScNiBi",
            "entry_id": 10948,
            "spacegroup": "F-43m",
            "ntypes": 3,
            "band_gap": 0.438,
            "delta_e": -0.652218226666665
        },
        {
            "name": "HoBiPd",
            "entry_id": 28728,
            "spacegroup": "F-43m",
            "ntypes": 3,
            "band_gap": 0.0,
            "delta_e": -0.945721572777777
        },
        {
            "name": "DyBiPd",
            "entry_id": 28719,
            "spacegroup": "F-43m",
            "ntypes": 3,
            "band_gap": 0.245,
            "delta_e": -0.952693633888889
        },
        {
            "name": "YbBiPd",
            "entry_id": 10956,
            "spacegroup": "F-43m",
            "ntypes": 3,
            "band_gap": 0.0,
            "delta_e": -0.809699521666666
        },
        {
            "name": "GdNiBi",
            "entry_id": 10932,
            "spacegroup": "F-43m",
            "ntypes": 3,
            "band_gap": 0.361000000000001,
            "delta_e": -0.702532014166666
        },
        {
            "name": "LuNiBi",
            "entry_id": 10941,
            "spacegroup": "F-43m",
            "ntypes": 3,
            "band_gap": 0.277,
            "delta_e": -0.661199746666667
        },
        {
            "name": "HoNiBi",
            "entry_id": 28727,
            "spacegroup": "F-43m",
            "ntypes": 3,
            "band_gap": 0.260999999999999,
            "delta_e": -0.693795459444444
        },
        {
            "name": "NpBi",
            "entry_id": 18456,
            "spacegroup": "Fm-3m",
            "ntypes": 2,
            "band_gap": 0.0,
            "delta_e": 0.106636173124999
        },
        {
            "name": "TmNiBi",
            "entry_id": 10949,
            "spacegroup": "F-43m",
            "ntypes": 3,
            "band_gap": 0.272,
            "delta_e": -0.678297475
        },
        {
            "name": "LiMgBi",
            "entry_id": 18757,
            "spacegroup": "F-43m",
            "ntypes": 3,
            "band_gap": 0.794999999999999,
            "delta_e": -0.43146670138889
        },
        {
            "name": "BiTeI",
            "entry_id": 14301,
            "spacegroup": "P3m1",
            "ntypes": 3,
            "band_gap": 1.337,
            "delta_e": -0.423373366920549
        },
        {
            "name": "In2Bi",
            "entry_id": 18756,
            "spacegroup": "P6/mmm",
            "ntypes": 2,
            "band_gap": 0.0,
            "delta_e": 0.0536921516666672
        },
        {
            "name": "CeBiPd",
            "entry_id": 20470,
            "spacegroup": "F-43m",
            "ntypes": 3,
            "band_gap": 0.475000000000001,
            "delta_e": -0.9425239375
        },
        {
            "name": "MgNiBi",
            "entry_id": 13702,
            "spacegroup": "F-43m",
            "ntypes": 3,
            "band_gap": 0.0,
            "delta_e": -0.226555144722223
        },
        {
            "name": "Bi2Pd",
            "entry_id": 10131,
            "spacegroup": "I4/mmm",
            "ntypes": 2,
            "band_gap": 0.0,
            "delta_e": -0.221073466666667
        },
        {
            "name": "NdBiPd",
            "entry_id": 28749,
            "spacegroup": "F-43m",
            "ntypes": 3,
            "band_gap": 0.347,
            "delta_e": -0.959449183333332
        },
        {
            "name": "YBiPd",
            "entry_id": 28759,
            "spacegroup": "F-43m",
            "ntypes": 3,
            "band_gap": 0.0,
            "delta_e": -0.956839679999999
        },
        {
            "name": "YbBiPt",
            "entry_id": 28764,
            "spacegroup": "F-43m",
            "ntypes": 3,
            "band_gap": 0.0,
            "delta_e": -0.866767291666666
        },
        {
            "name": "YbBiAu",
            "entry_id": 18204,
            "spacegroup": "F-43m",
            "ntypes": 3,
            "band_gap": 0.0,
            "delta_e": -0.329165671666667
        }
    ],
    "meta": {
        "query": {
            "representation": "http://oqmd.org/oqmdapi/formationenergy?fields=name,entry_id,spacegroup,ntypes,band_gap,delta_e&filter=element_set=(Bi)"
        },
        "api_version": "1.0",
        "time_stamp": "2023-08-05 10:02:53",
        "data_returned": 50,
        "data_available": 40559,
        "comments": "",
        "query_tree": "",
        "more_data_available": true
    },
    "response_message": "OK"
}