{
    "links": {
        "next": "http://oqmd.org/oqmdapi/formationenergy?fields=name%2Centry_id%2Cspacegroup%2Cntypes%2Cband_gap%2Cdelta_e&filter=element_set%3D%28C%29&limit=50&offset=50",
        "previous": null,
        "base_url": {
            "href": "https://oqmd.org/oqmdapi",
            "meta": {
                "_oqmd_version": "1.0"
            }
        }
    },
    "resource": {},
    "data": [
        {
            "name": "SiC",
            "entry_id": 22472,
            "spacegroup": "Fm-3m",
            "ntypes": 2,
            "band_gap": 0.0,
            "delta_e": 0.53431968375
        },
        {
            "name": "SiC",
            "entry_id": 4566,
            "spacegroup": "F-43m",
            "ntypes": 2,
            "band_gap": 1.586,
            "delta_e": -0.20822938625
        },
        {
            "name": "GeC",
            "entry_id": 22473,
            "spacegroup": "F-43m",
            "ntypes": 2,
            "band_gap": 1.772,
            "delta_e": 0.43360699875
        },
        {
            "name": "ScC",
            "entry_id": 22262,
            "spacegroup": "Pm-3m",
            "ntypes": 2,
            "band_gap": 0.0,
            "delta_e": 0.389169148750001
        },
        {
            "name": "YC",
            "entry_id": 22264,
            "spacegroup": "Pm-3m",
            "ntypes": 2,
            "band_gap": 0.0,
            "delta_e": 0.56832462375
        },
        {
            "name": "SnC",
            "entry_id": 22475,
            "spacegroup": "F-43m",
            "ntypes": 2,
            "band_gap": 0.950000000000001,
            "delta_e": 0.765138412824399
        },
        {
            "name": "SnC",
            "entry_id": 22476,
            "spacegroup": "Fm-3m",
            "ntypes": 2,
            "band_gap": 0.0,
            "delta_e": 1.2495949928244
        },
        {
            "name": "NiC",
            "entry_id": 22221,
            "spacegroup": "Fm-3m",
            "ntypes": 2,
            "band_gap": 0.0,
            "delta_e": 1.10668469625
        },
        {
            "name": "YC",
            "entry_id": 22263,
            "spacegroup": "Fm-3m",
            "ntypes": 2,
            "band_gap": 0.0,
            "delta_e": 0.0361603587500001
        },
        {
            "name": "GeC",
            "entry_id": 22474,
            "spacegroup": "Fm-3m",
            "ntypes": 2,
            "band_gap": 0.0,
            "delta_e": 1.27094250375
        },
        {
            "name": "WC",
            "entry_id": 3084,
            "spacegroup": "P-6m2",
            "ntypes": 2,
            "band_gap": 0.0,
            "delta_e": -0.125658648750001
        },
        {
            "name": "ZrC",
            "entry_id": 22284,
            "spacegroup": "Pm-3m",
            "ntypes": 2,
            "band_gap": 0.0,
            "delta_e": 0.41684113625
        },
        {
            "name": "AuC",
            "entry_id": 21518,
            "spacegroup": "P-6m2",
            "ntypes": 2,
            "band_gap": 0.0,
            "delta_e": 2.24080755125
        },
        {
            "name": "ReC",
            "entry_id": 21515,
            "spacegroup": "P-6m2",
            "ntypes": 2,
            "band_gap": 0.0,
            "delta_e": 0.246177068750001
        },
        {
            "name": "IrC",
            "entry_id": 21516,
            "spacegroup": "P-6m2",
            "ntypes": 2,
            "band_gap": 0.0,
            "delta_e": 1.22474412125
        },
        {
            "name": "PtC",
            "entry_id": 21517,
            "spacegroup": "P-6m2",
            "ntypes": 2,
            "band_gap": 0.0,
            "delta_e": 1.55837404125
        },
        {
            "name": "HfC",
            "entry_id": 4149,
            "spacegroup": "Fm-3m",
            "ntypes": 2,
            "band_gap": 0.0,
            "delta_e": -0.947618221250002
        },
        {
            "name": "VC",
            "entry_id": 4150,
            "spacegroup": "Fm-3m",
            "ntypes": 2,
            "band_gap": 0.0,
            "delta_e": -0.392428928749998
        },
        {
            "name": "TaC",
            "entry_id": 5179,
            "spacegroup": "Fm-3m",
            "ntypes": 2,
            "band_gap": 0.0,
            "delta_e": -0.583268448750001
        },
        {
            "name": "HfC",
            "entry_id": 21513,
            "spacegroup": "P-6m2",
            "ntypes": 2,
            "band_gap": 0.0,
            "delta_e": -0.184368236250002
        },
        {
            "name": "RuC",
            "entry_id": 8182,
            "spacegroup": "P-6m2",
            "ntypes": 2,
            "band_gap": 0.0,
            "delta_e": 0.648549316250001
        },
        {
            "name": "MoC",
            "entry_id": 8112,
            "spacegroup": "Fm-3m",
            "ntypes": 2,
            "band_gap": 0.0,
            "delta_e": 0.214689896249999
        },
        {
            "name": "TaC",
            "entry_id": 21514,
            "spacegroup": "P-6m2",
            "ntypes": 2,
            "band_gap": 0.0,
            "delta_e": -0.169007418750001
        },
        {
            "name": "PtC",
            "entry_id": 22281,
            "spacegroup": "Fm-3m",
            "ntypes": 2,
            "band_gap": 0.0,
            "delta_e": 1.47517076125
        },
        {
            "name": "ScC",
            "entry_id": 21519,
            "spacegroup": "F-43m",
            "ntypes": 2,
            "band_gap": 0.0,
            "delta_e": 0.468741548750001
        },
        {
            "name": "UC",
            "entry_id": 4567,
            "spacegroup": "Fm-3m",
            "ntypes": 2,
            "band_gap": 0.0,
            "delta_e": -0.12693400625
        },
        {
            "name": "ZrC",
            "entry_id": 4151,
            "spacegroup": "Fm-3m",
            "ntypes": 2,
            "band_gap": 0.0,
            "delta_e": -0.812009133749999
        },
        {
            "name": "PtC",
            "entry_id": 22313,
            "spacegroup": "F-43m",
            "ntypes": 2,
            "band_gap": 0.0,
            "delta_e": 0.89982977125
        },
        {
            "name": "CrC",
            "entry_id": 22360,
            "spacegroup": "P-6m2",
            "ntypes": 2,
            "band_gap": 0.0,
            "delta_e": 0.00025224625000142
        },
        {
            "name": "PuC",
            "entry_id": 6101,
            "spacegroup": "Fm-3m",
            "ntypes": 2,
            "band_gap": 0.0,
            "delta_e": 0.101179361249999
        },
        {
            "name": "WC",
            "entry_id": 20565,
            "spacegroup": "Fm-3m",
            "ntypes": 2,
            "band_gap": 0.0,
            "delta_e": 0.32366415625
        },
        {
            "name": "MoC",
            "entry_id": 13907,
            "spacegroup": "P-6m2",
            "ntypes": 2,
            "band_gap": 0.0,
            "delta_e": -0.0880465137500011
        },
        {
            "name": "PdC",
            "entry_id": 22370,
            "spacegroup": "Fm-3m",
            "ntypes": 2,
            "band_gap": 0.0,
            "delta_e": 1.48466575125
        },
        {
            "name": "ScC",
            "entry_id": 8113,
            "spacegroup": "Fm-3m",
            "ntypes": 2,
            "band_gap": 0.0,
            "delta_e": -0.144528211249999
        },
        {
            "name": "AgC",
            "entry_id": 22368,
            "spacegroup": "F-43m",
            "ntypes": 2,
            "band_gap": 0.0,
            "delta_e": 2.2487658525
        },
        {
            "name": "ThC",
            "entry_id": 8063,
            "spacegroup": "Fm-3m",
            "ntypes": 2,
            "band_gap": 0.0,
            "delta_e": -0.28022727375
        },
        {
            "name": "PtC",
            "entry_id": 22314,
            "spacegroup": "Fm-3m",
            "ntypes": 2,
            "band_gap": 0.0,
            "delta_e": 1.47515117125
        },
        {
            "name": "NbC",
            "entry_id": 5178,
            "spacegroup": "Fm-3m",
            "ntypes": 2,
            "band_gap": 0.0,
            "delta_e": -0.46718480875
        },
        {
            "name": "TiC",
            "entry_id": 1949,
            "spacegroup": "Fm-3m",
            "ntypes": 2,
            "band_gap": 0.0,
            "delta_e": -0.804124935643131
        },
        {
            "name": "CrC",
            "entry_id": 10280,
            "spacegroup": "Fm-3m",
            "ntypes": 2,
            "band_gap": 0.0,
            "delta_e": 0.172854871250001
        },
        {
            "name": "RuC",
            "entry_id": 22367,
            "spacegroup": "F-43m",
            "ntypes": 2,
            "band_gap": 0.696,
            "delta_e": 0.47968501625
        },
        {
            "name": "LaC",
            "entry_id": 21512,
            "spacegroup": "P-6m2",
            "ntypes": 2,
            "band_gap": 0.0,
            "delta_e": 0.56274349625
        },
        {
            "name": "PuC",
            "entry_id": 13939,
            "spacegroup": "Fm-3m",
            "ntypes": 2,
            "band_gap": 0.0,
            "delta_e": 0.101481876249998
        },
        {
            "name": "PaC",
            "entry_id": 18776,
            "spacegroup": "Fm-3m",
            "ntypes": 2,
            "band_gap": 0.0,
            "delta_e": -0.45485912875
        },
        {
            "name": "AuCN",
            "entry_id": 20934,
            "spacegroup": "P6mm",
            "ntypes": 3,
            "band_gap": 1.063,
            "delta_e": 0.323589545718831
        },
        {
            "name": "ReC",
            "entry_id": 13946,
            "spacegroup": "Fm-3m",
            "ntypes": 2,
            "band_gap": 0.0,
            "delta_e": 0.953634028750001
        },
        {
            "name": "RhC",
            "entry_id": 22369,
            "spacegroup": "Fm-3m",
            "ntypes": 2,
            "band_gap": 0.0,
            "delta_e": 1.08092071125
        },
        {
            "name": "AgCN",
            "entry_id": 15297,
            "spacegroup": "R3m",
            "ntypes": 3,
            "band_gap": 3.218,
            "delta_e": 0.417826106552165
        },
        {
            "name": "CIN",
            "entry_id": 14048,
            "spacegroup": "R3m",
            "ntypes": 3,
            "band_gap": 4.343,
            "delta_e": 0.436049751576058
        },
        {
            "name": "TlC",
            "entry_id": 28939,
            "spacegroup": "Fm-3m",
            "ntypes": 2,
            "band_gap": 0.0,
            "delta_e": 2.10097285375
        }
    ],
    "meta": {
        "query": {
            "representation": "http://oqmd.org/oqmdapi/formationenergy?fields=name,entry_id,spacegroup,ntypes,band_gap,delta_e&filter=element_set=(C)"
        },
        "api_version": "1.0",
        "time_stamp": "2023-08-01 00:12:31",
        "data_returned": 50,
        "data_available": 17692,
        "comments": "",
        "query_tree": "",
        "more_data_available": true
    },
    "response_message": "OK"
}