{
    "links": {
        "next": null,
        "previous": null,
        "base_url": {
            "href": "https://oqmd.org/oqmdapi",
            "meta": {
                "_oqmd_version": "1.0"
            }
        }
    },
    "resource": {},
    "data": [],
    "meta": {
        "query": {
            "representation": "http://oqmd.org/oqmdapi/formationenergy?fields=name,entry_id,spacegroup,ntypes,band_gap,delta_e&filter=element_set=(Cf)"
        },
        "api_version": "1.0",
        "time_stamp": "2023-08-01 00:10:50",
        "data_returned": 0,
        "data_available": 0,
        "comments": "",
        "query_tree": "",
        "more_data_available": false
    },
    "response_message": "OK"
}