{
    "links": {
        "next": "http://oqmd.org/oqmdapi/formationenergy?fields=name%2Centry_id%2Cspacegroup%2Cntypes%2Cband_gap%2Cdelta_e&filter=element_set%3D%28Cu%29&limit=50&offset=50",
        "previous": null,
        "base_url": {
            "href": "https://oqmd.org/oqmdapi",
            "meta": {
                "_oqmd_version": "1.0"
            }
        }
    },
    "resource": {},
    "data": [
        {
            "name": "CuAu",
            "entry_id": 31283,
            "spacegroup": "P4/mmm",
            "ntypes": 2,
            "band_gap": 0.0,
            "delta_e": -0.052771855
        },
        {
            "name": "YCu",
            "entry_id": 20721,
            "spacegroup": "Pm-3m",
            "ntypes": 2,
            "band_gap": 0.0,
            "delta_e": -0.2439484175
        },
        {
            "name": "ScCu",
            "entry_id": 29784,
            "spacegroup": "Pm-3m",
            "ntypes": 2,
            "band_gap": 0.0,
            "delta_e": -0.2764692475
        },
        {
            "name": "CuO",
            "entry_id": 11469,
            "spacegroup": "Fm-3m",
            "ntypes": 2,
            "band_gap": 0.0,
            "delta_e": -0.673435953782877
        },
        {
            "name": "CuN",
            "entry_id": 20469,
            "spacegroup": "F-43m",
            "ntypes": 2,
            "band_gap": 0.0,
            "delta_e": 0.893523122328247
        },
        {
            "name": "TbCu",
            "entry_id": 29816,
            "spacegroup": "Pm-3m",
            "ntypes": 2,
            "band_gap": 0.0,
            "delta_e": 0.0908796526666649
        },
        {
            "name": "TbCu",
            "entry_id": 17168,
            "spacegroup": "P4/mmm",
            "ntypes": 2,
            "band_gap": 0.0,
            "delta_e": 0.0897796526666648
        },
        {
            "name": "TmCu",
            "entry_id": 29826,
            "spacegroup": "Pm-3m",
            "ntypes": 2,
            "band_gap": 0.0,
            "delta_e": -0.29091382
        },
        {
            "name": "ZrCu",
            "entry_id": 29834,
            "spacegroup": "Pm-3m",
            "ntypes": 2,
            "band_gap": 0.0,
            "delta_e": -0.106489105000001
        },
        {
            "name": "TiCu",
            "entry_id": 17170,
            "spacegroup": "P4/mmm",
            "ntypes": 2,
            "band_gap": 0.0,
            "delta_e": -0.0682901168931318
        },
        {
            "name": "CuCl",
            "entry_id": 14102,
            "spacegroup": "Fm-3m",
            "ntypes": 2,
            "band_gap": 0.548999999999999,
            "delta_e": -0.396376637809561
        },
        {
            "name": "CuBr",
            "entry_id": 14105,
            "spacegroup": "Fm-3m",
            "ntypes": 2,
            "band_gap": 0.422,
            "delta_e": -0.240067168707918
        },
        {
            "name": "CuPd",
            "entry_id": 22410,
            "spacegroup": "Pm-3m",
            "ntypes": 2,
            "band_gap": 0.0,
            "delta_e": -0.126312169999999
        },
        {
            "name": "GdCu",
            "entry_id": 29642,
            "spacegroup": "Pm-3m",
            "ntypes": 2,
            "band_gap": 0.0,
            "delta_e": -0.22178002875
        },
        {
            "name": "CuAu",
            "entry_id": 7823,
            "spacegroup": "P4/mmm",
            "ntypes": 2,
            "band_gap": 0.0,
            "delta_e": -0.0527098800000001
        },
        {
            "name": "CuCl",
            "entry_id": 4497,
            "spacegroup": "F-43m",
            "ntypes": 2,
            "band_gap": 0.641,
            "delta_e": -0.573232312809561
        },
        {
            "name": "CuBr",
            "entry_id": 4498,
            "spacegroup": "F-43m",
            "ntypes": 2,
            "band_gap": 0.617,
            "delta_e": -0.420937653707918
        },
        {
            "name": "ErCu",
            "entry_id": 18818,
            "spacegroup": "Pm-3m",
            "ntypes": 2,
            "band_gap": 0.0,
            "delta_e": -0.278675555
        },
        {
            "name": "DyCu",
            "entry_id": 19333,
            "spacegroup": "Pm-3m",
            "ntypes": 2,
            "band_gap": 0.0,
            "delta_e": -0.251309238333335
        },
        {
            "name": "HoCu",
            "entry_id": 29686,
            "spacegroup": "Pm-3m",
            "ntypes": 2,
            "band_gap": 0.0,
            "delta_e": -0.267041156666665
        },
        {
            "name": "BeCu",
            "entry_id": 10879,
            "spacegroup": "Pm-3m",
            "ntypes": 2,
            "band_gap": 0.0,
            "delta_e": -0.095546165
        },
        {
            "name": "CuI",
            "entry_id": 2466,
            "spacegroup": "F-43m",
            "ntypes": 2,
            "band_gap": 1.195,
            "delta_e": -0.246013716214159
        },
        {
            "name": "ZnCu",
            "entry_id": 10128,
            "spacegroup": "Pm-3m",
            "ntypes": 2,
            "band_gap": 0.0,
            "delta_e": -0.0905041150000003
        },
        {
            "name": "EuCu",
            "entry_id": 18819,
            "spacegroup": "Pm-3m",
            "ntypes": 2,
            "band_gap": 0.0,
            "delta_e": -0.222214665
        },
        {
            "name": "Cu2S",
            "entry_id": 29771,
            "spacegroup": "Fm-3m",
            "ntypes": 2,
            "band_gap": 0.0,
            "delta_e": -0.152844774671119
        },
        {
            "name": "Ga2Cu",
            "entry_id": 17141,
            "spacegroup": "P4/mmm",
            "ntypes": 2,
            "band_gap": 0.0,
            "delta_e": -0.0786815166666669
        },
        {
            "name": "Al2Cu",
            "entry_id": 19477,
            "spacegroup": "P4/mmm",
            "ntypes": 2,
            "band_gap": 0.0,
            "delta_e": -0.0235837033333333
        },
        {
            "name": "MnCuSb",
            "entry_id": 7955,
            "spacegroup": "F-43m",
            "ntypes": 3,
            "band_gap": 0.0,
            "delta_e": 0.095840883735633
        },
        {
            "name": "ScCu2",
            "entry_id": 29783,
            "spacegroup": "I4/mmm",
            "ntypes": 2,
            "band_gap": 0.0,
            "delta_e": -0.256887915
        },
        {
            "name": "ThCu2",
            "entry_id": 3098,
            "spacegroup": "P6/mmm",
            "ntypes": 2,
            "band_gap": 0.0,
            "delta_e": -0.198929253333333
        },
        {
            "name": "CuCl2",
            "entry_id": 5084,
            "spacegroup": "C2/m",
            "ntypes": 2,
            "band_gap": 0.0,
            "delta_e": -0.711210633746082
        },
        {
            "name": "Cu2Se",
            "entry_id": 10059,
            "spacegroup": "Fm-3m",
            "ntypes": 2,
            "band_gap": 0.0,
            "delta_e": 0.00545049333333303
        },
        {
            "name": "MgCuSb",
            "entry_id": 13949,
            "spacegroup": "F-43m",
            "ntypes": 3,
            "band_gap": 0.0,
            "delta_e": -0.282868568055556
        },
        {
            "name": "Zr2Cu",
            "entry_id": 19518,
            "spacegroup": "I4/mmm",
            "ntypes": 2,
            "band_gap": 0.0,
            "delta_e": -0.136641953333334
        },
        {
            "name": "CuBr2",
            "entry_id": 25011,
            "spacegroup": "C2/m",
            "ntypes": 2,
            "band_gap": 0.0,
            "delta_e": -0.511305058277224
        },
        {
            "name": "Ti2Cu",
            "entry_id": 3229,
            "spacegroup": "I4/mmm",
            "ntypes": 2,
            "band_gap": 0.0,
            "delta_e": -0.15902282585751
        },
        {
            "name": "Cu2Se",
            "entry_id": 5780,
            "spacegroup": "F-43m",
            "ntypes": 2,
            "band_gap": 0.0,
            "delta_e": 0.0233041333333333
        },
        {
            "name": "MgCuSn",
            "entry_id": 29730,
            "spacegroup": "F-43m",
            "ntypes": 3,
            "band_gap": 0.0,
            "delta_e": -0.213858978672624
        },
        {
            "name": "AlCu3",
            "entry_id": 19408,
            "spacegroup": "Fm-3m",
            "ntypes": 2,
            "band_gap": 0.0,
            "delta_e": -0.1675233825
        },
        {
            "name": "YbCuGe",
            "entry_id": 23181,
            "spacegroup": "F-43m",
            "ntypes": 3,
            "band_gap": 0.0,
            "delta_e": -0.353729145
        },
        {
            "name": "Hf2Cu",
            "entry_id": 29680,
            "spacegroup": "I4/mmm",
            "ntypes": 2,
            "band_gap": 0.0,
            "delta_e": -0.161002953333334
        },
        {
            "name": "LaCu2",
            "entry_id": 29715,
            "spacegroup": "P6/mmm",
            "ntypes": 2,
            "band_gap": 0.0,
            "delta_e": -0.222254386666667
        },
        {
            "name": "MgCuBi",
            "entry_id": 10922,
            "spacegroup": "F-43m",
            "ntypes": 3,
            "band_gap": 0.0,
            "delta_e": -0.133186108055556
        },
        {
            "name": "CuI",
            "entry_id": 20689,
            "spacegroup": "R-3m",
            "ntypes": 2,
            "band_gap": 0.0,
            "delta_e": 0.00334960628584158
        },
        {
            "name": "LiCu2Si",
            "entry_id": 3009,
            "spacegroup": "Fm-3m",
            "ntypes": 3,
            "band_gap": 0.0,
            "delta_e": -0.22541949625
        },
        {
            "name": "AlCrCu2",
            "entry_id": 10427,
            "spacegroup": "Fm-3m",
            "ntypes": 3,
            "band_gap": 0.0,
            "delta_e": -0.0028507900000001
        },
        {
            "name": "LiCu2Ge",
            "entry_id": 3010,
            "spacegroup": "Fm-3m",
            "ntypes": 3,
            "band_gap": 0.0,
            "delta_e": -0.18870929125
        },
        {
            "name": "CuPt",
            "entry_id": 18532,
            "spacegroup": "R-3m",
            "ntypes": 2,
            "band_gap": 0.0,
            "delta_e": -0.169202885
        },
        {
            "name": "NaCuO2",
            "entry_id": 2985,
            "spacegroup": "P-1",
            "ntypes": 3,
            "band_gap": 0.749,
            "delta_e": -1.23541745107404
        },
        {
            "name": "TaCuN2",
            "entry_id": 12727,
            "spacegroup": "R-3m",
            "ntypes": 3,
            "band_gap": 0.672,
            "delta_e": -0.644014940171754
        }
    ],
    "meta": {
        "query": {
            "representation": "http://oqmd.org/oqmdapi/formationenergy?fields=name,entry_id,spacegroup,ntypes,band_gap,delta_e&filter=element_set=(Cu)"
        },
        "api_version": "1.0",
        "time_stamp": "2023-08-05 10:01:24",
        "data_returned": 50,
        "data_available": 75974,
        "comments": "",
        "query_tree": "",
        "more_data_available": true
    },
    "response_message": "OK"
}