{
    "links": {
        "next": "http://oqmd.org/oqmdapi/formationenergy?fields=name%2Centry_id%2Cspacegroup%2Cntypes%2Cband_gap%2Cdelta_e&filter=element_set%3D%28Ga%29&limit=50&offset=50",
        "previous": null,
        "base_url": {
            "href": "https://oqmd.org/oqmdapi",
            "meta": {
                "_oqmd_version": "1.0"
            }
        }
    },
    "resource": {},
    "data": [
        {
            "name": "Ga",
            "entry_id": 8115,
            "spacegroup": "Cmcm",
            "ntypes": 1,
            "band_gap": 0.0,
            "delta_e": 0.0237490399999998
        },
        {
            "name": "GaNi",
            "entry_id": 30309,
            "spacegroup": "Pm-3m",
            "ntypes": 2,
            "band_gap": 0.0,
            "delta_e": -0.3757070325
        },
        {
            "name": "TiGa",
            "entry_id": 30357,
            "spacegroup": "P4/mmm",
            "ntypes": 2,
            "band_gap": 0.0,
            "delta_e": -0.503551294393132
        },
        {
            "name": "YbGa",
            "entry_id": 30370,
            "spacegroup": "P4/mmm",
            "ntypes": 2,
            "band_gap": 0.0,
            "delta_e": -0.5229307875
        },
        {
            "name": "GaIr",
            "entry_id": 17248,
            "spacegroup": "Pm-3m",
            "ntypes": 2,
            "band_gap": 0.0,
            "delta_e": -0.3878277475
        },
        {
            "name": "GaAg",
            "entry_id": 17484,
            "spacegroup": "Pm-3m",
            "ntypes": 2,
            "band_gap": 0.0,
            "delta_e": 0.04734372875
        },
        {
            "name": "GaRu",
            "entry_id": 17297,
            "spacegroup": "Pm-3m",
            "ntypes": 2,
            "band_gap": 0.0,
            "delta_e": -0.2982196625
        },
        {
            "name": "TiGa",
            "entry_id": 17306,
            "spacegroup": "P4/mmm",
            "ntypes": 2,
            "band_gap": 0.0,
            "delta_e": -0.503562664393132
        },
        {
            "name": "GaRh",
            "entry_id": 31231,
            "spacegroup": "Pm-3m",
            "ntypes": 2,
            "band_gap": 0.0,
            "delta_e": -0.689778852500001
        },
        {
            "name": "Ga",
            "entry_id": 4248,
            "spacegroup": "C2/c",
            "ntypes": 1,
            "band_gap": 0.0,
            "delta_e": 0.0210020599999998
        },
        {
            "name": "GaBi",
            "entry_id": 21309,
            "spacegroup": "F-43m",
            "ntypes": 2,
            "band_gap": 0.0,
            "delta_e": 0.00436810000000021
        },
        {
            "name": "GaAs",
            "entry_id": 8252,
            "spacegroup": "Pmm2",
            "ntypes": 2,
            "band_gap": 0.0,
            "delta_e": 0.0941217299999999
        },
        {
            "name": "GaP",
            "entry_id": 7553,
            "spacegroup": "F-43m",
            "ntypes": 2,
            "band_gap": 1.754,
            "delta_e": -0.534168956979969
        },
        {
            "name": "GaSb",
            "entry_id": 7552,
            "spacegroup": "F-43m",
            "ntypes": 2,
            "band_gap": 0.366,
            "delta_e": -0.167087975
        },
        {
            "name": "GaAs",
            "entry_id": 8251,
            "spacegroup": "Imm2",
            "ntypes": 2,
            "band_gap": 0.0,
            "delta_e": 0.00479584499999985
        },
        {
            "name": "YbGa",
            "entry_id": 17314,
            "spacegroup": "P4/mmm",
            "ntypes": 2,
            "band_gap": 0.0,
            "delta_e": -0.5191158325
        },
        {
            "name": "GaAs",
            "entry_id": 7551,
            "spacegroup": "F-43m",
            "ntypes": 2,
            "band_gap": 0.574,
            "delta_e": -0.352947975000001
        },
        {
            "name": "TbGa2",
            "entry_id": 18374,
            "spacegroup": "P6/mmm",
            "ntypes": 2,
            "band_gap": 0.0,
            "delta_e": -0.43508076488889
        },
        {
            "name": "DyGa2",
            "entry_id": 19195,
            "spacegroup": "P6/mmm",
            "ntypes": 2,
            "band_gap": 0.0,
            "delta_e": -0.641853178888891
        },
        {
            "name": "Ga2Cu",
            "entry_id": 17141,
            "spacegroup": "P4/mmm",
            "ntypes": 2,
            "band_gap": 0.0,
            "delta_e": -0.0786815166666669
        },
        {
            "name": "CaGa2",
            "entry_id": 10980,
            "spacegroup": "P6/mmm",
            "ntypes": 2,
            "band_gap": 0.0,
            "delta_e": -0.49087854
        },
        {
            "name": "GdGa2",
            "entry_id": 19194,
            "spacegroup": "P6/mmm",
            "ntypes": 2,
            "band_gap": 0.0,
            "delta_e": -0.667937059166666
        },
        {
            "name": "Ga2Au",
            "entry_id": 10726,
            "spacegroup": "Fm-3m",
            "ntypes": 2,
            "band_gap": 0.0,
            "delta_e": -0.232962903333333
        },
        {
            "name": "HoGa2",
            "entry_id": 19196,
            "spacegroup": "P6/mmm",
            "ntypes": 2,
            "band_gap": 0.0,
            "delta_e": -0.626190367777777
        },
        {
            "name": "YGa2",
            "entry_id": 30368,
            "spacegroup": "P6/mmm",
            "ntypes": 2,
            "band_gap": 0.0,
            "delta_e": -0.660996645
        },
        {
            "name": "SmGa2",
            "entry_id": 30349,
            "spacegroup": "P6/mmm",
            "ntypes": 2,
            "band_gap": 0.0,
            "delta_e": -0.6829401625
        },
        {
            "name": "UGa2",
            "entry_id": 30362,
            "spacegroup": "P6/mmm",
            "ntypes": 2,
            "band_gap": 0.0,
            "delta_e": -0.0656788916666677
        },
        {
            "name": "NdGa2",
            "entry_id": 21054,
            "spacegroup": "P6/mmm",
            "ntypes": 2,
            "band_gap": 0.0,
            "delta_e": -0.691939205
        },
        {
            "name": "BaGa2",
            "entry_id": 10845,
            "spacegroup": "P6/mmm",
            "ntypes": 2,
            "band_gap": 0.0,
            "delta_e": -0.47101129
        },
        {
            "name": "SrGa2",
            "entry_id": 19296,
            "spacegroup": "P6/mmm",
            "ntypes": 2,
            "band_gap": 0.0,
            "delta_e": -0.500909283333334
        },
        {
            "name": "LiGaSi",
            "entry_id": 17253,
            "spacegroup": "F-43m",
            "ntypes": 3,
            "band_gap": 0.404,
            "delta_e": -0.167674473333334
        },
        {
            "name": "EuGa2",
            "entry_id": 30077,
            "spacegroup": "P6/mmm",
            "ntypes": 2,
            "band_gap": 0.0,
            "delta_e": -0.60687187
        },
        {
            "name": "CeGa2",
            "entry_id": 31222,
            "spacegroup": "P6/mmm",
            "ntypes": 2,
            "band_gap": 0.0,
            "delta_e": -0.6886112225
        },
        {
            "name": "LaGa2",
            "entry_id": 31232,
            "spacegroup": "P6/mmm",
            "ntypes": 2,
            "band_gap": 0.0,
            "delta_e": -0.701175216666667
        },
        {
            "name": "ThGa2",
            "entry_id": 17304,
            "spacegroup": "P6/mmm",
            "ntypes": 2,
            "band_gap": 0.0,
            "delta_e": -0.633650166666667
        },
        {
            "name": "PrGa2",
            "entry_id": 18844,
            "spacegroup": "P6/mmm",
            "ntypes": 2,
            "band_gap": 0.0,
            "delta_e": -0.691948955833333
        },
        {
            "name": "ErGa2",
            "entry_id": 29968,
            "spacegroup": "P6/mmm",
            "ntypes": 2,
            "band_gap": 0.0,
            "delta_e": -0.608125276666667
        },
        {
            "name": "Ga2Pt",
            "entry_id": 17288,
            "spacegroup": "Fm-3m",
            "ntypes": 2,
            "band_gap": 0.0,
            "delta_e": -0.584952666666666
        },
        {
            "name": "GaCuO2",
            "entry_id": 4795,
            "spacegroup": "R-3m",
            "ntypes": 3,
            "band_gap": 1.336,
            "delta_e": -1.58872746961113
        },
        {
            "name": "GaNi3",
            "entry_id": 30308,
            "spacegroup": "Pm-3m",
            "ntypes": 2,
            "band_gap": 0.0,
            "delta_e": -0.29749693875
        },
        {
            "name": "CrGaP2",
            "entry_id": 22259,
            "spacegroup": "P-4m2",
            "ntypes": 3,
            "band_gap": 0.0,
            "delta_e": -0.215758250729968
        },
        {
            "name": "HoGa3",
            "entry_id": 19192,
            "spacegroup": "Pm-3m",
            "ntypes": 2,
            "band_gap": 0.0,
            "delta_e": -0.519039842083333
        },
        {
            "name": "TmGa3",
            "entry_id": 19193,
            "spacegroup": "Pm-3m",
            "ntypes": 2,
            "band_gap": 0.0,
            "delta_e": -0.50422251375
        },
        {
            "name": "CaGaSiH",
            "entry_id": 22013,
            "spacegroup": "P3m1",
            "ntypes": 4,
            "band_gap": 0.31,
            "delta_e": -0.380505343046044
        },
        {
            "name": "SrGaSiH",
            "entry_id": 22016,
            "spacegroup": "P3m1",
            "ntypes": 4,
            "band_gap": 0.594,
            "delta_e": -0.415870350546044
        },
        {
            "name": "Li2GaAu",
            "entry_id": 10728,
            "spacegroup": "F-43m",
            "ntypes": 3,
            "band_gap": 0.0,
            "delta_e": -0.51777684125
        },
        {
            "name": "CaGaGeH",
            "entry_id": 22014,
            "spacegroup": "P3m1",
            "ntypes": 4,
            "band_gap": 0.652,
            "delta_e": -0.435430723046044
        },
        {
            "name": "CaGaSnH",
            "entry_id": 22015,
            "spacegroup": "P3m1",
            "ntypes": 4,
            "band_gap": 0.407999999999999,
            "delta_e": -0.401850353508844
        },
        {
            "name": "SrGaSnH",
            "entry_id": 22017,
            "spacegroup": "P3m1",
            "ntypes": 4,
            "band_gap": 0.589,
            "delta_e": -0.477398701008844
        },
        {
            "name": "LiGa",
            "entry_id": 31336,
            "spacegroup": "Fd-3m",
            "ntypes": 2,
            "band_gap": 0.0,
            "delta_e": -0.3245966325
        }
    ],
    "meta": {
        "query": {
            "representation": "http://oqmd.org/oqmdapi/formationenergy?fields=name,entry_id,spacegroup,ntypes,band_gap,delta_e&filter=element_set=(Ga)"
        },
        "api_version": "1.0",
        "time_stamp": "2023-08-05 10:02:21",
        "data_returned": 50,
        "data_available": 45495,
        "comments": "",
        "query_tree": "",
        "more_data_available": true
    },
    "response_message": "OK"
}