{
    "links": {
        "next": "http://oqmd.org/oqmdapi/formationenergy?fields=name%2Centry_id%2Cspacegroup%2Cntypes%2Cband_gap%2Cdelta_e&filter=element_set%3D%28Hf%29&limit=50&offset=50",
        "previous": null,
        "base_url": {
            "href": "https://oqmd.org/oqmdapi",
            "meta": {
                "_oqmd_version": "1.0"
            }
        }
    },
    "resource": {},
    "data": [
        {
            "name": "HfOs",
            "entry_id": 17380,
            "spacegroup": "Pm-3m",
            "ntypes": 2,
            "band_gap": 0.0,
            "delta_e": -0.7081181225
        },
        {
            "name": "HfRh",
            "entry_id": 17386,
            "spacegroup": "Pm-3m",
            "ntypes": 2,
            "band_gap": 0.0,
            "delta_e": -0.862259727500001
        },
        {
            "name": "HfRu",
            "entry_id": 17389,
            "spacegroup": "Pm-3m",
            "ntypes": 2,
            "band_gap": 0.0,
            "delta_e": -0.8124774125
        },
        {
            "name": "HfTc",
            "entry_id": 17392,
            "spacegroup": "Pm-3m",
            "ntypes": 2,
            "band_gap": 0.0,
            "delta_e": -0.482266285
        },
        {
            "name": "HfPt",
            "entry_id": 17383,
            "spacegroup": "Pm-3m",
            "ntypes": 2,
            "band_gap": 0.0,
            "delta_e": -0.982982147500001
        },
        {
            "name": "HfC",
            "entry_id": 4149,
            "spacegroup": "Fm-3m",
            "ntypes": 2,
            "band_gap": 0.0,
            "delta_e": -0.947618221250002
        },
        {
            "name": "HfC",
            "entry_id": 21513,
            "spacegroup": "P-6m2",
            "ntypes": 2,
            "band_gap": 0.0,
            "delta_e": -0.184368236250002
        },
        {
            "name": "HfB",
            "entry_id": 13677,
            "spacegroup": "Fm-3m",
            "ntypes": 2,
            "band_gap": 0.0,
            "delta_e": -0.4170500525
        },
        {
            "name": "HfB2",
            "entry_id": 5848,
            "spacegroup": "P6/mmm",
            "ntypes": 2,
            "band_gap": 0.0,
            "delta_e": -1.023464675
        },
        {
            "name": "Hf2Hg",
            "entry_id": 30512,
            "spacegroup": "I4/mmm",
            "ntypes": 2,
            "band_gap": 0.0,
            "delta_e": -0.0987387816554239
        },
        {
            "name": "HfSe2",
            "entry_id": 30525,
            "spacegroup": "P-3m1",
            "ntypes": 2,
            "band_gap": 0.591,
            "delta_e": -1.346354685
        },
        {
            "name": "HfSnPd",
            "entry_id": 18376,
            "spacegroup": "F-43m",
            "ntypes": 3,
            "band_gap": 0.601999999999999,
            "delta_e": -0.751731697283734
        },
        {
            "name": "Hf2Zn",
            "entry_id": 30529,
            "spacegroup": "I4/mmm",
            "ntypes": 2,
            "band_gap": 0.0,
            "delta_e": -0.173968626666667
        },
        {
            "name": "Hf2Au",
            "entry_id": 10733,
            "spacegroup": "I4/mmm",
            "ntypes": 2,
            "band_gap": 0.0,
            "delta_e": -0.439168886666666
        },
        {
            "name": "Hf2Cd",
            "entry_id": 28999,
            "spacegroup": "I4/mmm",
            "ntypes": 2,
            "band_gap": 0.0,
            "delta_e": -0.0677598666666673
        },
        {
            "name": "HfS2",
            "entry_id": 30523,
            "spacegroup": "P-3m1",
            "ntypes": 2,
            "band_gap": 1.349,
            "delta_e": -1.7694135310089
        },
        {
            "name": "Hf2Pd",
            "entry_id": 17382,
            "spacegroup": "I4/mmm",
            "ntypes": 2,
            "band_gap": 0.0,
            "delta_e": -0.52756749
        },
        {
            "name": "HfTe2",
            "entry_id": 30528,
            "spacegroup": "P-3m1",
            "ntypes": 2,
            "band_gap": 0.0,
            "delta_e": -0.826892677222221
        },
        {
            "name": "HfSbRu",
            "entry_id": 18538,
            "spacegroup": "F-43m",
            "ntypes": 3,
            "band_gap": 0.0,
            "delta_e": -0.539843383333334
        },
        {
            "name": "HfBe2",
            "entry_id": 10883,
            "spacegroup": "P6/mmm",
            "ntypes": 2,
            "band_gap": 0.0,
            "delta_e": -0.167373168333334
        },
        {
            "name": "HfSnPt",
            "entry_id": 17385,
            "spacegroup": "F-43m",
            "ntypes": 3,
            "band_gap": 0.0,
            "delta_e": -0.304225170617067
        },
        {
            "name": "Hf2Ag",
            "entry_id": 20651,
            "spacegroup": "I4/mmm",
            "ntypes": 2,
            "band_gap": 0.0,
            "delta_e": -0.121139735833334
        },
        {
            "name": "HfAu2",
            "entry_id": 28170,
            "spacegroup": "I4/mmm",
            "ntypes": 2,
            "band_gap": 0.0,
            "delta_e": -0.560960425
        },
        {
            "name": "HfIr3",
            "entry_id": 17363,
            "spacegroup": "Pm-3m",
            "ntypes": 2,
            "band_gap": 0.0,
            "delta_e": -0.80344056875
        },
        {
            "name": "Hf2Cu",
            "entry_id": 29680,
            "spacegroup": "I4/mmm",
            "ntypes": 2,
            "band_gap": 0.0,
            "delta_e": -0.161002953333334
        },
        {
            "name": "Hf2Tl",
            "entry_id": 21462,
            "spacegroup": "I4/mmm",
            "ntypes": 2,
            "band_gap": 0.0,
            "delta_e": 0.0582000316666651
        },
        {
            "name": "HfNiSn",
            "entry_id": 17378,
            "spacegroup": "F-43m",
            "ntypes": 3,
            "band_gap": 0.0,
            "delta_e": 0.221665302716265
        },
        {
            "name": "HfNi",
            "entry_id": 30515,
            "spacegroup": "Cmcm",
            "ntypes": 2,
            "band_gap": 0.0,
            "delta_e": -0.519030740000001
        },
        {
            "name": "HfAlCu2",
            "entry_id": 10433,
            "spacegroup": "Fm-3m",
            "ntypes": 3,
            "band_gap": 0.0,
            "delta_e": -0.32836560375
        },
        {
            "name": "HfPt",
            "entry_id": 30519,
            "spacegroup": "Cmcm",
            "ntypes": 2,
            "band_gap": 0.0,
            "delta_e": -1.150224385
        },
        {
            "name": "HfCd",
            "entry_id": 28998,
            "spacegroup": "P4/nmm",
            "ntypes": 2,
            "band_gap": 0.0,
            "delta_e": -0.0834868750000002
        },
        {
            "name": "HfNi2Sn",
            "entry_id": 17379,
            "spacegroup": "Fm-3m",
            "ntypes": 3,
            "band_gap": 0.0,
            "delta_e": -0.526504862962802
        },
        {
            "name": "HfRh3",
            "entry_id": 17387,
            "spacegroup": "Pm-3m",
            "ntypes": 2,
            "band_gap": 0.0,
            "delta_e": -0.75821312375
        },
        {
            "name": "HfAl3",
            "entry_id": 10471,
            "spacegroup": "I4/mmm",
            "ntypes": 2,
            "band_gap": 0.0,
            "delta_e": -0.38658195125
        },
        {
            "name": "HfAlPd2",
            "entry_id": 10474,
            "spacegroup": "Fm-3m",
            "ntypes": 3,
            "band_gap": 0.0,
            "delta_e": -0.829569831250001
        },
        {
            "name": "HfAlNi2",
            "entry_id": 10473,
            "spacegroup": "Fm-3m",
            "ntypes": 3,
            "band_gap": 0.0,
            "delta_e": -0.645362141250001
        },
        {
            "name": "SrHfN2",
            "entry_id": 14849,
            "spacegroup": "R-3m",
            "ntypes": 3,
            "band_gap": 0.47,
            "delta_e": -1.48735207892175
        },
        {
            "name": "HfAl",
            "entry_id": 18706,
            "spacegroup": "Cmcm",
            "ntypes": 2,
            "band_gap": 0.0,
            "delta_e": -0.4018618275
        },
        {
            "name": "HfGa3",
            "entry_id": 17243,
            "spacegroup": "I4/mmm",
            "ntypes": 2,
            "band_gap": 0.0,
            "delta_e": -0.382190695
        },
        {
            "name": "HfInAu2",
            "entry_id": 10734,
            "spacegroup": "Fm-3m",
            "ntypes": 3,
            "band_gap": 0.0,
            "delta_e": -0.39646485875
        },
        {
            "name": "HfAu",
            "entry_id": 28171,
            "spacegroup": "P4/nmm",
            "ntypes": 2,
            "band_gap": 0.0,
            "delta_e": -0.5437494125
        },
        {
            "name": "HfAlAu2",
            "entry_id": 10385,
            "spacegroup": "Fm-3m",
            "ntypes": 3,
            "band_gap": 0.0,
            "delta_e": -0.50464883875
        },
        {
            "name": "HfBe",
            "entry_id": 28684,
            "spacegroup": "Cmcm",
            "ntypes": 2,
            "band_gap": 0.0,
            "delta_e": -0.0743881100000001
        },
        {
            "name": "HfPbO3",
            "entry_id": 20456,
            "spacegroup": "Pm-3m",
            "ntypes": 3,
            "band_gap": 2.718,
            "delta_e": -2.79935192852725
        },
        {
            "name": "HfAg",
            "entry_id": 20652,
            "spacegroup": "P4/nmm",
            "ntypes": 2,
            "band_gap": 0.0,
            "delta_e": -0.11913138375
        },
        {
            "name": "HfCuHg2",
            "entry_id": 17144,
            "spacegroup": "F-43m",
            "ntypes": 3,
            "band_gap": 0.0,
            "delta_e": 0.166657873766866
        },
        {
            "name": "HfSi2Ni2",
            "entry_id": 30516,
            "spacegroup": "I4/mmm",
            "ntypes": 3,
            "band_gap": 0.0,
            "delta_e": -0.767056529
        },
        {
            "name": "SrHfO3",
            "entry_id": 5696,
            "spacegroup": "Pm-3m",
            "ntypes": 3,
            "band_gap": 3.85,
            "delta_e": -3.61735319052725
        },
        {
            "name": "SrHfO3",
            "entry_id": 20449,
            "spacegroup": "P4mm",
            "ntypes": 3,
            "band_gap": 4.008,
            "delta_e": -3.61721992252725
        },
        {
            "name": "Hf2H2Pd",
            "entry_id": 30507,
            "spacegroup": "I4/mmm",
            "ntypes": 3,
            "band_gap": 0.0,
            "delta_e": -0.535946636873671
        }
    ],
    "meta": {
        "query": {
            "representation": "http://oqmd.org/oqmdapi/formationenergy?fields=name,entry_id,spacegroup,ntypes,band_gap,delta_e&filter=element_set=(Hf)"
        },
        "api_version": "1.0",
        "time_stamp": "2023-08-01 00:11:21",
        "data_returned": 50,
        "data_available": 37278,
        "comments": "",
        "query_tree": "",
        "more_data_available": true
    },
    "response_message": "OK"
}