{
    "links": {
        "next": "http://oqmd.org/oqmdapi/formationenergy?fields=name%2Centry_id%2Cspacegroup%2Cntypes%2Cband_gap%2Cdelta_e&filter=element_set%3D%28Hg%29&limit=50&offset=50",
        "previous": null,
        "base_url": {
            "href": "https://oqmd.org/oqmdapi",
            "meta": {
                "_oqmd_version": "1.0"
            }
        }
    },
    "resource": {},
    "data": [
        {
            "name": "TiHg",
            "entry_id": 30536,
            "spacegroup": "P4/mmm",
            "ntypes": 2,
            "band_gap": 0.0,
            "delta_e": -0.00718432937626634
        },
        {
            "name": "HoHg",
            "entry_id": 17397,
            "spacegroup": "Pm-3m",
            "ntypes": 2,
            "band_gap": 0.0,
            "delta_e": -0.451316224149799
        },
        {
            "name": "HgSe",
            "entry_id": 4543,
            "spacegroup": "F-43m",
            "ntypes": 2,
            "band_gap": 0.176,
            "delta_e": -0.182984242483134
        },
        {
            "name": "HgS",
            "entry_id": 4523,
            "spacegroup": "F-43m",
            "ntypes": 2,
            "band_gap": 0.179,
            "delta_e": -0.248713479489813
        },
        {
            "name": "HgPd",
            "entry_id": 30534,
            "spacegroup": "P4/mmm",
            "ntypes": 2,
            "band_gap": 0.0,
            "delta_e": -0.142740452483134
        },
        {
            "name": "HgPt",
            "entry_id": 30535,
            "spacegroup": "P4/mmm",
            "ntypes": 2,
            "band_gap": 0.0,
            "delta_e": 0.0785405325168655
        },
        {
            "name": "ZrHg",
            "entry_id": 30537,
            "spacegroup": "P4/mmm",
            "ntypes": 2,
            "band_gap": 0.0,
            "delta_e": -0.140153782483134
        },
        {
            "name": "NiHg",
            "entry_id": 30533,
            "spacegroup": "P4/mmm",
            "ntypes": 2,
            "band_gap": 0.0,
            "delta_e": 0.234144577516866
        },
        {
            "name": "CaHg",
            "entry_id": 10986,
            "spacegroup": "Pm-3m",
            "ntypes": 2,
            "band_gap": 0.0,
            "delta_e": -0.533782367483134
        },
        {
            "name": "LaHg",
            "entry_id": 17402,
            "spacegroup": "Pm-3m",
            "ntypes": 2,
            "band_gap": 0.0,
            "delta_e": -0.466644557483134
        },
        {
            "name": "LiHg",
            "entry_id": 17404,
            "spacegroup": "Pm-3m",
            "ntypes": 2,
            "band_gap": 0.0,
            "delta_e": -0.347599342483135
        },
        {
            "name": "LuHg",
            "entry_id": 17406,
            "spacegroup": "Pm-3m",
            "ntypes": 2,
            "band_gap": 0.0,
            "delta_e": -0.434265634983134
        },
        {
            "name": "MgHg",
            "entry_id": 17407,
            "spacegroup": "Pm-3m",
            "ntypes": 2,
            "band_gap": 0.0,
            "delta_e": -0.190403187066469
        },
        {
            "name": "MnHg",
            "entry_id": 17413,
            "spacegroup": "Pm-3m",
            "ntypes": 2,
            "band_gap": 0.0,
            "delta_e": 0.364270040620315
        },
        {
            "name": "InHg",
            "entry_id": 17399,
            "spacegroup": "R-3m",
            "ntypes": 2,
            "band_gap": 0.0,
            "delta_e": 0.0394400825168655
        },
        {
            "name": "HgTe",
            "entry_id": 6117,
            "spacegroup": "Fm-3m",
            "ntypes": 2,
            "band_gap": 0.0,
            "delta_e": 0.0138199108502006
        },
        {
            "name": "MnHg",
            "entry_id": 17414,
            "spacegroup": "P4/mmm",
            "ntypes": 2,
            "band_gap": 0.0,
            "delta_e": 0.364252385620315
        },
        {
            "name": "NdHg",
            "entry_id": 17419,
            "spacegroup": "Pm-3m",
            "ntypes": 2,
            "band_gap": 0.0,
            "delta_e": -0.444433914983134
        },
        {
            "name": "PrHg",
            "entry_id": 17424,
            "spacegroup": "Pm-3m",
            "ntypes": 2,
            "band_gap": 0.0,
            "delta_e": -0.444480651233135
        },
        {
            "name": "SrHg",
            "entry_id": 17429,
            "spacegroup": "Pm-3m",
            "ntypes": 2,
            "band_gap": 0.0,
            "delta_e": -0.503040627483134
        },
        {
            "name": "HgTe",
            "entry_id": 6119,
            "spacegroup": "F-43m",
            "ntypes": 2,
            "band_gap": 0.161,
            "delta_e": -0.137294654149799
        },
        {
            "name": "TbHg",
            "entry_id": 17432,
            "spacegroup": "Pm-3m",
            "ntypes": 2,
            "band_gap": 0.0,
            "delta_e": -0.120492704816469
        },
        {
            "name": "TiHg",
            "entry_id": 17436,
            "spacegroup": "P4/mmm",
            "ntypes": 2,
            "band_gap": 0.0,
            "delta_e": -0.00711989937626623
        },
        {
            "name": "TmHg",
            "entry_id": 17441,
            "spacegroup": "Pm-3m",
            "ntypes": 2,
            "band_gap": 0.0,
            "delta_e": -0.446250047483134
        },
        {
            "name": "YbHg",
            "entry_id": 17446,
            "spacegroup": "Pm-3m",
            "ntypes": 2,
            "band_gap": 0.0,
            "delta_e": -0.619810917483134
        },
        {
            "name": "ScHg",
            "entry_id": 17427,
            "spacegroup": "Pm-3m",
            "ntypes": 2,
            "band_gap": 0.0,
            "delta_e": -0.397763814983134
        },
        {
            "name": "HgPt",
            "entry_id": 17425,
            "spacegroup": "P4/mmm",
            "ntypes": 2,
            "band_gap": 0.0,
            "delta_e": 0.0785407725168659
        },
        {
            "name": "TlHg",
            "entry_id": 17439,
            "spacegroup": "Pm-3m",
            "ntypes": 2,
            "band_gap": 0.0,
            "delta_e": 0.0247376300168656
        },
        {
            "name": "YHg",
            "entry_id": 17443,
            "spacegroup": "Pm-3m",
            "ntypes": 2,
            "band_gap": 0.0,
            "delta_e": -0.480003724983134
        },
        {
            "name": "ZrHg",
            "entry_id": 17448,
            "spacegroup": "P4/mmm",
            "ntypes": 2,
            "band_gap": 0.0,
            "delta_e": -0.140400497483134
        },
        {
            "name": "EuHg",
            "entry_id": 17212,
            "spacegroup": "Pm-3m",
            "ntypes": 2,
            "band_gap": 0.0,
            "delta_e": -0.673060737483134
        },
        {
            "name": "DyHg",
            "entry_id": 29867,
            "spacegroup": "Pm-3m",
            "ntypes": 2,
            "band_gap": 0.0,
            "delta_e": -0.450664275816469
        },
        {
            "name": "CeHg",
            "entry_id": 29100,
            "spacegroup": "Pm-3m",
            "ntypes": 2,
            "band_gap": 0.0,
            "delta_e": -0.441581126233134
        },
        {
            "name": "HgPd",
            "entry_id": 17422,
            "spacegroup": "P4/mmm",
            "ntypes": 2,
            "band_gap": 0.0,
            "delta_e": -0.142571342483134
        },
        {
            "name": "NiHg",
            "entry_id": 17421,
            "spacegroup": "P4/mmm",
            "ntypes": 2,
            "band_gap": 0.0,
            "delta_e": 0.234129922516865
        },
        {
            "name": "BaHg",
            "entry_id": 10846,
            "spacegroup": "Pm-3m",
            "ntypes": 2,
            "band_gap": 0.0,
            "delta_e": -0.491164262483134
        },
        {
            "name": "HgTe",
            "entry_id": 20574,
            "spacegroup": "Pm-3m",
            "ntypes": 2,
            "band_gap": 0.0,
            "delta_e": 0.2795264458502
        },
        {
            "name": "NiHg",
            "entry_id": 16942,
            "spacegroup": "P4/mmm",
            "ntypes": 2,
            "band_gap": 0.0,
            "delta_e": 0.233642272516866
        },
        {
            "name": "GdHg",
            "entry_id": 17320,
            "spacegroup": "Pm-3m",
            "ntypes": 2,
            "band_gap": 0.0,
            "delta_e": -0.447707746233135
        },
        {
            "name": "ErHg",
            "entry_id": 29989,
            "spacegroup": "Pm-3m",
            "ntypes": 2,
            "band_gap": 0.0,
            "delta_e": -0.449834547483134
        },
        {
            "name": "HgSe",
            "entry_id": 10103,
            "spacegroup": "Fm-3m",
            "ntypes": 2,
            "band_gap": 0.0,
            "delta_e": -0.0247633674831342
        },
        {
            "name": "Hg2Rh",
            "entry_id": 18378,
            "spacegroup": "P4/mmm",
            "ntypes": 2,
            "band_gap": 0.0,
            "delta_e": 0.0409097900224872
        },
        {
            "name": "HgS",
            "entry_id": 10102,
            "spacegroup": "Fm-3m",
            "ntypes": 2,
            "band_gap": 0.0,
            "delta_e": -0.0686409444898128
        },
        {
            "name": "Hf2Hg",
            "entry_id": 30512,
            "spacegroup": "I4/mmm",
            "ntypes": 2,
            "band_gap": 0.0,
            "delta_e": -0.0987387816554239
        },
        {
            "name": "MgHg2",
            "entry_id": 17411,
            "spacegroup": "I4/mmm",
            "ntypes": 2,
            "band_gap": 0.0,
            "delta_e": -0.0805702463664025
        },
        {
            "name": "CaHg2",
            "entry_id": 10987,
            "spacegroup": "P6/mmm",
            "ntypes": 2,
            "band_gap": 0.0,
            "delta_e": -0.414886623310846
        },
        {
            "name": "NaHg2",
            "entry_id": 17417,
            "spacegroup": "P6/mmm",
            "ntypes": 2,
            "band_gap": 0.0,
            "delta_e": -0.234961266928062
        },
        {
            "name": "Hg2Pt",
            "entry_id": 17426,
            "spacegroup": "P4/mmm",
            "ntypes": 2,
            "band_gap": 0.0,
            "delta_e": -0.0112258599775125
        },
        {
            "name": "SrHg2",
            "entry_id": 17430,
            "spacegroup": "P6/mmm",
            "ntypes": 2,
            "band_gap": 0.0,
            "delta_e": -0.438508476644179
        },
        {
            "name": "HoHg2",
            "entry_id": 17398,
            "spacegroup": "P6/mmm",
            "ntypes": 2,
            "band_gap": 0.0,
            "delta_e": -0.332020877755289
        }
    ],
    "meta": {
        "query": {
            "representation": "http://oqmd.org/oqmdapi/formationenergy?fields=name,entry_id,spacegroup,ntypes,band_gap,delta_e&filter=element_set=(Hg)"
        },
        "api_version": "1.0",
        "time_stamp": "2023-08-05 10:02:12",
        "data_returned": 50,
        "data_available": 38348,
        "comments": "",
        "query_tree": "",
        "more_data_available": true
    },
    "response_message": "OK"
}