{
    "links": {
        "next": "http://oqmd.org/oqmdapi/formationenergy?fields=name%2Centry_id%2Cspacegroup%2Cntypes%2Cband_gap%2Cdelta_e&filter=element_set%3D%28In%29&limit=50&offset=50",
        "previous": null,
        "base_url": {
            "href": "https://oqmd.org/oqmdapi",
            "meta": {
                "_oqmd_version": "1.0"
            }
        }
    },
    "resource": {},
    "data": [
        {
            "name": "CaIn",
            "entry_id": 10991,
            "spacegroup": "Pm-3m",
            "ntypes": 2,
            "band_gap": 0.0,
            "delta_e": -0.48672452
        },
        {
            "name": "InHg",
            "entry_id": 17399,
            "spacegroup": "R-3m",
            "ntypes": 2,
            "band_gap": 0.0,
            "delta_e": 0.0394400825168655
        },
        {
            "name": "InAs",
            "entry_id": 4656,
            "spacegroup": "F-43m",
            "ntypes": 2,
            "band_gap": 0.366,
            "delta_e": -0.2489241325
        },
        {
            "name": "ErIn",
            "entry_id": 17187,
            "spacegroup": "Pm-3m",
            "ntypes": 2,
            "band_gap": 0.0,
            "delta_e": -0.44633174
        },
        {
            "name": "HoIn",
            "entry_id": 17454,
            "spacegroup": "Pm-3m",
            "ntypes": 2,
            "band_gap": 0.0,
            "delta_e": -0.460542576666665
        },
        {
            "name": "DyIn",
            "entry_id": 29868,
            "spacegroup": "Pm-3m",
            "ntypes": 2,
            "band_gap": 0.0,
            "delta_e": -0.472334363333335
        },
        {
            "name": "GdIn",
            "entry_id": 30376,
            "spacegroup": "Pm-3m",
            "ntypes": 2,
            "band_gap": 0.0,
            "delta_e": -0.49188357875
        },
        {
            "name": "EuIn",
            "entry_id": 30095,
            "spacegroup": "P4/mmm",
            "ntypes": 2,
            "band_gap": 0.0,
            "delta_e": -0.57477232
        },
        {
            "name": "InSb",
            "entry_id": 4657,
            "spacegroup": "F-43m",
            "ntypes": 2,
            "band_gap": 0.264,
            "delta_e": -0.1333398475
        },
        {
            "name": "InTe",
            "entry_id": 8487,
            "spacegroup": "Pm-3m",
            "ntypes": 2,
            "band_gap": 0.0,
            "delta_e": -0.0842171466666652
        },
        {
            "name": "InAs",
            "entry_id": 28054,
            "spacegroup": "Fm-3m",
            "ntypes": 2,
            "band_gap": 0.0,
            "delta_e": -0.0506959925000001
        },
        {
            "name": "InSb",
            "entry_id": 8484,
            "spacegroup": "Pm-3m",
            "ntypes": 2,
            "band_gap": 0.0,
            "delta_e": 0.1018445225
        },
        {
            "name": "InPd",
            "entry_id": 11128,
            "spacegroup": "Pm-3m",
            "ntypes": 2,
            "band_gap": 0.0,
            "delta_e": -0.50714155
        },
        {
            "name": "InSb",
            "entry_id": 8485,
            "spacegroup": "Fm-3m",
            "ntypes": 2,
            "band_gap": 0.0,
            "delta_e": 0.0136331674999997
        },
        {
            "name": "InRh",
            "entry_id": 11153,
            "spacegroup": "Pm-3m",
            "ntypes": 2,
            "band_gap": 0.0,
            "delta_e": -0.431758600000001
        },
        {
            "name": "PrIn",
            "entry_id": 11137,
            "spacegroup": "Pm-3m",
            "ntypes": 2,
            "band_gap": 0.0,
            "delta_e": -0.50448219375
        },
        {
            "name": "EuIn",
            "entry_id": 18325,
            "spacegroup": "P4/mmm",
            "ntypes": 2,
            "band_gap": 0.0,
            "delta_e": -0.57459991
        },
        {
            "name": "InNi",
            "entry_id": 11114,
            "spacegroup": "Pm-3m",
            "ntypes": 2,
            "band_gap": 0.0,
            "delta_e": -0.114484045
        },
        {
            "name": "InTe",
            "entry_id": 11166,
            "spacegroup": "Fm-3m",
            "ntypes": 2,
            "band_gap": 0.0,
            "delta_e": -0.296953946666665
        },
        {
            "name": "SmIn",
            "entry_id": 11159,
            "spacegroup": "Pm-3m",
            "ntypes": 2,
            "band_gap": 0.0,
            "delta_e": -0.50060990375
        },
        {
            "name": "InSb",
            "entry_id": 10370,
            "spacegroup": "Pmm2",
            "ntypes": 2,
            "band_gap": 0.0,
            "delta_e": 0.0580997074999998
        },
        {
            "name": "YbIn",
            "entry_id": 11177,
            "spacegroup": "Pm-3m",
            "ntypes": 2,
            "band_gap": 0.0,
            "delta_e": -0.51875509
        },
        {
            "name": "GdIn",
            "entry_id": 17321,
            "spacegroup": "P4/mmm",
            "ntypes": 2,
            "band_gap": 0.0,
            "delta_e": -0.489807088750001
        },
        {
            "name": "TmIn",
            "entry_id": 11171,
            "spacegroup": "Pm-3m",
            "ntypes": 2,
            "band_gap": 0.0,
            "delta_e": -0.427594115
        },
        {
            "name": "YIn",
            "entry_id": 11175,
            "spacegroup": "Pm-3m",
            "ntypes": 2,
            "band_gap": 0.0,
            "delta_e": -0.5013761325
        },
        {
            "name": "InN",
            "entry_id": 20081,
            "spacegroup": "Fm-3m",
            "ntypes": 2,
            "band_gap": 0.331,
            "delta_e": 0.191119647328247
        },
        {
            "name": "InN",
            "entry_id": 7530,
            "spacegroup": "F-43m",
            "ntypes": 2,
            "band_gap": 0.3,
            "delta_e": -0.00981330267175284
        },
        {
            "name": "LiInSn",
            "entry_id": 30574,
            "spacegroup": "F-43m",
            "ntypes": 3,
            "band_gap": 0.0,
            "delta_e": -0.227524658950401
        },
        {
            "name": "In2Bi",
            "entry_id": 18756,
            "spacegroup": "P6/mmm",
            "ntypes": 2,
            "band_gap": 0.0,
            "delta_e": 0.0536921516666672
        },
        {
            "name": "Li2InPd",
            "entry_id": 18382,
            "spacegroup": "F-43m",
            "ntypes": 3,
            "band_gap": 0.0,
            "delta_e": -0.505316435
        },
        {
            "name": "In2Pt",
            "entry_id": 10117,
            "spacegroup": "Fm-3m",
            "ntypes": 2,
            "band_gap": 0.0,
            "delta_e": -0.49076372
        },
        {
            "name": "Li2InPt",
            "entry_id": 18385,
            "spacegroup": "F-43m",
            "ntypes": 3,
            "band_gap": 0.0,
            "delta_e": -0.58513271
        },
        {
            "name": "LiIn2Ir",
            "entry_id": 18380,
            "spacegroup": "Fm-3m",
            "ntypes": 3,
            "band_gap": 0.0,
            "delta_e": -0.3257415925
        },
        {
            "name": "LiIn2Pd",
            "entry_id": 18383,
            "spacegroup": "Fm-3m",
            "ntypes": 3,
            "band_gap": 0.0,
            "delta_e": -0.467496635
        },
        {
            "name": "LiIn2Rh",
            "entry_id": 18386,
            "spacegroup": "Fm-3m",
            "ntypes": 3,
            "band_gap": 0.0,
            "delta_e": -0.433161495
        },
        {
            "name": "LiInSe2",
            "entry_id": 10180,
            "spacegroup": "R-3m",
            "ntypes": 3,
            "band_gap": 1.169,
            "delta_e": -0.806700775
        },
        {
            "name": "InSe",
            "entry_id": 1994,
            "spacegroup": "R3m",
            "ntypes": 2,
            "band_gap": 0.707,
            "delta_e": -0.5237136
        },
        {
            "name": "CeInAu2",
            "entry_id": 10710,
            "spacegroup": "Fm-3m",
            "ntypes": 3,
            "band_gap": 0.0,
            "delta_e": -0.673748881875
        },
        {
            "name": "InP",
            "entry_id": 22250,
            "spacegroup": "P63mc",
            "ntypes": 2,
            "band_gap": 0.73,
            "delta_e": -0.345220811979968
        },
        {
            "name": "Li2InAu",
            "entry_id": 10747,
            "spacegroup": "F-43m",
            "ntypes": 3,
            "band_gap": 0.0,
            "delta_e": -0.4882321375
        },
        {
            "name": "NaInS2",
            "entry_id": 30581,
            "spacegroup": "R-3m",
            "ntypes": 3,
            "band_gap": 1.94,
            "delta_e": -1.04801161221959
        },
        {
            "name": "LiIn2Ru",
            "entry_id": 30573,
            "spacegroup": "Fm-3m",
            "ntypes": 3,
            "band_gap": 0.0,
            "delta_e": -0.163545595
        },
        {
            "name": "MnInCu2",
            "entry_id": 17151,
            "spacegroup": "Fm-3m",
            "ntypes": 3,
            "band_gap": 0.0,
            "delta_e": 0.0661071415517238
        },
        {
            "name": "HoIn3",
            "entry_id": 17455,
            "spacegroup": "Pm-3m",
            "ntypes": 2,
            "band_gap": 0.0,
            "delta_e": -0.403235933333332
        },
        {
            "name": "LuInCu2",
            "entry_id": 17150,
            "spacegroup": "Fm-3m",
            "ntypes": 3,
            "band_gap": 0.0,
            "delta_e": -0.32087357875
        },
        {
            "name": "LiInAg2",
            "entry_id": 21804,
            "spacegroup": "Fm-3m",
            "ntypes": 3,
            "band_gap": 0.0,
            "delta_e": -0.23130036125
        },
        {
            "name": "DyInCu2",
            "entry_id": 27214,
            "spacegroup": "Fm-3m",
            "ntypes": 3,
            "band_gap": 0.0,
            "delta_e": -0.335588469166668
        },
        {
            "name": "InN",
            "entry_id": 4825,
            "spacegroup": "Cmc21",
            "ntypes": 2,
            "band_gap": 0.278,
            "delta_e": -0.0185233226717534
        },
        {
            "name": "ErInAu2",
            "entry_id": 10722,
            "spacegroup": "Fm-3m",
            "ntypes": 3,
            "band_gap": 0.0,
            "delta_e": -0.70983445
        },
        {
            "name": "ErInCu2",
            "entry_id": 17140,
            "spacegroup": "Fm-3m",
            "ntypes": 3,
            "band_gap": 0.0,
            "delta_e": -0.334252435
        }
    ],
    "meta": {
        "query": {
            "representation": "http://oqmd.org/oqmdapi/formationenergy?fields=name,entry_id,spacegroup,ntypes,band_gap,delta_e&filter=element_set=(In)"
        },
        "api_version": "1.0",
        "time_stamp": "2023-08-05 10:02:35",
        "data_returned": 50,
        "data_available": 47079,
        "comments": "",
        "query_tree": "",
        "more_data_available": true
    },
    "response_message": "OK"
}