{
    "links": {
        "next": "http://oqmd.org/oqmdapi/formationenergy?fields=name%2Centry_id%2Cspacegroup%2Cntypes%2Cband_gap%2Cdelta_e&filter=element_set%3D%28Ir%29&limit=50&offset=50",
        "previous": null,
        "base_url": {
            "href": "https://oqmd.org/oqmdapi",
            "meta": {
                "_oqmd_version": "1.0"
            }
        }
    },
    "resource": {},
    "data": [
        {
            "name": "Ir",
            "entry_id": 7521,
            "spacegroup": "Fm-3m",
            "ntypes": 1,
            "band_gap": 0.0,
            "delta_e": 0.0
        },
        {
            "name": "ErIr",
            "entry_id": 30000,
            "spacegroup": "Pm-3m",
            "ntypes": 2,
            "band_gap": 0.0,
            "delta_e": -0.887233535
        },
        {
            "name": "AlIr",
            "entry_id": 10480,
            "spacegroup": "Pm-3m",
            "ntypes": 2,
            "band_gap": 0.0,
            "delta_e": -0.946320085
        },
        {
            "name": "IrC",
            "entry_id": 21516,
            "spacegroup": "P-6m2",
            "ntypes": 2,
            "band_gap": 0.0,
            "delta_e": 1.22474412125
        },
        {
            "name": "HoIr",
            "entry_id": 17457,
            "spacegroup": "Pm-3m",
            "ntypes": 2,
            "band_gap": 0.0,
            "delta_e": -0.853058376666666
        },
        {
            "name": "NbIr",
            "entry_id": 30618,
            "spacegroup": "P4/mmm",
            "ntypes": 2,
            "band_gap": 0.0,
            "delta_e": -0.511195725000002
        },
        {
            "name": "LuIr",
            "entry_id": 17492,
            "spacegroup": "Pm-3m",
            "ntypes": 2,
            "band_gap": 0.0,
            "delta_e": -0.972293312500001
        },
        {
            "name": "VIr",
            "entry_id": 30632,
            "spacegroup": "P4/mmm",
            "ntypes": 2,
            "band_gap": 0.0,
            "delta_e": -0.48891935
        },
        {
            "name": "MnIr",
            "entry_id": 30616,
            "spacegroup": "P4/mmm",
            "ntypes": 2,
            "band_gap": 0.0,
            "delta_e": -0.14220995189655
        },
        {
            "name": "TiIr",
            "entry_id": 30631,
            "spacegroup": "P4/mmm",
            "ntypes": 2,
            "band_gap": 0.0,
            "delta_e": -0.866832981893133
        },
        {
            "name": "LiIr",
            "entry_id": 17490,
            "spacegroup": "P-6m2",
            "ntypes": 2,
            "band_gap": 0.0,
            "delta_e": -0.248667475
        },
        {
            "name": "IrN",
            "entry_id": 21326,
            "spacegroup": "Fm-3m",
            "ntypes": 2,
            "band_gap": 0.0,
            "delta_e": 1.37713711732825
        },
        {
            "name": "MnIr",
            "entry_id": 17496,
            "spacegroup": "P4/mmm",
            "ntypes": 2,
            "band_gap": 0.0,
            "delta_e": -0.14220893689655
        },
        {
            "name": "NbIr",
            "entry_id": 17500,
            "spacegroup": "P4/mmm",
            "ntypes": 2,
            "band_gap": 0.0,
            "delta_e": -0.511161960000001
        },
        {
            "name": "GaIr",
            "entry_id": 17248,
            "spacegroup": "Pm-3m",
            "ntypes": 2,
            "band_gap": 0.0,
            "delta_e": -0.3878277475
        },
        {
            "name": "ScIr",
            "entry_id": 17512,
            "spacegroup": "Pm-3m",
            "ntypes": 2,
            "band_gap": 0.0,
            "delta_e": -1.0301461825
        },
        {
            "name": "TiIr",
            "entry_id": 17522,
            "spacegroup": "P4/mmm",
            "ntypes": 2,
            "band_gap": 0.0,
            "delta_e": -0.866265571893132
        },
        {
            "name": "TmIr",
            "entry_id": 17525,
            "spacegroup": "Pm-3m",
            "ntypes": 2,
            "band_gap": 0.0,
            "delta_e": -0.92117172
        },
        {
            "name": "IrN",
            "entry_id": 21337,
            "spacegroup": "F-43m",
            "ntypes": 2,
            "band_gap": 0.0,
            "delta_e": 0.660201207328248
        },
        {
            "name": "VIr",
            "entry_id": 17530,
            "spacegroup": "P4/mmm",
            "ntypes": 2,
            "band_gap": 0.0,
            "delta_e": -0.48892004
        },
        {
            "name": "YbIr",
            "entry_id": 17538,
            "spacegroup": "Pm-3m",
            "ntypes": 2,
            "band_gap": 0.0,
            "delta_e": -0.320504415
        },
        {
            "name": "YIr",
            "entry_id": 17536,
            "spacegroup": "Pm-3m",
            "ntypes": 2,
            "band_gap": 0.0,
            "delta_e": -0.784881452500001
        },
        {
            "name": "ZrIr",
            "entry_id": 17541,
            "spacegroup": "Pm-3m",
            "ntypes": 2,
            "band_gap": 0.0,
            "delta_e": -0.766821889999999
        },
        {
            "name": "TiIr",
            "entry_id": 18867,
            "spacegroup": "Pm-3m",
            "ntypes": 2,
            "band_gap": 0.0,
            "delta_e": -0.783705421893133
        },
        {
            "name": "Sn2Ir",
            "entry_id": 19398,
            "spacegroup": "Fm-3m",
            "ntypes": 2,
            "band_gap": 0.0,
            "delta_e": -0.351585001234135
        },
        {
            "name": "Te2Ir",
            "entry_id": 6396,
            "spacegroup": "P-3m1",
            "ntypes": 2,
            "band_gap": 0.0,
            "delta_e": -0.260861555555553
        },
        {
            "name": "PIr2",
            "entry_id": 30622,
            "spacegroup": "Fm-3m",
            "ntypes": 2,
            "band_gap": 0.0,
            "delta_e": -0.484764012986646
        },
        {
            "name": "MnSbIr",
            "entry_id": 8492,
            "spacegroup": "F-43m",
            "ntypes": 3,
            "band_gap": 0.0,
            "delta_e": -0.201842402931034
        },
        {
            "name": "MnSnIr",
            "entry_id": 17497,
            "spacegroup": "F-43m",
            "ntypes": 3,
            "band_gap": 0.0,
            "delta_e": 0.257139199785232
        },
        {
            "name": "HfIr3",
            "entry_id": 17363,
            "spacegroup": "Pm-3m",
            "ntypes": 2,
            "band_gap": 0.0,
            "delta_e": -0.80344056875
        },
        {
            "name": "LiIn2Ir",
            "entry_id": 18380,
            "spacegroup": "Fm-3m",
            "ntypes": 3,
            "band_gap": 0.0,
            "delta_e": -0.3257415925
        },
        {
            "name": "ThIr",
            "entry_id": 19405,
            "spacegroup": "Cmcm",
            "ntypes": 2,
            "band_gap": 0.0,
            "delta_e": -1.016524805
        },
        {
            "name": "IrC2",
            "entry_id": 22340,
            "spacegroup": "I4/mmm",
            "ntypes": 2,
            "band_gap": 0.0,
            "delta_e": 1.460855815
        },
        {
            "name": "SbIr",
            "entry_id": 8426,
            "spacegroup": "P63/mmc",
            "ntypes": 2,
            "band_gap": 0.0,
            "delta_e": -0.200254405000001
        },
        {
            "name": "CrIr3",
            "entry_id": 29555,
            "spacegroup": "Pm-3m",
            "ntypes": 2,
            "band_gap": 0.0,
            "delta_e": -0.22469347
        },
        {
            "name": "DyIr3",
            "entry_id": 17183,
            "spacegroup": "Pm-3m",
            "ntypes": 2,
            "band_gap": 0.0,
            "delta_e": -0.418495386666668
        },
        {
            "name": "LiAl2Ir",
            "entry_id": 17726,
            "spacegroup": "Fm-3m",
            "ntypes": 3,
            "band_gap": 0.0,
            "delta_e": -0.732980067500001
        },
        {
            "name": "GdIr3",
            "entry_id": 30380,
            "spacegroup": "Pm-3m",
            "ntypes": 2,
            "band_gap": 0.0,
            "delta_e": -0.353579579374999
        },
        {
            "name": "Li2GaIr",
            "entry_id": 18509,
            "spacegroup": "F-43m",
            "ntypes": 3,
            "band_gap": 0.0,
            "delta_e": -0.43100052125
        },
        {
            "name": "LiIr3",
            "entry_id": 17491,
            "spacegroup": "Imm2",
            "ntypes": 2,
            "band_gap": 0.0,
            "delta_e": -0.1813945775
        },
        {
            "name": "MoIr",
            "entry_id": 17498,
            "spacegroup": "Pmma",
            "ntypes": 2,
            "band_gap": 0.0,
            "delta_e": -0.3234847825
        },
        {
            "name": "NbIr3",
            "entry_id": 17502,
            "spacegroup": "Pm-3m",
            "ntypes": 2,
            "band_gap": 0.0,
            "delta_e": -0.5907102225
        },
        {
            "name": "TaIr3",
            "entry_id": 17518,
            "spacegroup": "Pm-3m",
            "ntypes": 2,
            "band_gap": 0.0,
            "delta_e": -0.688220857500001
        },
        {
            "name": "TiIr3",
            "entry_id": 17524,
            "spacegroup": "Pm-3m",
            "ntypes": 2,
            "band_gap": 0.0,
            "delta_e": -0.721585048446567
        },
        {
            "name": "VIr3",
            "entry_id": 17533,
            "spacegroup": "Pm-3m",
            "ntypes": 2,
            "band_gap": 0.0,
            "delta_e": -0.4731191275
        },
        {
            "name": "ZrIr3",
            "entry_id": 17544,
            "spacegroup": "Pm-3m",
            "ntypes": 2,
            "band_gap": 0.0,
            "delta_e": -0.7139492825
        },
        {
            "name": "PaIr3",
            "entry_id": 17507,
            "spacegroup": "Pm-3m",
            "ntypes": 2,
            "band_gap": 0.0,
            "delta_e": -0.85001516
        },
        {
            "name": "NdIr3",
            "entry_id": 17504,
            "spacegroup": "Pm-3m",
            "ntypes": 2,
            "band_gap": 0.0,
            "delta_e": -0.15631443125
        },
        {
            "name": "UIr3",
            "entry_id": 17529,
            "spacegroup": "Pm-3m",
            "ntypes": 2,
            "band_gap": 0.0,
            "delta_e": -0.63875885625
        },
        {
            "name": "FeIr3",
            "entry_id": 10122,
            "spacegroup": "Pm-3m",
            "ntypes": 2,
            "band_gap": 0.0,
            "delta_e": -0.0038499699999992
        }
    ],
    "meta": {
        "query": {
            "representation": "http://oqmd.org/oqmdapi/formationenergy?fields=name,entry_id,spacegroup,ntypes,band_gap,delta_e&filter=element_set=(Ir)"
        },
        "api_version": "1.0",
        "time_stamp": "2023-08-05 10:00:25",
        "data_returned": 50,
        "data_available": 41941,
        "comments": "",
        "query_tree": "",
        "more_data_available": true
    },
    "response_message": "OK"
}