{
    "links": {
        "next": "http://oqmd.org/oqmdapi/formationenergy?fields=name%2Centry_id%2Cspacegroup%2Cntypes%2Cband_gap%2Cdelta_e&filter=element_set%3D%28Mg%29&limit=50&offset=50",
        "previous": null,
        "base_url": {
            "href": "https://oqmd.org/oqmdapi",
            "meta": {
                "_oqmd_version": "1.0"
            }
        }
    },
    "resource": {},
    "data": [
        {
            "name": "LuMg",
            "entry_id": 17612,
            "spacegroup": "Pm-3m",
            "ntypes": 2,
            "band_gap": 0.0,
            "delta_e": -0.0441488020833347
        },
        {
            "name": "ErMg",
            "entry_id": 30004,
            "spacegroup": "Pm-3m",
            "ntypes": 2,
            "band_gap": 0.0,
            "delta_e": -0.0665641795833349
        },
        {
            "name": "Mg",
            "entry_id": 8597,
            "spacegroup": "Im-3m",
            "ntypes": 1,
            "band_gap": 0.0,
            "delta_e": 0.0288302008333299
        },
        {
            "name": "NdMg",
            "entry_id": 17630,
            "spacegroup": "Pm-3m",
            "ntypes": 2,
            "band_gap": 0.0,
            "delta_e": -0.114858377083335
        },
        {
            "name": "MgPd",
            "entry_id": 17638,
            "spacegroup": "Pm-3m",
            "ntypes": 2,
            "band_gap": 0.0,
            "delta_e": -0.744475069583335
        },
        {
            "name": "PrMg",
            "entry_id": 17640,
            "spacegroup": "Pm-3m",
            "ntypes": 2,
            "band_gap": 0.0,
            "delta_e": -0.119384248333335
        },
        {
            "name": "MgRh",
            "entry_id": 17646,
            "spacegroup": "Pm-3m",
            "ntypes": 2,
            "band_gap": 0.0,
            "delta_e": -0.476044259583335
        },
        {
            "name": "CeMg",
            "entry_id": 20463,
            "spacegroup": "Pm-3m",
            "ntypes": 2,
            "band_gap": 0.0,
            "delta_e": -0.122780003333335
        },
        {
            "name": "PmMg",
            "entry_id": 20464,
            "spacegroup": "Pm-3m",
            "ntypes": 2,
            "band_gap": 0.0,
            "delta_e": -0.111143110833335
        },
        {
            "name": "EuMg",
            "entry_id": 20465,
            "spacegroup": "Pm-3m",
            "ntypes": 2,
            "band_gap": 0.0,
            "delta_e": -0.099095619583335
        },
        {
            "name": "GdMg",
            "entry_id": 20466,
            "spacegroup": "Pm-3m",
            "ntypes": 2,
            "band_gap": 0.0,
            "delta_e": -0.0927260883333352
        },
        {
            "name": "SmMg",
            "entry_id": 17650,
            "spacegroup": "Pm-3m",
            "ntypes": 2,
            "band_gap": 0.0,
            "delta_e": -0.104368048333335
        },
        {
            "name": "ErMg",
            "entry_id": 20467,
            "spacegroup": "Pm-3m",
            "ntypes": 2,
            "band_gap": 0.0,
            "delta_e": -0.0665710545833349
        },
        {
            "name": "TbMg",
            "entry_id": 17657,
            "spacegroup": "Pm-3m",
            "ntypes": 2,
            "band_gap": 0.0,
            "delta_e": 0.24304753308333
        },
        {
            "name": "MgTl",
            "entry_id": 17660,
            "spacegroup": "Pm-3m",
            "ntypes": 2,
            "band_gap": 0.0,
            "delta_e": -0.0342187620833352
        },
        {
            "name": "TmMg",
            "entry_id": 17661,
            "spacegroup": "Pm-3m",
            "ntypes": 2,
            "band_gap": 0.0,
            "delta_e": -0.0567626895833349
        },
        {
            "name": "MgS",
            "entry_id": 5627,
            "spacegroup": "Fm-3m",
            "ntypes": 2,
            "band_gap": 2.95,
            "delta_e": -1.57958912659001
        },
        {
            "name": "MgHg",
            "entry_id": 17407,
            "spacegroup": "Pm-3m",
            "ntypes": 2,
            "band_gap": 0.0,
            "delta_e": -0.190403187066469
        },
        {
            "name": "YMg",
            "entry_id": 17663,
            "spacegroup": "Pm-3m",
            "ntypes": 2,
            "band_gap": 0.0,
            "delta_e": -0.109400507083335
        },
        {
            "name": "SrMg",
            "entry_id": 17655,
            "spacegroup": "Pm-3m",
            "ntypes": 2,
            "band_gap": 0.0,
            "delta_e": -0.056270089583335
        },
        {
            "name": "MgAg",
            "entry_id": 22530,
            "spacegroup": "Pm-3m",
            "ntypes": 2,
            "band_gap": 0.0,
            "delta_e": -0.254072658333335
        },
        {
            "name": "MgS",
            "entry_id": 20234,
            "spacegroup": "F-43m",
            "ntypes": 2,
            "band_gap": 3.57,
            "delta_e": -1.56869049159001
        },
        {
            "name": "MgO",
            "entry_id": 2577,
            "spacegroup": "Fm-3m",
            "ntypes": 2,
            "band_gap": 4.975,
            "delta_e": -2.94594340252271
        },
        {
            "name": "MgTe",
            "entry_id": 20235,
            "spacegroup": "F-43m",
            "ntypes": 2,
            "band_gap": 2.458,
            "delta_e": -0.87960008125
        },
        {
            "name": "Mg",
            "entry_id": 9226,
            "spacegroup": "P63/mmc",
            "ntypes": 1,
            "band_gap": 0.0,
            "delta_e": 0.000193605833329835
        },
        {
            "name": "MgAu",
            "entry_id": 10777,
            "spacegroup": "Pm-3m",
            "ntypes": 2,
            "band_gap": 0.0,
            "delta_e": -0.615378534583335
        },
        {
            "name": "HoMg",
            "entry_id": 17460,
            "spacegroup": "Pm-3m",
            "ntypes": 2,
            "band_gap": 0.0,
            "delta_e": -0.07310239125
        },
        {
            "name": "HoMg",
            "entry_id": 17459,
            "spacegroup": "Pm-3m",
            "ntypes": 2,
            "band_gap": 0.0,
            "delta_e": -0.0730864112499998
        },
        {
            "name": "MgTe",
            "entry_id": 21386,
            "spacegroup": "Fm-3m",
            "ntypes": 2,
            "band_gap": 0.596,
            "delta_e": -0.81266057125
        },
        {
            "name": "DyMg",
            "entry_id": 18829,
            "spacegroup": "Pm-3m",
            "ntypes": 2,
            "band_gap": 0.0,
            "delta_e": -0.0793982929166699
        },
        {
            "name": "LaMg",
            "entry_id": 17558,
            "spacegroup": "Pm-3m",
            "ntypes": 2,
            "band_gap": 0.0,
            "delta_e": -0.115284109583335
        },
        {
            "name": "MgSc",
            "entry_id": 18869,
            "spacegroup": "Pm-3m",
            "ntypes": 2,
            "band_gap": 0.0,
            "delta_e": -0.0425309470833346
        },
        {
            "name": "Mg2Pb",
            "entry_id": 17637,
            "spacegroup": "Fm-3m",
            "ntypes": 2,
            "band_gap": 0.0,
            "delta_e": -0.0630420461111134
        },
        {
            "name": "Mg2Si",
            "entry_id": 17649,
            "spacegroup": "Fm-3m",
            "ntypes": 2,
            "band_gap": 0.281000000000001,
            "delta_e": -0.16171741777778
        },
        {
            "name": "MgB2",
            "entry_id": 5087,
            "spacegroup": "P6/mmm",
            "ntypes": 2,
            "band_gap": 0.0,
            "delta_e": -0.139979273055557
        },
        {
            "name": "Mg2Sn",
            "entry_id": 17653,
            "spacegroup": "Fm-3m",
            "ntypes": 2,
            "band_gap": 0.0,
            "delta_e": -0.222422621728181
        },
        {
            "name": "LiMgAs",
            "entry_id": 18731,
            "spacegroup": "F-43m",
            "ntypes": 3,
            "band_gap": 1.61,
            "delta_e": -0.75554958138889
        },
        {
            "name": "MgHg2",
            "entry_id": 17411,
            "spacegroup": "I4/mmm",
            "ntypes": 2,
            "band_gap": 0.0,
            "delta_e": -0.0805702463664025
        },
        {
            "name": "MgAgAs",
            "entry_id": 8210,
            "spacegroup": "F-43m",
            "ntypes": 3,
            "band_gap": 0.0,
            "delta_e": -0.222017740555556
        },
        {
            "name": "Tb2Mg",
            "entry_id": 9974,
            "spacegroup": "I4/mmm",
            "ntypes": 2,
            "band_gap": 0.0,
            "delta_e": 0.39621230383333
        },
        {
            "name": "Er2Mg",
            "entry_id": 9973,
            "spacegroup": "I4/mmm",
            "ntypes": 2,
            "band_gap": 0.0,
            "delta_e": -0.0287803963888897
        },
        {
            "name": "MgCl2",
            "entry_id": 4898,
            "spacegroup": "R-3m",
            "ntypes": 2,
            "band_gap": 5.632,
            "delta_e": -2.10061186013497
        },
        {
            "name": "LiMgBi",
            "entry_id": 18757,
            "spacegroup": "F-43m",
            "ntypes": 3,
            "band_gap": 0.794999999999999,
            "delta_e": -0.43146670138889
        },
        {
            "name": "MgCl2",
            "entry_id": 3675,
            "spacegroup": "P-3m1",
            "ntypes": 2,
            "band_gap": 5.607,
            "delta_e": -2.10036997346831
        },
        {
            "name": "MgH2",
            "entry_id": 21129,
            "spacegroup": "Fm-3m",
            "ntypes": 2,
            "band_gap": 0.0,
            "delta_e": -0.0737973411783403
        },
        {
            "name": "MgBr2",
            "entry_id": 21090,
            "spacegroup": "P-3m1",
            "ntypes": 2,
            "band_gap": 4.627,
            "delta_e": -1.71804218466611
        },
        {
            "name": "MgCuSb",
            "entry_id": 13949,
            "spacegroup": "F-43m",
            "ntypes": 3,
            "band_gap": 0.0,
            "delta_e": -0.282868568055556
        },
        {
            "name": "MgSnAu",
            "entry_id": 3449,
            "spacegroup": "F-43m",
            "ntypes": 3,
            "band_gap": 0.0,
            "delta_e": -0.478635298672624
        },
        {
            "name": "MgNiBi",
            "entry_id": 13702,
            "spacegroup": "F-43m",
            "ntypes": 3,
            "band_gap": 0.0,
            "delta_e": -0.226555144722223
        },
        {
            "name": "MgCuSn",
            "entry_id": 29730,
            "spacegroup": "F-43m",
            "ntypes": 3,
            "band_gap": 0.0,
            "delta_e": -0.213858978672624
        }
    ],
    "meta": {
        "query": {
            "representation": "http://oqmd.org/oqmdapi/formationenergy?fields=name,entry_id,spacegroup,ntypes,band_gap,delta_e&filter=element_set=(Mg)"
        },
        "api_version": "1.0",
        "time_stamp": "2023-08-01 00:12:13",
        "data_returned": 50,
        "data_available": 58424,
        "comments": "",
        "query_tree": "",
        "more_data_available": true
    },
    "response_message": "OK"
}