{
    "links": {
        "next": "http://oqmd.org/oqmdapi/formationenergy?fields=name%2Centry_id%2Cspacegroup%2Cntypes%2Cband_gap%2Cdelta_e&filter=element_set%3D%28Ni%29&limit=50&offset=50",
        "previous": null,
        "base_url": {
            "href": "https://oqmd.org/oqmdapi",
            "meta": {
                "_oqmd_version": "1.0"
            }
        }
    },
    "resource": {},
    "data": [
        {
            "name": "Ni",
            "entry_id": 22516,
            "spacegroup": "Im-3m",
            "ntypes": 1,
            "band_gap": 0.0,
            "delta_e": 0.0907972999999993
        },
        {
            "name": "ZnNi",
            "entry_id": 17859,
            "spacegroup": "P4/mmm",
            "ntypes": 2,
            "band_gap": 0.0,
            "delta_e": -0.26207291
        },
        {
            "name": "ZnNi",
            "entry_id": 17860,
            "spacegroup": "Pm-3m",
            "ntypes": 2,
            "band_gap": 0.0,
            "delta_e": -0.249743215000001
        },
        {
            "name": "NiC",
            "entry_id": 22221,
            "spacegroup": "Fm-3m",
            "ntypes": 2,
            "band_gap": 0.0,
            "delta_e": 1.10668469625
        },
        {
            "name": "NiHg",
            "entry_id": 30533,
            "spacegroup": "P4/mmm",
            "ntypes": 2,
            "band_gap": 0.0,
            "delta_e": 0.234144577516866
        },
        {
            "name": "NiN",
            "entry_id": 20468,
            "spacegroup": "F-43m",
            "ntypes": 2,
            "band_gap": 0.0,
            "delta_e": 0.347587327328247
        },
        {
            "name": "GaNi",
            "entry_id": 30309,
            "spacegroup": "Pm-3m",
            "ntypes": 2,
            "band_gap": 0.0,
            "delta_e": -0.3757070325
        },
        {
            "name": "NiO",
            "entry_id": 2580,
            "spacegroup": "Fm-3m",
            "ntypes": 2,
            "band_gap": 2.62,
            "delta_e": -1.23937222615822
        },
        {
            "name": "NiO",
            "entry_id": 13807,
            "spacegroup": "C2/m",
            "ntypes": 2,
            "band_gap": 2.61,
            "delta_e": -1.24138583615822
        },
        {
            "name": "MnNi",
            "entry_id": 17670,
            "spacegroup": "P4/mmm",
            "ntypes": 2,
            "band_gap": 0.0,
            "delta_e": -0.0126505568965509
        },
        {
            "name": "NiPt",
            "entry_id": 30843,
            "spacegroup": "P4/mmm",
            "ntypes": 2,
            "band_gap": 0.0,
            "delta_e": -0.101100919999999
        },
        {
            "name": "MnNi",
            "entry_id": 17671,
            "spacegroup": "Pm-3m",
            "ntypes": 2,
            "band_gap": 0.0,
            "delta_e": -0.0302652018965501
        },
        {
            "name": "AlNi",
            "entry_id": 10516,
            "spacegroup": "Pm-3m",
            "ntypes": 2,
            "band_gap": 0.0,
            "delta_e": -0.669379795
        },
        {
            "name": "NiO",
            "entry_id": 8206,
            "spacegroup": "R-3m",
            "ntypes": 2,
            "band_gap": 2.611,
            "delta_e": -1.24151304615822
        },
        {
            "name": "ZnNi",
            "entry_id": 17861,
            "spacegroup": "F-43m",
            "ntypes": 2,
            "band_gap": 0.0,
            "delta_e": 0.81297172
        },
        {
            "name": "ZnNi",
            "entry_id": 30881,
            "spacegroup": "P4/mmm",
            "ntypes": 2,
            "band_gap": 0.0,
            "delta_e": -0.262073060000001
        },
        {
            "name": "FeNi",
            "entry_id": 17225,
            "spacegroup": "P4/mmm",
            "ntypes": 2,
            "band_gap": 0.0,
            "delta_e": -0.0687964250000004
        },
        {
            "name": "NiHg",
            "entry_id": 17421,
            "spacegroup": "P4/mmm",
            "ntypes": 2,
            "band_gap": 0.0,
            "delta_e": 0.234129922516865
        },
        {
            "name": "ScNi",
            "entry_id": 17795,
            "spacegroup": "Pm-3m",
            "ntypes": 2,
            "band_gap": 0.0,
            "delta_e": -0.515840327499999
        },
        {
            "name": "NiH",
            "entry_id": 10077,
            "spacegroup": "Fm-3m",
            "ntypes": 2,
            "band_gap": 0.0,
            "delta_e": -0.0498987760920881
        },
        {
            "name": "BeNi",
            "entry_id": 10894,
            "spacegroup": "Pm-3m",
            "ntypes": 2,
            "band_gap": 0.0,
            "delta_e": -0.47001106
        },
        {
            "name": "NiO",
            "entry_id": 21113,
            "spacegroup": "Fm-3m",
            "ntypes": 2,
            "band_gap": 2.627,
            "delta_e": -1.23863952115822
        },
        {
            "name": "NiPt",
            "entry_id": 17788,
            "spacegroup": "P4/mmm",
            "ntypes": 2,
            "band_gap": 0.0,
            "delta_e": -0.10111708
        },
        {
            "name": "NiHg",
            "entry_id": 16942,
            "spacegroup": "P4/mmm",
            "ntypes": 2,
            "band_gap": 0.0,
            "delta_e": 0.233642272516866
        },
        {
            "name": "InNi",
            "entry_id": 11114,
            "spacegroup": "Pm-3m",
            "ntypes": 2,
            "band_gap": 0.0,
            "delta_e": -0.114484045
        },
        {
            "name": "FeNi",
            "entry_id": 30230,
            "spacegroup": "P4/mmm",
            "ntypes": 2,
            "band_gap": 0.0,
            "delta_e": -0.0687936650000003
        },
        {
            "name": "TiNi",
            "entry_id": 17838,
            "spacegroup": "Pm-3m",
            "ntypes": 2,
            "band_gap": 0.0,
            "delta_e": -0.377978861893132
        },
        {
            "name": "MnNi",
            "entry_id": 30736,
            "spacegroup": "P4/mmm",
            "ntypes": 2,
            "band_gap": 0.0,
            "delta_e": -0.012629066896551
        },
        {
            "name": "Si2Ni",
            "entry_id": 20679,
            "spacegroup": "Fm-3m",
            "ntypes": 2,
            "band_gap": 0.0,
            "delta_e": -0.349402476666667
        },
        {
            "name": "ScNiBi",
            "entry_id": 10948,
            "spacegroup": "F-43m",
            "ntypes": 3,
            "band_gap": 0.438,
            "delta_e": -0.652218226666665
        },
        {
            "name": "VNiSb",
            "entry_id": 13819,
            "spacegroup": "F-43m",
            "ntypes": 3,
            "band_gap": 0.0,
            "delta_e": -0.121093221666667
        },
        {
            "name": "GdNiBi",
            "entry_id": 10932,
            "spacegroup": "F-43m",
            "ntypes": 3,
            "band_gap": 0.361000000000001,
            "delta_e": -0.702532014166666
        },
        {
            "name": "LuNiBi",
            "entry_id": 10941,
            "spacegroup": "F-43m",
            "ntypes": 3,
            "band_gap": 0.277,
            "delta_e": -0.661199746666667
        },
        {
            "name": "HoNiBi",
            "entry_id": 28727,
            "spacegroup": "F-43m",
            "ntypes": 3,
            "band_gap": 0.260999999999999,
            "delta_e": -0.693795459444444
        },
        {
            "name": "TiNiSb",
            "entry_id": 13817,
            "spacegroup": "F-43m",
            "ntypes": 3,
            "band_gap": 0.0,
            "delta_e": -0.517538456262088
        },
        {
            "name": "NiBr2",
            "entry_id": 4090,
            "spacegroup": "R-3m",
            "ntypes": 2,
            "band_gap": 0.615,
            "delta_e": -0.582836608277224
        },
        {
            "name": "TmNiBi",
            "entry_id": 10949,
            "spacegroup": "F-43m",
            "ntypes": 3,
            "band_gap": 0.272,
            "delta_e": -0.678297475
        },
        {
            "name": "HoNiSb",
            "entry_id": 14625,
            "spacegroup": "F-43m",
            "ntypes": 3,
            "band_gap": 0.391,
            "delta_e": -0.916168149444444
        },
        {
            "name": "Ni2H",
            "entry_id": 22603,
            "spacegroup": "P3m1",
            "ntypes": 2,
            "band_gap": 0.0,
            "delta_e": -0.00988305406139212
        },
        {
            "name": "SmNiAs",
            "entry_id": 26209,
            "spacegroup": "P-6m2",
            "ntypes": 3,
            "band_gap": 0.0,
            "delta_e": -1.05009782083333
        },
        {
            "name": "GdNiSb",
            "entry_id": 30395,
            "spacegroup": "F-43m",
            "ntypes": 3,
            "band_gap": 0.356999999999999,
            "delta_e": -0.9086648475
        },
        {
            "name": "CrNiSb",
            "entry_id": 22486,
            "spacegroup": "F-43m",
            "ntypes": 3,
            "band_gap": 0.0,
            "delta_e": -0.0417798250000002
        },
        {
            "name": "MgNiBi",
            "entry_id": 13702,
            "spacegroup": "F-43m",
            "ntypes": 3,
            "band_gap": 0.0,
            "delta_e": -0.226555144722223
        },
        {
            "name": "TmNiSb",
            "entry_id": 17784,
            "spacegroup": "F-43m",
            "ntypes": 3,
            "band_gap": 0.406,
            "delta_e": -0.910249558333334
        },
        {
            "name": "ThNi2",
            "entry_id": 3097,
            "spacegroup": "P6/mmm",
            "ntypes": 2,
            "band_gap": 0.0,
            "delta_e": -0.440040030000001
        },
        {
            "name": "NiI2",
            "entry_id": 4091,
            "spacegroup": "R-3m",
            "ntypes": 2,
            "band_gap": 0.186,
            "delta_e": -0.218701858285545
        },
        {
            "name": "Ni2H",
            "entry_id": 22651,
            "spacegroup": "P3m1",
            "ntypes": 2,
            "band_gap": 0.0,
            "delta_e": -0.0086487073947256
        },
        {
            "name": "ScNiSb",
            "entry_id": 7232,
            "spacegroup": "F-43m",
            "ntypes": 3,
            "band_gap": 0.438000000000001,
            "delta_e": -0.910821286666666
        },
        {
            "name": "ZnNiSb",
            "entry_id": 22939,
            "spacegroup": "F-43m",
            "ntypes": 3,
            "band_gap": 0.0,
            "delta_e": -0.240081968333334
        },
        {
            "name": "TaNi2",
            "entry_id": 17828,
            "spacegroup": "I4/mmm",
            "ntypes": 2,
            "band_gap": 0.0,
            "delta_e": -0.340049106666668
        }
    ],
    "meta": {
        "query": {
            "representation": "http://oqmd.org/oqmdapi/formationenergy?fields=name,entry_id,spacegroup,ntypes,band_gap,delta_e&filter=element_set=(Ni)"
        },
        "api_version": "1.0",
        "time_stamp": "2023-08-01 00:11:51",
        "data_returned": 50,
        "data_available": 67083,
        "comments": "",
        "query_tree": "",
        "more_data_available": true
    },
    "response_message": "OK"
}