{
    "links": {
        "next": "http://oqmd.org/oqmdapi/formationenergy?fields=name%2Centry_id%2Cspacegroup%2Cntypes%2Cband_gap%2Cdelta_e&filter=element_set%3D%28Np%29&limit=50&offset=50",
        "previous": null,
        "base_url": {
            "href": "https://oqmd.org/oqmdapi",
            "meta": {
                "_oqmd_version": "1.0"
            }
        }
    },
    "resource": {},
    "data": [
        {
            "name": "Np",
            "entry_id": 13705,
            "spacegroup": "Im-3m",
            "ntypes": 1,
            "band_gap": 0.0,
            "delta_e": 0.44372416125
        },
        {
            "name": "NpP",
            "entry_id": 8383,
            "spacegroup": "Fm-3m",
            "ntypes": 2,
            "band_gap": 0.0,
            "delta_e": -0.988323003854969
        },
        {
            "name": "NpO",
            "entry_id": 6097,
            "spacegroup": "Fm-3m",
            "ntypes": 2,
            "band_gap": 0.0,
            "delta_e": -2.61667458706062
        },
        {
            "name": "NpN",
            "entry_id": 6099,
            "spacegroup": "Fm-3m",
            "ntypes": 2,
            "band_gap": 0.0,
            "delta_e": -1.21245721204675
        },
        {
            "name": "NpS",
            "entry_id": 8384,
            "spacegroup": "Fm-3m",
            "ntypes": 2,
            "band_gap": 0.0,
            "delta_e": -1.50850443638168
        },
        {
            "name": "NpTe",
            "entry_id": 10375,
            "spacegroup": "Pm-3m",
            "ntypes": 2,
            "band_gap": 0.0,
            "delta_e": -0.536375376041667
        },
        {
            "name": "NpSe",
            "entry_id": 18457,
            "spacegroup": "Fm-3m",
            "ntypes": 2,
            "band_gap": 0.0,
            "delta_e": -1.062620334375
        },
        {
            "name": "NpTe",
            "entry_id": 18458,
            "spacegroup": "Fm-3m",
            "ntypes": 2,
            "band_gap": 0.0,
            "delta_e": -0.559777596041666
        },
        {
            "name": "NpAs",
            "entry_id": 8260,
            "spacegroup": "Fm-3m",
            "ntypes": 2,
            "band_gap": 0.0,
            "delta_e": -0.681358101875
        },
        {
            "name": "NpAs",
            "entry_id": 11602,
            "spacegroup": "Pm-3m",
            "ntypes": 2,
            "band_gap": 0.0,
            "delta_e": -0.543942146875001
        },
        {
            "name": "NpSb",
            "entry_id": 8385,
            "spacegroup": "Fm-3m",
            "ntypes": 2,
            "band_gap": 0.0,
            "delta_e": -0.191958601874999
        },
        {
            "name": "NpC",
            "entry_id": 13920,
            "spacegroup": "Fm-3m",
            "ntypes": 2,
            "band_gap": 0.0,
            "delta_e": 0.171525791875
        },
        {
            "name": "NpBi",
            "entry_id": 18456,
            "spacegroup": "Fm-3m",
            "ntypes": 2,
            "band_gap": 0.0,
            "delta_e": 0.106636173124999
        },
        {
            "name": "NpB2",
            "entry_id": 8441,
            "spacegroup": "Cmmm",
            "ntypes": 2,
            "band_gap": 0.0,
            "delta_e": -0.403486999583334
        },
        {
            "name": "NpSb",
            "entry_id": 30885,
            "spacegroup": "P4/mmm",
            "ntypes": 2,
            "band_gap": 0.0,
            "delta_e": -0.174703756874999
        },
        {
            "name": "NpSb",
            "entry_id": 10374,
            "spacegroup": "P4/mmm",
            "ntypes": 2,
            "band_gap": 0.0,
            "delta_e": -0.171874841874999
        },
        {
            "name": "NpO2",
            "entry_id": 30883,
            "spacegroup": "Fm-3m",
            "ntypes": 2,
            "band_gap": 2.612,
            "delta_e": -3.71040866
        },
        {
            "name": "NpRh3",
            "entry_id": 17873,
            "spacegroup": "Pm-3m",
            "ntypes": 2,
            "band_gap": 0.0,
            "delta_e": -0.354405087187502
        },
        {
            "name": "NpSn3",
            "entry_id": 17875,
            "spacegroup": "Pm-3m",
            "ntypes": 2,
            "band_gap": 0.0,
            "delta_e": -0.207199044825901
        },
        {
            "name": "Np3Sn",
            "entry_id": 17876,
            "spacegroup": "Pm-3m",
            "ntypes": 2,
            "band_gap": 0.0,
            "delta_e": 0.2163139917247
        },
        {
            "name": "Np3Tl",
            "entry_id": 17877,
            "spacegroup": "Pm-3m",
            "ntypes": 2,
            "band_gap": 0.0,
            "delta_e": 0.545530579687499
        },
        {
            "name": "NpAl3",
            "entry_id": 10537,
            "spacegroup": "Pm-3m",
            "ntypes": 2,
            "band_gap": 0.0,
            "delta_e": -0.0962618446875005
        },
        {
            "name": "NpGa2",
            "entry_id": 18368,
            "spacegroup": "Cmmm",
            "ntypes": 2,
            "band_gap": 0.0,
            "delta_e": -0.148693809583334
        },
        {
            "name": "Np",
            "entry_id": 8382,
            "spacegroup": "P4/nmm",
            "ntypes": 1,
            "band_gap": 0.0,
            "delta_e": 0.0804232462499996
        },
        {
            "name": "NpIn3",
            "entry_id": 18460,
            "spacegroup": "Pm-3m",
            "ntypes": 2,
            "band_gap": 0.0,
            "delta_e": -0.00440681968750045
        },
        {
            "name": "NpGe3",
            "entry_id": 10307,
            "spacegroup": "Pm-3m",
            "ntypes": 2,
            "band_gap": 0.0,
            "delta_e": -0.218187575937501
        },
        {
            "name": "NpGa3",
            "entry_id": 18367,
            "spacegroup": "Pm-3m",
            "ntypes": 2,
            "band_gap": 0.0,
            "delta_e": -0.191847125937501
        },
        {
            "name": "BaNpO3",
            "entry_id": 11468,
            "spacegroup": "P4/mmm",
            "ntypes": 3,
            "band_gap": 2.366,
            "delta_e": -3.33861833117575
        },
        {
            "name": "NpSi2Au2",
            "entry_id": 13064,
            "spacegroup": "I4/mmm",
            "ntypes": 3,
            "band_gap": 0.0,
            "delta_e": -0.237654843750001
        },
        {
            "name": "NpSi2Ru2",
            "entry_id": 13056,
            "spacegroup": "I4/mmm",
            "ntypes": 3,
            "band_gap": 0.0,
            "delta_e": -0.583493885750001
        },
        {
            "name": "NpPt",
            "entry_id": 30884,
            "spacegroup": "Cmcm",
            "ntypes": 2,
            "band_gap": 0.0,
            "delta_e": -0.454639976875001
        },
        {
            "name": "NpSi2Os2",
            "entry_id": 13061,
            "spacegroup": "I4/mmm",
            "ntypes": 3,
            "band_gap": 0.0,
            "delta_e": -0.433050973750001
        },
        {
            "name": "NpGe2Rh2",
            "entry_id": 10309,
            "spacegroup": "I4/mmm",
            "ntypes": 3,
            "band_gap": 0.0,
            "delta_e": -0.30746096375
        },
        {
            "name": "NpMn2Si2",
            "entry_id": 30740,
            "spacegroup": "I4/mmm",
            "ntypes": 3,
            "band_gap": 0.0,
            "delta_e": -0.343567779267241
        },
        {
            "name": "NpSi2",
            "entry_id": 6061,
            "spacegroup": "I41/amd",
            "ntypes": 2,
            "band_gap": 0.0,
            "delta_e": -0.256895052916667
        },
        {
            "name": "NpGe2Pd2",
            "entry_id": 10308,
            "spacegroup": "I4/mmm",
            "ntypes": 3,
            "band_gap": 0.0,
            "delta_e": -0.433863773750001
        },
        {
            "name": "NpFe2Si2",
            "entry_id": 30232,
            "spacegroup": "I4/mmm",
            "ntypes": 3,
            "band_gap": 0.0,
            "delta_e": -0.309818927750001
        },
        {
            "name": "NpAs2",
            "entry_id": 8261,
            "spacegroup": "P4/nmm",
            "ntypes": 2,
            "band_gap": 0.0,
            "delta_e": -0.552596872916666
        },
        {
            "name": "NpAsS",
            "entry_id": 8262,
            "spacegroup": "P4/nmm",
            "ntypes": 3,
            "band_gap": 0.0,
            "delta_e": -1.20484422425445
        },
        {
            "name": "NpTe2",
            "entry_id": 30889,
            "spacegroup": "P4/nmm",
            "ntypes": 2,
            "band_gap": 0.0,
            "delta_e": -0.620925821805553
        },
        {
            "name": "NpSeO",
            "entry_id": 26960,
            "spacegroup": "P4/nmm",
            "ntypes": 3,
            "band_gap": 0.0,
            "delta_e": -2.44189438304041
        },
        {
            "name": "NpIO",
            "entry_id": 22563,
            "spacegroup": "P4/nmm",
            "ntypes": 3,
            "band_gap": 1.479,
            "delta_e": -2.74030675884986
        },
        {
            "name": "NpTeAs",
            "entry_id": 8264,
            "spacegroup": "P4/nmm",
            "ntypes": 3,
            "band_gap": 0.0,
            "delta_e": -0.637323749027776
        },
        {
            "name": "NpB6",
            "entry_id": 28566,
            "spacegroup": "Pm-3m",
            "ntypes": 2,
            "band_gap": 0.0,
            "delta_e": -0.263127888392858
        },
        {
            "name": "NpIr2",
            "entry_id": 17506,
            "spacegroup": "Fd-3m",
            "ntypes": 2,
            "band_gap": 0.0,
            "delta_e": -0.230826962916666
        },
        {
            "name": "NpAsSe",
            "entry_id": 8263,
            "spacegroup": "P4/nmm",
            "ntypes": 3,
            "band_gap": 0.0,
            "delta_e": -0.952881551250001
        },
        {
            "name": "NpSbTe",
            "entry_id": 30886,
            "spacegroup": "P4/nmm",
            "ntypes": 3,
            "band_gap": 0.0,
            "delta_e": -0.568664215694444
        },
        {
            "name": "NpO2F2",
            "entry_id": 6082,
            "spacegroup": "R-3m",
            "ntypes": 3,
            "band_gap": 0.0,
            "delta_e": -3.04949144165244
        },
        {
            "name": "NpRu2",
            "entry_id": 17874,
            "spacegroup": "Fd-3m",
            "ntypes": 2,
            "band_gap": 0.0,
            "delta_e": 0.00887923708333342
        },
        {
            "name": "NpAl2Pd5",
            "entry_id": 20423,
            "spacegroup": "I4/mmm",
            "ntypes": 3,
            "band_gap": 0.0,
            "delta_e": -0.683634324843749
        }
    ],
    "meta": {
        "query": {
            "representation": "http://oqmd.org/oqmdapi/formationenergy?fields=name,entry_id,spacegroup,ntypes,band_gap,delta_e&filter=element_set=(Np)"
        },
        "api_version": "1.0",
        "time_stamp": "2023-08-01 00:10:00",
        "data_returned": 50,
        "data_available": 15063,
        "comments": "",
        "query_tree": "",
        "more_data_available": true
    },
    "response_message": "OK"
}