{
    "links": {
        "next": "http://oqmd.org/oqmdapi/formationenergy?fields=name%2Centry_id%2Cspacegroup%2Cntypes%2Cband_gap%2Cdelta_e&filter=element_set%3D%28Os%29&limit=50&offset=50",
        "previous": null,
        "base_url": {
            "href": "https://oqmd.org/oqmdapi",
            "meta": {
                "_oqmd_version": "1.0"
            }
        }
    },
    "resource": {},
    "data": [
        {
            "name": "Os",
            "entry_id": 7520,
            "spacegroup": "Fm-3m",
            "ntypes": 1,
            "band_gap": 0.0,
            "delta_e": 0.13649345
        },
        {
            "name": "VOs",
            "entry_id": 19422,
            "spacegroup": "Pm-3m",
            "ntypes": 2,
            "band_gap": 0.0,
            "delta_e": -0.226330055
        },
        {
            "name": "HfOs",
            "entry_id": 17380,
            "spacegroup": "Pm-3m",
            "ntypes": 2,
            "band_gap": 0.0,
            "delta_e": -0.7081181225
        },
        {
            "name": "TiOs",
            "entry_id": 17904,
            "spacegroup": "Pm-3m",
            "ntypes": 2,
            "band_gap": 0.0,
            "delta_e": -0.735973226893133
        },
        {
            "name": "ZrOs",
            "entry_id": 17906,
            "spacegroup": "Pm-3m",
            "ntypes": 2,
            "band_gap": 0.0,
            "delta_e": -0.527704249999999
        },
        {
            "name": "BOs",
            "entry_id": 22308,
            "spacegroup": "P-6m2",
            "ntypes": 2,
            "band_gap": 0.0,
            "delta_e": -0.236791
        },
        {
            "name": "AlOs",
            "entry_id": 10544,
            "spacegroup": "Pm-3m",
            "ntypes": 2,
            "band_gap": 0.0,
            "delta_e": -0.39558665
        },
        {
            "name": "OsN",
            "entry_id": 21325,
            "spacegroup": "Fm-3m",
            "ntypes": 2,
            "band_gap": 0.0,
            "delta_e": 1.45457860732825
        },
        {
            "name": "SiOs",
            "entry_id": 8080,
            "spacegroup": "Pm-3m",
            "ntypes": 2,
            "band_gap": 0.0,
            "delta_e": -0.3434495625
        },
        {
            "name": "OsN",
            "entry_id": 21336,
            "spacegroup": "F-43m",
            "ntypes": 2,
            "band_gap": 0.0,
            "delta_e": 0.571900457328248
        },
        {
            "name": "Al2Os",
            "entry_id": 10545,
            "spacegroup": "I4/mmm",
            "ntypes": 2,
            "band_gap": 0.418000000000001,
            "delta_e": -0.561887096666667
        },
        {
            "name": "OsC2",
            "entry_id": 21370,
            "spacegroup": "P-6m2",
            "ntypes": 2,
            "band_gap": 0.0,
            "delta_e": 0.593054805
        },
        {
            "name": "OsN2",
            "entry_id": 23730,
            "spacegroup": "P6/mmm",
            "ntypes": 2,
            "band_gap": 0.0,
            "delta_e": 0.162725893104329
        },
        {
            "name": "OsC",
            "entry_id": 22256,
            "spacegroup": "P63/mmc",
            "ntypes": 2,
            "band_gap": 0.0,
            "delta_e": 0.92446982875
        },
        {
            "name": "OsN",
            "entry_id": 21264,
            "spacegroup": "Pmn21",
            "ntypes": 2,
            "band_gap": 0.0,
            "delta_e": 0.314529154828248
        },
        {
            "name": "TbSi2Os2",
            "entry_id": 14007,
            "spacegroup": "I4/mmm",
            "ntypes": 3,
            "band_gap": 0.0,
            "delta_e": -0.593534384933334
        },
        {
            "name": "OsCl2O",
            "entry_id": 15020,
            "spacegroup": "Immm",
            "ntypes": 3,
            "band_gap": 0.0,
            "delta_e": -0.93941850927925
        },
        {
            "name": "Al3Os2",
            "entry_id": 10546,
            "spacegroup": "I4/mmm",
            "ntypes": 2,
            "band_gap": 0.0,
            "delta_e": -0.491840606
        },
        {
            "name": "TmSi2Os2",
            "entry_id": 30901,
            "spacegroup": "I4/mmm",
            "ntypes": 3,
            "band_gap": 0.0,
            "delta_e": -0.713249208000001
        },
        {
            "name": "YSi2Os2",
            "entry_id": 30903,
            "spacegroup": "I4/mmm",
            "ntypes": 3,
            "band_gap": 0.0,
            "delta_e": -0.722871383
        },
        {
            "name": "OsCl4",
            "entry_id": 1857,
            "spacegroup": "Cmmm",
            "ntypes": 2,
            "band_gap": 0.622,
            "delta_e": -0.666120806495298
        },
        {
            "name": "PrSi2Os2",
            "entry_id": 30898,
            "spacegroup": "I4/mmm",
            "ntypes": 3,
            "band_gap": 0.0,
            "delta_e": -0.6838587295
        },
        {
            "name": "PuSi2Os2",
            "entry_id": 13065,
            "spacegroup": "I4/mmm",
            "ntypes": 3,
            "band_gap": 0.0,
            "delta_e": -0.549166486
        },
        {
            "name": "GdSi2Os2",
            "entry_id": 30397,
            "spacegroup": "I4/mmm",
            "ntypes": 3,
            "band_gap": 0.0,
            "delta_e": -0.7245053015
        },
        {
            "name": "YbSi2Os2",
            "entry_id": 30904,
            "spacegroup": "I4/mmm",
            "ntypes": 3,
            "band_gap": 0.0,
            "delta_e": -0.609003184000001
        },
        {
            "name": "DySi2Os2",
            "entry_id": 29902,
            "spacegroup": "I4/mmm",
            "ntypes": 3,
            "band_gap": 0.0,
            "delta_e": -0.724430793333333
        },
        {
            "name": "SrP2Os2",
            "entry_id": 27354,
            "spacegroup": "I4/mmm",
            "ntypes": 3,
            "band_gap": 0.0,
            "delta_e": -0.745239877583974
        },
        {
            "name": "LaSi2Os2",
            "entry_id": 30653,
            "spacegroup": "I4/mmm",
            "ntypes": 3,
            "band_gap": 0.0,
            "delta_e": -0.702272447999999
        },
        {
            "name": "CeSi3Os",
            "entry_id": 29149,
            "spacegroup": "I4mm",
            "ntypes": 3,
            "band_gap": 0.0,
            "delta_e": -0.6095521285
        },
        {
            "name": "HoSi2Os2",
            "entry_id": 10109,
            "spacegroup": "I4/mmm",
            "ntypes": 3,
            "band_gap": 0.0,
            "delta_e": -0.721669494666665
        },
        {
            "name": "NdSi2Os2",
            "entry_id": 30802,
            "spacegroup": "I4/mmm",
            "ntypes": 3,
            "band_gap": 0.0,
            "delta_e": -0.696080979
        },
        {
            "name": "NpSi2Os2",
            "entry_id": 13061,
            "spacegroup": "I4/mmm",
            "ntypes": 3,
            "band_gap": 0.0,
            "delta_e": -0.433050973750001
        },
        {
            "name": "USi2Os2",
            "entry_id": 30902,
            "spacegroup": "I4/mmm",
            "ntypes": 3,
            "band_gap": 0.0,
            "delta_e": -0.524808053000001
        },
        {
            "name": "ErSi2Os2",
            "entry_id": 10337,
            "spacegroup": "I4/mmm",
            "ntypes": 3,
            "band_gap": 0.0,
            "delta_e": -0.718775215999999
        },
        {
            "name": "LuSi2Os2",
            "entry_id": 30696,
            "spacegroup": "I4/mmm",
            "ntypes": 3,
            "band_gap": 0.0,
            "delta_e": -0.699115059
        },
        {
            "name": "ThGe2Os2",
            "entry_id": 30479,
            "spacegroup": "I4/mmm",
            "ntypes": 3,
            "band_gap": 0.0,
            "delta_e": -0.439336489999999
        },
        {
            "name": "P2Os",
            "entry_id": 1801,
            "spacegroup": "Pnnm",
            "ntypes": 2,
            "band_gap": 0.996,
            "delta_e": -0.688954917639959
        },
        {
            "name": "As2Os",
            "entry_id": 1803,
            "spacegroup": "Pnnm",
            "ntypes": 2,
            "band_gap": 0.787,
            "delta_e": -0.221293623333333
        },
        {
            "name": "Sb2Os",
            "entry_id": 1805,
            "spacegroup": "Pnnm",
            "ntypes": 2,
            "band_gap": 0.58,
            "delta_e": -0.0224052583333325
        },
        {
            "name": "LuB2Os3",
            "entry_id": 8410,
            "spacegroup": "P6/mmm",
            "ntypes": 3,
            "band_gap": 0.0,
            "delta_e": -0.345011982499998
        },
        {
            "name": "UB2Os3",
            "entry_id": 8442,
            "spacegroup": "P6/mmm",
            "ntypes": 3,
            "band_gap": 0.0,
            "delta_e": -0.333251077500001
        },
        {
            "name": "PrOs2",
            "entry_id": 17900,
            "spacegroup": "Fd-3m",
            "ntypes": 2,
            "band_gap": 0.0,
            "delta_e": -0.0310591374999992
        },
        {
            "name": "OsC2",
            "entry_id": 21371,
            "spacegroup": "P63/mmc",
            "ntypes": 2,
            "band_gap": 0.0,
            "delta_e": 0.572019496666666
        },
        {
            "name": "B2Os",
            "entry_id": 8048,
            "spacegroup": "Pmmn",
            "ntypes": 2,
            "band_gap": 0.0,
            "delta_e": -0.213096800000001
        },
        {
            "name": "Ge2Os",
            "entry_id": 8193,
            "spacegroup": "C2/m",
            "ntypes": 2,
            "band_gap": 0.0,
            "delta_e": -0.082374801666667
        },
        {
            "name": "LaOs2",
            "entry_id": 17567,
            "spacegroup": "Fd-3m",
            "ntypes": 2,
            "band_gap": 0.0,
            "delta_e": -0.0419115633333327
        },
        {
            "name": "OsN2",
            "entry_id": 21161,
            "spacegroup": "Pnnm",
            "ntypes": 2,
            "band_gap": 0.0,
            "delta_e": 0.38944844810433
        },
        {
            "name": "OsO2",
            "entry_id": 2971,
            "spacegroup": "P42/mnm",
            "ntypes": 2,
            "band_gap": 0.0,
            "delta_e": -1.16083538891917
        },
        {
            "name": "OsN2",
            "entry_id": 23731,
            "spacegroup": "P4/mbm",
            "ntypes": 2,
            "band_gap": 0.0,
            "delta_e": 1.02963342143766
        },
        {
            "name": "UOs2",
            "entry_id": 17905,
            "spacegroup": "Fd-3m",
            "ntypes": 2,
            "band_gap": 0.0,
            "delta_e": -0.0880044366666652
        }
    ],
    "meta": {
        "query": {
            "representation": "http://oqmd.org/oqmdapi/formationenergy?fields=name,entry_id,spacegroup,ntypes,band_gap,delta_e&filter=element_set=(Os)"
        },
        "api_version": "1.0",
        "time_stamp": "2023-08-05 10:00:12",
        "data_returned": 50,
        "data_available": 33592,
        "comments": "",
        "query_tree": "",
        "more_data_available": true
    },
    "response_message": "OK"
}