{
    "links": {
        "next": "http://oqmd.org/oqmdapi/formationenergy?fields=name%2Centry_id%2Cspacegroup%2Cntypes%2Cband_gap%2Cdelta_e&filter=element_set%3D%28Pa%29&limit=50&offset=50",
        "previous": null,
        "base_url": {
            "href": "https://oqmd.org/oqmdapi",
            "meta": {
                "_oqmd_version": "1.0"
            }
        }
    },
    "resource": {},
    "data": [
        {
            "name": "Pa",
            "entry_id": 4672,
            "spacegroup": "I4/mmm",
            "ntypes": 1,
            "band_gap": 0.0,
            "delta_e": 0.0167202600000014
        },
        {
            "name": "PaO",
            "entry_id": 4671,
            "spacegroup": "Fm-3m",
            "ntypes": 2,
            "band_gap": 0.0,
            "delta_e": -1.42564590793938
        },
        {
            "name": "Pa",
            "entry_id": 14033,
            "spacegroup": "Fm-3m",
            "ntypes": 1,
            "band_gap": 0.0,
            "delta_e": 0.000218510000001615
        },
        {
            "name": "PaC",
            "entry_id": 18776,
            "spacegroup": "Fm-3m",
            "ntypes": 2,
            "band_gap": 0.0,
            "delta_e": -0.45485912875
        },
        {
            "name": "PaAs",
            "entry_id": 8265,
            "spacegroup": "Fm-3m",
            "ntypes": 2,
            "band_gap": 0.0,
            "delta_e": -1.0591999475
        },
        {
            "name": "PaO2",
            "entry_id": 5629,
            "spacegroup": "Fm-3m",
            "ntypes": 2,
            "band_gap": 0.0,
            "delta_e": -3.05619005391917
        },
        {
            "name": "PaC2",
            "entry_id": 28914,
            "spacegroup": "I4/mmm",
            "ntypes": 2,
            "band_gap": 0.0,
            "delta_e": -0.270954024999999
        },
        {
            "name": "PaRh3",
            "entry_id": 17908,
            "spacegroup": "Pm-3m",
            "ntypes": 2,
            "band_gap": 0.0,
            "delta_e": -0.899696755000001
        },
        {
            "name": "PaIr3",
            "entry_id": 17507,
            "spacegroup": "Pm-3m",
            "ntypes": 2,
            "band_gap": 0.0,
            "delta_e": -0.85001516
        },
        {
            "name": "BaPaO3",
            "entry_id": 11467,
            "spacegroup": "Pm-3m",
            "ntypes": 3,
            "band_gap": 1.848,
            "delta_e": -3.07863041152725
        },
        {
            "name": "Pa",
            "entry_id": 30952,
            "spacegroup": "P4/nmm",
            "ntypes": 1,
            "band_gap": 0.0,
            "delta_e": 0.0023279150000004
        },
        {
            "name": "PaAs2",
            "entry_id": 2566,
            "spacegroup": "P4/nmm",
            "ntypes": 2,
            "band_gap": 0.0,
            "delta_e": -0.931185844999999
        },
        {
            "name": "PaP2",
            "entry_id": 30907,
            "spacegroup": "P4/nmm",
            "ntypes": 2,
            "band_gap": 0.0,
            "delta_e": -1.20670830097329
        },
        {
            "name": "PaSb2",
            "entry_id": 30914,
            "spacegroup": "P4/nmm",
            "ntypes": 2,
            "band_gap": 0.0,
            "delta_e": -0.528515773333332
        },
        {
            "name": "PaBr4",
            "entry_id": 3321,
            "spacegroup": "I41/amd",
            "ntypes": 2,
            "band_gap": 0.0,
            "delta_e": -1.68675729293267
        },
        {
            "name": "PaBr3O",
            "entry_id": 1996,
            "spacegroup": "C2/m",
            "ntypes": 3,
            "band_gap": 2.405,
            "delta_e": -1.93347589662525
        },
        {
            "name": "PaCl5",
            "entry_id": 3079,
            "spacegroup": "C2/c",
            "ntypes": 2,
            "band_gap": 2.568,
            "delta_e": -2.13448521301594
        },
        {
            "name": "Na3PaF8",
            "entry_id": 3330,
            "spacegroup": "I4/mmm",
            "ntypes": 3,
            "band_gap": 4.59,
            "delta_e": -3.63515280713365
        },
        {
            "name": "Mg16PaAl12",
            "entry_id": 31510,
            "spacegroup": "I-43m",
            "ntypes": 3,
            "band_gap": 0.0,
            "delta_e": -0.0449811860919561
        },
        {
            "name": "Mg16PaAl12",
            "entry_id": 31594,
            "spacegroup": "Cm",
            "ntypes": 3,
            "band_gap": 0.0,
            "delta_e": 0.00488652252873382
        },
        {
            "name": "Mg16PaAl12",
            "entry_id": 31678,
            "spacegroup": "R3m",
            "ntypes": 3,
            "band_gap": 0.0,
            "delta_e": -0.0302006002298871
        },
        {
            "name": "Mg17PaAl11",
            "entry_id": 31426,
            "spacegroup": "Cm",
            "ntypes": 3,
            "band_gap": 0.0,
            "delta_e": 0.0478193422126417
        },
        {
            "name": "PaO2",
            "entry_id": 30890,
            "spacegroup": "Pa-3",
            "ntypes": 2,
            "band_gap": 0.0,
            "delta_e": -3.09880017891917
        },
        {
            "name": "RbPa3",
            "entry_id": 297415,
            "spacegroup": "I4/mmm",
            "ntypes": 2,
            "band_gap": 0.0,
            "delta_e": 1.155059765
        },
        {
            "name": "CaPa3",
            "entry_id": 297431,
            "spacegroup": "I4/mmm",
            "ntypes": 2,
            "band_gap": 0.0,
            "delta_e": 0.424483075
        },
        {
            "name": "Pa3B",
            "entry_id": 297438,
            "spacegroup": "I4/mmm",
            "ntypes": 2,
            "band_gap": 0.0,
            "delta_e": 0.283068235
        },
        {
            "name": "PaAs3",
            "entry_id": 297459,
            "spacegroup": "I4/mmm",
            "ntypes": 2,
            "band_gap": 0.0,
            "delta_e": -0.611229843749999
        },
        {
            "name": "Pr3Pa",
            "entry_id": 297543,
            "spacegroup": "I4/mmm",
            "ntypes": 2,
            "band_gap": 0.0,
            "delta_e": 0.298536896875
        },
        {
            "name": "NdPa3",
            "entry_id": 297585,
            "spacegroup": "I4/mmm",
            "ntypes": 2,
            "band_gap": 0.0,
            "delta_e": 0.231448036249999
        },
        {
            "name": "Th3Pa",
            "entry_id": 297598,
            "spacegroup": "I4/mmm",
            "ntypes": 2,
            "band_gap": 0.0,
            "delta_e": 0.0738733650000007
        },
        {
            "name": "Pa3S",
            "entry_id": 297623,
            "spacegroup": "I4/mmm",
            "ntypes": 2,
            "band_gap": 0.0,
            "delta_e": -0.428048583503339
        },
        {
            "name": "PaSn3",
            "entry_id": 297736,
            "spacegroup": "I4/mmm",
            "ntypes": 2,
            "band_gap": 0.0,
            "delta_e": -0.288025810138401
        },
        {
            "name": "PaB3",
            "entry_id": 297758,
            "spacegroup": "I4/mmm",
            "ntypes": 2,
            "band_gap": 0.0,
            "delta_e": 0.7209775075
        },
        {
            "name": "PaCu3",
            "entry_id": 297780,
            "spacegroup": "I4/mmm",
            "ntypes": 2,
            "band_gap": 0.0,
            "delta_e": 0.236670625
        },
        {
            "name": "Pa3H",
            "entry_id": 297892,
            "spacegroup": "I4/mmm",
            "ntypes": 2,
            "band_gap": 0.0,
            "delta_e": 0.525104741953957
        },
        {
            "name": "PaAg3",
            "entry_id": 298001,
            "spacegroup": "I4/mmm",
            "ntypes": 2,
            "band_gap": 0.0,
            "delta_e": 0.335233056874999
        },
        {
            "name": "PaP3",
            "entry_id": 298116,
            "spacegroup": "I4/mmm",
            "ntypes": 2,
            "band_gap": 0.0,
            "delta_e": -0.808692406719953
        },
        {
            "name": "PaGe3",
            "entry_id": 298129,
            "spacegroup": "I4/mmm",
            "ntypes": 2,
            "band_gap": 0.0,
            "delta_e": -0.29984745375
        },
        {
            "name": "ErPa3",
            "entry_id": 298158,
            "spacegroup": "I4/mmm",
            "ntypes": 2,
            "band_gap": 0.0,
            "delta_e": 0.141657137500001
        },
        {
            "name": "Sm3Pa",
            "entry_id": 298191,
            "spacegroup": "I4/mmm",
            "ntypes": 2,
            "band_gap": 0.0,
            "delta_e": 0.270992259375001
        },
        {
            "name": "BaPa3",
            "entry_id": 298230,
            "spacegroup": "I4/mmm",
            "ntypes": 2,
            "band_gap": 0.0,
            "delta_e": 0.678029455000001
        },
        {
            "name": "GdPa3",
            "entry_id": 298259,
            "spacegroup": "I4/mmm",
            "ntypes": 2,
            "band_gap": 0.0,
            "delta_e": 0.176910390625
        },
        {
            "name": "HfPa3",
            "entry_id": 298281,
            "spacegroup": "I4/mmm",
            "ntypes": 2,
            "band_gap": 0.0,
            "delta_e": 0.0606392662500017
        },
        {
            "name": "PuPa3",
            "entry_id": 298336,
            "spacegroup": "I4/mmm",
            "ntypes": 2,
            "band_gap": 0.0,
            "delta_e": 0.025967617500001
        },
        {
            "name": "PmPa3",
            "entry_id": 298340,
            "spacegroup": "I4/mmm",
            "ntypes": 2,
            "band_gap": 0.0,
            "delta_e": 0.214033621875
        },
        {
            "name": "PaO3",
            "entry_id": 298393,
            "spacegroup": "I4/mmm",
            "ntypes": 2,
            "band_gap": 0.0,
            "delta_e": -2.38726495440907
        },
        {
            "name": "Zr3Pa",
            "entry_id": 298412,
            "spacegroup": "I4/mmm",
            "ntypes": 2,
            "band_gap": 0.0,
            "delta_e": 0.07125688
        },
        {
            "name": "PaCr3",
            "entry_id": 298604,
            "spacegroup": "I4/mmm",
            "ntypes": 2,
            "band_gap": 0.0,
            "delta_e": 0.5309676375
        },
        {
            "name": "PaGa3",
            "entry_id": 298612,
            "spacegroup": "I4/mmm",
            "ntypes": 2,
            "band_gap": 0.0,
            "delta_e": -0.20704953125
        },
        {
            "name": "LiPa3",
            "entry_id": 298906,
            "spacegroup": "I4/mmm",
            "ntypes": 2,
            "band_gap": 0.0,
            "delta_e": 0.26549024
        }
    ],
    "meta": {
        "query": {
            "representation": "http://oqmd.org/oqmdapi/formationenergy?fields=name,entry_id,spacegroup,ntypes,band_gap,delta_e&filter=element_set=(Pa)"
        },
        "api_version": "1.0",
        "time_stamp": "2023-08-01 00:09:44",
        "data_returned": 50,
        "data_available": 17403,
        "comments": "",
        "query_tree": "",
        "more_data_available": true
    },
    "response_message": "OK"
}