{
    "links": {
        "next": "http://oqmd.org/oqmdapi/formationenergy?fields=name%2Centry_id%2Cspacegroup%2Cntypes%2Cband_gap%2Cdelta_e&filter=element_set%3D%28Pb%29&limit=50&offset=50",
        "previous": null,
        "base_url": {
            "href": "https://oqmd.org/oqmdapi",
            "meta": {
                "_oqmd_version": "1.0"
            }
        }
    },
    "resource": {},
    "data": [
        {
            "name": "CaPb",
            "entry_id": 28966,
            "spacegroup": "P4/mmm",
            "ntypes": 2,
            "band_gap": 0.0,
            "delta_e": -0.530551455
        },
        {
            "name": "PbS",
            "entry_id": 14034,
            "spacegroup": "Pm-3m",
            "ntypes": 2,
            "band_gap": 0.0,
            "delta_e": -0.429746182006678
        },
        {
            "name": "TePb",
            "entry_id": 14036,
            "spacegroup": "Pm-3m",
            "ntypes": 2,
            "band_gap": 0.0,
            "delta_e": -0.180984431666666
        },
        {
            "name": "PbSe",
            "entry_id": 14035,
            "spacegroup": "Pm-3m",
            "ntypes": 2,
            "band_gap": 0.0,
            "delta_e": -0.330548885
        },
        {
            "name": "CaPb",
            "entry_id": 10997,
            "spacegroup": "P4/mmm",
            "ntypes": 2,
            "band_gap": 0.0,
            "delta_e": -0.530219405
        },
        {
            "name": "YbPb",
            "entry_id": 17935,
            "spacegroup": "P4/mmm",
            "ntypes": 2,
            "band_gap": 0.0,
            "delta_e": -0.563820975
        },
        {
            "name": "PbSe",
            "entry_id": 6974,
            "spacegroup": "Fm-3m",
            "ntypes": 2,
            "band_gap": 0.686,
            "delta_e": -0.568947155
        },
        {
            "name": "TePb",
            "entry_id": 6975,
            "spacegroup": "Fm-3m",
            "ntypes": 2,
            "band_gap": 0.966,
            "delta_e": -0.408235966666665
        },
        {
            "name": "EuPb",
            "entry_id": 17215,
            "spacegroup": "P4/mmm",
            "ntypes": 2,
            "band_gap": 0.0,
            "delta_e": -0.673615865
        },
        {
            "name": "EuPb",
            "entry_id": 30124,
            "spacegroup": "P4/mmm",
            "ntypes": 2,
            "band_gap": 0.0,
            "delta_e": -0.673625315
        },
        {
            "name": "PbS",
            "entry_id": 11589,
            "spacegroup": "Fm-3m",
            "ntypes": 2,
            "band_gap": 0.691,
            "delta_e": -0.684794142006679
        },
        {
            "name": "YbPb",
            "entry_id": 30932,
            "spacegroup": "P4/mmm",
            "ntypes": 2,
            "band_gap": 0.0,
            "delta_e": -0.563828995
        },
        {
            "name": "LiPb",
            "entry_id": 17590,
            "spacegroup": "Pm-3m",
            "ntypes": 2,
            "band_gap": 0.0,
            "delta_e": -0.278829395
        },
        {
            "name": "LiPb",
            "entry_id": 17591,
            "spacegroup": "R-3m",
            "ntypes": 2,
            "band_gap": 0.0,
            "delta_e": -0.27732653
        },
        {
            "name": "Mg2Pb",
            "entry_id": 17637,
            "spacegroup": "Fm-3m",
            "ntypes": 2,
            "band_gap": 0.0,
            "delta_e": -0.0630420461111134
        },
        {
            "name": "PbI2",
            "entry_id": 4581,
            "spacegroup": "P-3m1",
            "ntypes": 2,
            "band_gap": 2.368,
            "delta_e": -0.775179694952212
        },
        {
            "name": "DyPbAu",
            "entry_id": 10718,
            "spacegroup": "F-43m",
            "ntypes": 3,
            "band_gap": 0.0,
            "delta_e": -0.682196625555557
        },
        {
            "name": "GdPbAu",
            "entry_id": 10732,
            "spacegroup": "F-43m",
            "ntypes": 3,
            "band_gap": 0.0,
            "delta_e": -0.6982075625
        },
        {
            "name": "ErPbAu",
            "entry_id": 10723,
            "spacegroup": "F-43m",
            "ntypes": 3,
            "band_gap": 0.0,
            "delta_e": -0.661436256666667
        },
        {
            "name": "PbI2",
            "entry_id": 4583,
            "spacegroup": "R-3m",
            "ntypes": 2,
            "band_gap": 2.389,
            "delta_e": -0.773757811618879
        },
        {
            "name": "HoPbAu",
            "entry_id": 10742,
            "spacegroup": "F-43m",
            "ntypes": 3,
            "band_gap": 0.0,
            "delta_e": -0.672307614444444
        },
        {
            "name": "TbPbAu",
            "entry_id": 10791,
            "spacegroup": "F-43m",
            "ntypes": 3,
            "band_gap": 0.0,
            "delta_e": -0.471660128222223
        },
        {
            "name": "ThPb",
            "entry_id": 17927,
            "spacegroup": "P4/mmm",
            "ntypes": 2,
            "band_gap": 0.0,
            "delta_e": -0.283218925000001
        },
        {
            "name": "PbF2",
            "entry_id": 3943,
            "spacegroup": "Fm-3m",
            "ntypes": 2,
            "band_gap": 4.418,
            "delta_e": -2.65772386942074
        },
        {
            "name": "LuPb3",
            "entry_id": 17620,
            "spacegroup": "Pm-3m",
            "ntypes": 2,
            "band_gap": 0.0,
            "delta_e": -0.17595500875
        },
        {
            "name": "ThPb",
            "entry_id": 30926,
            "spacegroup": "P4/mmm",
            "ntypes": 2,
            "band_gap": 0.0,
            "delta_e": -0.28320169
        },
        {
            "name": "LuPb2",
            "entry_id": 17619,
            "spacegroup": "I4/mmm",
            "ntypes": 2,
            "band_gap": 0.0,
            "delta_e": -0.129739165
        },
        {
            "name": "YPbAu",
            "entry_id": 10792,
            "spacegroup": "F-43m",
            "ntypes": 3,
            "band_gap": 0.0,
            "delta_e": -0.691646155
        },
        {
            "name": "PbO2",
            "entry_id": 13988,
            "spacegroup": "Fm-3m",
            "ntypes": 2,
            "band_gap": 0.0,
            "delta_e": -1.01453971058584
        },
        {
            "name": "PbO",
            "entry_id": 11722,
            "spacegroup": "Cmma",
            "ntypes": 2,
            "band_gap": 1.276,
            "delta_e": -1.32119588293938
        },
        {
            "name": "UPb",
            "entry_id": 17930,
            "spacegroup": "P4/mmm",
            "ntypes": 2,
            "band_gap": 0.0,
            "delta_e": 0.3428581975
        },
        {
            "name": "PrPb3",
            "entry_id": 17913,
            "spacegroup": "Pm-3m",
            "ntypes": 2,
            "band_gap": 0.0,
            "delta_e": -0.380649049375
        },
        {
            "name": "Pt3Pb",
            "entry_id": 17915,
            "spacegroup": "Pm-3m",
            "ntypes": 2,
            "band_gap": 0.0,
            "delta_e": -0.0909596774999999
        },
        {
            "name": "Pr3Pb",
            "entry_id": 17912,
            "spacegroup": "Pm-3m",
            "ntypes": 2,
            "band_gap": 0.0,
            "delta_e": -0.346203270625
        },
        {
            "name": "Pu3Pb",
            "entry_id": 17917,
            "spacegroup": "Pm-3m",
            "ntypes": 2,
            "band_gap": 0.0,
            "delta_e": -0.0765148599999996
        },
        {
            "name": "SrPb3",
            "entry_id": 17924,
            "spacegroup": "P4/mmm",
            "ntypes": 2,
            "band_gap": 0.0,
            "delta_e": -0.360108355
        },
        {
            "name": "TbPb3",
            "entry_id": 17926,
            "spacegroup": "Pm-3m",
            "ntypes": 2,
            "band_gap": 0.0,
            "delta_e": -0.126429711166668
        },
        {
            "name": "ThPb3",
            "entry_id": 17928,
            "spacegroup": "Pm-3m",
            "ntypes": 2,
            "band_gap": 0.0,
            "delta_e": -0.232525222500001
        },
        {
            "name": "TmPb3",
            "entry_id": 17929,
            "spacegroup": "Pm-3m",
            "ntypes": 2,
            "band_gap": 0.0,
            "delta_e": -0.2130800775
        },
        {
            "name": "UPb3",
            "entry_id": 17931,
            "spacegroup": "Pm-3m",
            "ntypes": 2,
            "band_gap": 0.0,
            "delta_e": 0.148792423750001
        },
        {
            "name": "YPb3",
            "entry_id": 17934,
            "spacegroup": "Pm-3m",
            "ntypes": 2,
            "band_gap": 0.0,
            "delta_e": -0.28738307875
        },
        {
            "name": "YbPb3",
            "entry_id": 17937,
            "spacegroup": "Pm-3m",
            "ntypes": 2,
            "band_gap": 0.0,
            "delta_e": -0.3634800275
        },
        {
            "name": "ErPb3",
            "entry_id": 17190,
            "spacegroup": "Pm-3m",
            "ntypes": 2,
            "band_gap": 0.0,
            "delta_e": -0.2354419825
        },
        {
            "name": "PuPb3",
            "entry_id": 17918,
            "spacegroup": "Pm-3m",
            "ntypes": 2,
            "band_gap": 0.0,
            "delta_e": -0.1681913425
        },
        {
            "name": "EuPb3",
            "entry_id": 30123,
            "spacegroup": "Pm-3m",
            "ntypes": 2,
            "band_gap": 0.0,
            "delta_e": -0.461442005
        },
        {
            "name": "Ca3Pb",
            "entry_id": 10999,
            "spacegroup": "Pm-3m",
            "ntypes": 2,
            "band_gap": 0.0,
            "delta_e": -0.3912271775
        },
        {
            "name": "NaPb3",
            "entry_id": 17728,
            "spacegroup": "Pm-3m",
            "ntypes": 2,
            "band_gap": 0.0,
            "delta_e": -0.147622507712912
        },
        {
            "name": "MnRh2Pb",
            "entry_id": 17675,
            "spacegroup": "Fm-3m",
            "ntypes": 3,
            "band_gap": 0.0,
            "delta_e": -0.116657845948276
        },
        {
            "name": "HoPb3",
            "entry_id": 17465,
            "spacegroup": "Pm-3m",
            "ntypes": 2,
            "band_gap": 0.0,
            "delta_e": -0.254535128333333
        },
        {
            "name": "PbS",
            "entry_id": 12527,
            "spacegroup": "Abm2",
            "ntypes": 2,
            "band_gap": 1.792,
            "delta_e": -0.625955804506678
        }
    ],
    "meta": {
        "query": {
            "representation": "http://oqmd.org/oqmdapi/formationenergy?fields=name,entry_id,spacegroup,ntypes,band_gap,delta_e&filter=element_set=(Pb)"
        },
        "api_version": "1.0",
        "time_stamp": "2023-08-05 10:02:00",
        "data_returned": 50,
        "data_available": 43226,
        "comments": "",
        "query_tree": "",
        "more_data_available": true
    },
    "response_message": "OK"
}