{
    "links": {
        "next": "http://oqmd.org/oqmdapi/formationenergy?fields=name%2Centry_id%2Cspacegroup%2Cntypes%2Cband_gap%2Cdelta_e&filter=element_set%3D%28Pt%29&limit=50&offset=50",
        "previous": null,
        "base_url": {
            "href": "https://oqmd.org/oqmdapi",
            "meta": {
                "_oqmd_version": "1.0"
            }
        }
    },
    "resource": {},
    "data": [
        {
            "name": "Pt",
            "entry_id": 7522,
            "spacegroup": "Fm-3m",
            "ntypes": 1,
            "band_gap": 0.0,
            "delta_e": 0.0
        },
        {
            "name": "HfPt",
            "entry_id": 17383,
            "spacegroup": "Pm-3m",
            "ntypes": 2,
            "band_gap": 0.0,
            "delta_e": -0.982982147500001
        },
        {
            "name": "HgPt",
            "entry_id": 30535,
            "spacegroup": "P4/mmm",
            "ntypes": 2,
            "band_gap": 0.0,
            "delta_e": 0.0785405325168655
        },
        {
            "name": "CdPt",
            "entry_id": 29022,
            "spacegroup": "P4/mmm",
            "ntypes": 2,
            "band_gap": 0.0,
            "delta_e": -0.32378412
        },
        {
            "name": "CdPt",
            "entry_id": 29023,
            "spacegroup": "P4/mmm",
            "ntypes": 2,
            "band_gap": 0.0,
            "delta_e": -0.323779525
        },
        {
            "name": "FePt",
            "entry_id": 31334,
            "spacegroup": "P4/mmm",
            "ntypes": 2,
            "band_gap": 0.0,
            "delta_e": -0.24032022
        },
        {
            "name": "PtC",
            "entry_id": 21517,
            "spacegroup": "P-6m2",
            "ntypes": 2,
            "band_gap": 0.0,
            "delta_e": 1.55837404125
        },
        {
            "name": "NiPt",
            "entry_id": 30843,
            "spacegroup": "P4/mmm",
            "ntypes": 2,
            "band_gap": 0.0,
            "delta_e": -0.101100919999999
        },
        {
            "name": "MnPt",
            "entry_id": 17680,
            "spacegroup": "P4/mmm",
            "ntypes": 2,
            "band_gap": 0.0,
            "delta_e": -0.35087287689655
        },
        {
            "name": "HgPt",
            "entry_id": 17425,
            "spacegroup": "P4/mmm",
            "ntypes": 2,
            "band_gap": 0.0,
            "delta_e": 0.0785407725168659
        },
        {
            "name": "PtN",
            "entry_id": 20743,
            "spacegroup": "F-43m",
            "ntypes": 2,
            "band_gap": 0.0,
            "delta_e": 1.02126855732825
        },
        {
            "name": "PtN",
            "entry_id": 20744,
            "spacegroup": "Fm-3m",
            "ntypes": 2,
            "band_gap": 0.0,
            "delta_e": 1.27911776732825
        },
        {
            "name": "PtC",
            "entry_id": 22281,
            "spacegroup": "Fm-3m",
            "ntypes": 2,
            "band_gap": 0.0,
            "delta_e": 1.47517076125
        },
        {
            "name": "ScPt",
            "entry_id": 17995,
            "spacegroup": "Pm-3m",
            "ntypes": 2,
            "band_gap": 0.0,
            "delta_e": -1.2287881725
        },
        {
            "name": "TiPt",
            "entry_id": 18015,
            "spacegroup": "Pm-3m",
            "ntypes": 2,
            "band_gap": 0.0,
            "delta_e": -0.799790121893133
        },
        {
            "name": "AlPt",
            "entry_id": 10561,
            "spacegroup": "Pm-3m",
            "ntypes": 2,
            "band_gap": 0.0,
            "delta_e": -0.93678468
        },
        {
            "name": "PtC",
            "entry_id": 22313,
            "spacegroup": "F-43m",
            "ntypes": 2,
            "band_gap": 0.0,
            "delta_e": 0.89982977125
        },
        {
            "name": "VPt",
            "entry_id": 18025,
            "spacegroup": "P4/mmm",
            "ntypes": 2,
            "band_gap": 0.0,
            "delta_e": -0.54486387
        },
        {
            "name": "ZrPt",
            "entry_id": 18038,
            "spacegroup": "Pm-3m",
            "ntypes": 2,
            "band_gap": 0.0,
            "delta_e": -0.912491534999999
        },
        {
            "name": "ZnPt",
            "entry_id": 18036,
            "spacegroup": "P4/mmm",
            "ntypes": 2,
            "band_gap": 0.0,
            "delta_e": -0.56883208
        },
        {
            "name": "FePt",
            "entry_id": 7826,
            "spacegroup": "P4/mmm",
            "ntypes": 2,
            "band_gap": 0.0,
            "delta_e": -0.24020404
        },
        {
            "name": "PtC",
            "entry_id": 22314,
            "spacegroup": "Fm-3m",
            "ntypes": 2,
            "band_gap": 0.0,
            "delta_e": 1.47515117125
        },
        {
            "name": "NiPt",
            "entry_id": 17788,
            "spacegroup": "P4/mmm",
            "ntypes": 2,
            "band_gap": 0.0,
            "delta_e": -0.10111708
        },
        {
            "name": "VPt",
            "entry_id": 30990,
            "spacegroup": "P4/mmm",
            "ntypes": 2,
            "band_gap": 0.0,
            "delta_e": -0.544869804999999
        },
        {
            "name": "PtO",
            "entry_id": 17895,
            "spacegroup": "Fm-3m",
            "ntypes": 2,
            "band_gap": 0.0,
            "delta_e": 0.339314437060622
        },
        {
            "name": "ZnPt",
            "entry_id": 30994,
            "spacegroup": "P4/mmm",
            "ntypes": 2,
            "band_gap": 0.0,
            "delta_e": -0.568829235
        },
        {
            "name": "TmPPt",
            "entry_id": 14011,
            "spacegroup": "P-6m2",
            "ntypes": 3,
            "band_gap": 0.0,
            "delta_e": -1.41527499298664
        },
        {
            "name": "LiPt",
            "entry_id": 17600,
            "spacegroup": "P-6m2",
            "ntypes": 2,
            "band_gap": 0.0,
            "delta_e": -0.619342189999999
        },
        {
            "name": "MnPt",
            "entry_id": 30750,
            "spacegroup": "P4/mmm",
            "ntypes": 2,
            "band_gap": 0.0,
            "delta_e": -0.35091700689655
        },
        {
            "name": "Li2Pt",
            "entry_id": 17603,
            "spacegroup": "P6/mmm",
            "ntypes": 2,
            "band_gap": 0.0,
            "delta_e": -0.551955883333333
        },
        {
            "name": "TbPPt",
            "entry_id": 14010,
            "spacegroup": "P-6m2",
            "ntypes": 3,
            "band_gap": 0.0,
            "delta_e": -1.2245064545422
        },
        {
            "name": "HoBiPt",
            "entry_id": 10934,
            "spacegroup": "F-43m",
            "ntypes": 3,
            "band_gap": 0.0,
            "delta_e": -1.04625784944444
        },
        {
            "name": "GdBiPt",
            "entry_id": 10933,
            "spacegroup": "F-43m",
            "ntypes": 3,
            "band_gap": 0.0,
            "delta_e": -1.05266239083333
        },
        {
            "name": "YPPt",
            "entry_id": 14012,
            "spacegroup": "P-6m2",
            "ntypes": 3,
            "band_gap": 0.0,
            "delta_e": -1.44209021131998
        },
        {
            "name": "Hg2Pt",
            "entry_id": 17426,
            "spacegroup": "P4/mmm",
            "ntypes": 2,
            "band_gap": 0.0,
            "delta_e": -0.0112258599775125
        },
        {
            "name": "SiPt2",
            "entry_id": 14060,
            "spacegroup": "I4/mmm",
            "ntypes": 2,
            "band_gap": 0.0,
            "delta_e": -0.722642135
        },
        {
            "name": "ScSnPt",
            "entry_id": 18898,
            "spacegroup": "F-43m",
            "ntypes": 3,
            "band_gap": 0.0,
            "delta_e": -0.453707757283734
        },
        {
            "name": "TmSbPt",
            "entry_id": 14056,
            "spacegroup": "F-43m",
            "ntypes": 3,
            "band_gap": 0.266999999999999,
            "delta_e": -1.22246326833333
        },
        {
            "name": "SmPPt",
            "entry_id": 14009,
            "spacegroup": "P-6m2",
            "ntypes": 3,
            "band_gap": 0.0,
            "delta_e": -1.43355701215331
        },
        {
            "name": "ScSbPt",
            "entry_id": 14054,
            "spacegroup": "F-43m",
            "ntypes": 3,
            "band_gap": 0.869,
            "delta_e": -1.17850765333333
        },
        {
            "name": "TbSbPt",
            "entry_id": 14055,
            "spacegroup": "F-43m",
            "ntypes": 3,
            "band_gap": 0.372,
            "delta_e": -1.00463791322222
        },
        {
            "name": "ThSnPt",
            "entry_id": 18899,
            "spacegroup": "F-43m",
            "ntypes": 3,
            "band_gap": 0.953,
            "delta_e": -1.1083372789504
        },
        {
            "name": "PtSe2",
            "entry_id": 7473,
            "spacegroup": "P-3m1",
            "ntypes": 2,
            "band_gap": 0.0,
            "delta_e": -0.384589873333333
        },
        {
            "name": "MnSnPt",
            "entry_id": 17683,
            "spacegroup": "F-43m",
            "ntypes": 3,
            "band_gap": 0.0,
            "delta_e": -0.369260393548101
        },
        {
            "name": "BaSbPt",
            "entry_id": 11061,
            "spacegroup": "P-6m2",
            "ntypes": 3,
            "band_gap": 0.0,
            "delta_e": -0.946124321666667
        },
        {
            "name": "SrSbPt",
            "entry_id": 11060,
            "spacegroup": "P-6m2",
            "ntypes": 3,
            "band_gap": 0.0,
            "delta_e": -0.958352941666667
        },
        {
            "name": "Sn2Pt",
            "entry_id": 18001,
            "spacegroup": "Fm-3m",
            "ntypes": 2,
            "band_gap": 0.0,
            "delta_e": -0.516576401234135
        },
        {
            "name": "Al2Pt",
            "entry_id": 10564,
            "spacegroup": "Fm-3m",
            "ntypes": 2,
            "band_gap": 0.0,
            "delta_e": -0.89727338
        },
        {
            "name": "PtS2",
            "entry_id": 7474,
            "spacegroup": "P-3m1",
            "ntypes": 2,
            "band_gap": 0.644,
            "delta_e": -0.528967209342238
        },
        {
            "name": "TiSnPt",
            "entry_id": 18005,
            "spacegroup": "F-43m",
            "ntypes": 3,
            "band_gap": 0.850000000000001,
            "delta_e": -0.870889140212489
        }
    ],
    "meta": {
        "query": {
            "representation": "http://oqmd.org/oqmdapi/formationenergy?fields=name,entry_id,spacegroup,ntypes,band_gap,delta_e&filter=element_set=(Pt)"
        },
        "api_version": "1.0",
        "time_stamp": "2023-08-05 10:00:39",
        "data_returned": 50,
        "data_available": 42848,
        "comments": "",
        "query_tree": "",
        "more_data_available": true
    },
    "response_message": "OK"
}