{
    "links": {
        "next": "http://oqmd.org/oqmdapi/formationenergy?fields=name%2Centry_id%2Cspacegroup%2Cntypes%2Cband_gap%2Cdelta_e&filter=element_set%3D%28Pu%29&limit=50&offset=50",
        "previous": null,
        "base_url": {
            "href": "https://oqmd.org/oqmdapi",
            "meta": {
                "_oqmd_version": "1.0"
            }
        }
    },
    "resource": {},
    "data": [
        {
            "name": "PuN",
            "entry_id": 6100,
            "spacegroup": "Fm-3m",
            "ntypes": 2,
            "band_gap": 0.0,
            "delta_e": -1.36912201767175
        },
        {
            "name": "PuC",
            "entry_id": 6101,
            "spacegroup": "Fm-3m",
            "ntypes": 2,
            "band_gap": 0.0,
            "delta_e": 0.101179361249999
        },
        {
            "name": "PuO",
            "entry_id": 6098,
            "spacegroup": "Fm-3m",
            "ntypes": 2,
            "band_gap": 0.0,
            "delta_e": -2.69164421541103
        },
        {
            "name": "PuP",
            "entry_id": 14013,
            "spacegroup": "Fm-3m",
            "ntypes": 2,
            "band_gap": 0.0,
            "delta_e": -1.29009484947997
        },
        {
            "name": "PuRu",
            "entry_id": 18044,
            "spacegroup": "Pm-3m",
            "ntypes": 2,
            "band_gap": 0.0,
            "delta_e": -0.160821685
        },
        {
            "name": "PuSe",
            "entry_id": 14069,
            "spacegroup": "Fm-3m",
            "ntypes": 2,
            "band_gap": 0.0,
            "delta_e": -1.545967675
        },
        {
            "name": "PuAs",
            "entry_id": 8269,
            "spacegroup": "Pm-3m",
            "ntypes": 2,
            "band_gap": 0.0,
            "delta_e": -0.8398461375
        },
        {
            "name": "PuAs",
            "entry_id": 8270,
            "spacegroup": "Fm-3m",
            "ntypes": 2,
            "band_gap": 0.0,
            "delta_e": -1.0315635925
        },
        {
            "name": "PuC",
            "entry_id": 13939,
            "spacegroup": "Fm-3m",
            "ntypes": 2,
            "band_gap": 0.0,
            "delta_e": 0.101481876249998
        },
        {
            "name": "PuTe",
            "entry_id": 31001,
            "spacegroup": "Pm-3m",
            "ntypes": 2,
            "band_gap": 0.0,
            "delta_e": -1.01650603166666
        },
        {
            "name": "PuS",
            "entry_id": 30998,
            "spacegroup": "Fm-3m",
            "ntypes": 2,
            "band_gap": 0.0,
            "delta_e": -1.91877734700668
        },
        {
            "name": "PuB",
            "entry_id": 8177,
            "spacegroup": "Fm-3m",
            "ntypes": 2,
            "band_gap": 0.0,
            "delta_e": 0.531152035
        },
        {
            "name": "PuO2",
            "entry_id": 6102,
            "spacegroup": "Fm-3m",
            "ntypes": 2,
            "band_gap": 0.0,
            "delta_e": -3.26083678890027
        },
        {
            "name": "PuH2",
            "entry_id": 10080,
            "spacegroup": "Fm-3m",
            "ntypes": 2,
            "band_gap": 0.0,
            "delta_e": -0.33990257478945
        },
        {
            "name": "PuGe3",
            "entry_id": 19154,
            "spacegroup": "Pm-3m",
            "ntypes": 2,
            "band_gap": 0.0,
            "delta_e": -0.37167911625
        },
        {
            "name": "Pu2Mg",
            "entry_id": 19155,
            "spacegroup": "Fm-3m",
            "ntypes": 2,
            "band_gap": 0.0,
            "delta_e": 0.720589510277777
        },
        {
            "name": "Pu3Pb",
            "entry_id": 17917,
            "spacegroup": "Pm-3m",
            "ntypes": 2,
            "band_gap": 0.0,
            "delta_e": -0.0765148599999996
        },
        {
            "name": "PuPb3",
            "entry_id": 17918,
            "spacegroup": "Pm-3m",
            "ntypes": 2,
            "band_gap": 0.0,
            "delta_e": -0.1681913425
        },
        {
            "name": "Pu3Ga",
            "entry_id": 30332,
            "spacegroup": "Pm-3m",
            "ntypes": 2,
            "band_gap": 0.0,
            "delta_e": -0.105038936250001
        },
        {
            "name": "Pu3Al",
            "entry_id": 18715,
            "spacegroup": "P4/mmm",
            "ntypes": 2,
            "band_gap": 0.0,
            "delta_e": -0.0289290799999993
        },
        {
            "name": "PuPt3",
            "entry_id": 17994,
            "spacegroup": "Pm-3m",
            "ntypes": 2,
            "band_gap": 0.0,
            "delta_e": -0.681797285
        },
        {
            "name": "PuAl3",
            "entry_id": 10570,
            "spacegroup": "Pm-3m",
            "ntypes": 2,
            "band_gap": 0.0,
            "delta_e": -0.266834425
        },
        {
            "name": "PuSn3",
            "entry_id": 18046,
            "spacegroup": "Pm-3m",
            "ntypes": 2,
            "band_gap": 0.0,
            "delta_e": -0.435220762638402
        },
        {
            "name": "Pu3Sn",
            "entry_id": 20083,
            "spacegroup": "Pm-3m",
            "ntypes": 2,
            "band_gap": 0.0,
            "delta_e": -0.248991261712799
        },
        {
            "name": "PuRh3",
            "entry_id": 18042,
            "spacegroup": "Pm-3m",
            "ntypes": 2,
            "band_gap": 0.0,
            "delta_e": -0.40754205
        },
        {
            "name": "BaPuO3",
            "entry_id": 8208,
            "spacegroup": "Pm-3m",
            "ntypes": 3,
            "band_gap": 2.125,
            "delta_e": -3.26498145051591
        },
        {
            "name": "Pu3Ga",
            "entry_id": 17292,
            "spacegroup": "P4/mmm",
            "ntypes": 2,
            "band_gap": 0.0,
            "delta_e": -0.10472053875
        },
        {
            "name": "Pu",
            "entry_id": 8571,
            "spacegroup": "Fddd",
            "ntypes": 1,
            "band_gap": 0.0,
            "delta_e": 0.340872085000001
        },
        {
            "name": "PuSi2Ru2",
            "entry_id": 13058,
            "spacegroup": "I4/mmm",
            "ntypes": 3,
            "band_gap": 0.0,
            "delta_e": -0.705405248
        },
        {
            "name": "PuSi2Rh2",
            "entry_id": 13059,
            "spacegroup": "I4/mmm",
            "ntypes": 3,
            "band_gap": 0.0,
            "delta_e": -0.924519656000001
        },
        {
            "name": "PuRu3C",
            "entry_id": 18781,
            "spacegroup": "Pm-3m",
            "ntypes": 3,
            "band_gap": 0.0,
            "delta_e": 0.300639628499999
        },
        {
            "name": "PuSi2Pd2",
            "entry_id": 13060,
            "spacegroup": "I4/mmm",
            "ntypes": 3,
            "band_gap": 0.0,
            "delta_e": -0.739305248000001
        },
        {
            "name": "PuSi2Os2",
            "entry_id": 13065,
            "spacegroup": "I4/mmm",
            "ntypes": 3,
            "band_gap": 0.0,
            "delta_e": -0.549166486
        },
        {
            "name": "Pu3Ge",
            "entry_id": 20082,
            "spacegroup": "Pm-3m",
            "ntypes": 2,
            "band_gap": 0.0,
            "delta_e": -0.233698981249999
        },
        {
            "name": "PuNi",
            "entry_id": 19326,
            "spacegroup": "Cmcm",
            "ntypes": 2,
            "band_gap": 0.0,
            "delta_e": -0.120945042499999
        },
        {
            "name": "PuNiC2",
            "entry_id": 28899,
            "spacegroup": "Amm2",
            "ntypes": 3,
            "band_gap": 0.0,
            "delta_e": 0.00614354374999948
        },
        {
            "name": "PuCu2Si2",
            "entry_id": 18466,
            "spacegroup": "I4/mmm",
            "ntypes": 3,
            "band_gap": 0.0,
            "delta_e": -0.279354832
        },
        {
            "name": "PuIn",
            "entry_id": 30605,
            "spacegroup": "P4/mmm",
            "ntypes": 2,
            "band_gap": 0.0,
            "delta_e": -0.202869
        },
        {
            "name": "PuOF",
            "entry_id": 13757,
            "spacegroup": "P4/nmm",
            "ntypes": 3,
            "band_gap": 2.134,
            "delta_e": -4.00921231165105
        },
        {
            "name": "PuClO",
            "entry_id": 6075,
            "spacegroup": "P4/nmm",
            "ntypes": 3,
            "band_gap": 1.944,
            "delta_e": -3.27613849548039
        },
        {
            "name": "PuBrO",
            "entry_id": 6076,
            "spacegroup": "P4/nmm",
            "ntypes": 3,
            "band_gap": 2.13,
            "delta_e": -3.08655572441263
        },
        {
            "name": "PuPt",
            "entry_id": 30970,
            "spacegroup": "Cmcm",
            "ntypes": 2,
            "band_gap": 0.0,
            "delta_e": -0.804919645
        },
        {
            "name": "PuSbTe",
            "entry_id": 27278,
            "spacegroup": "P4/nmm",
            "ntypes": 3,
            "band_gap": 0.0,
            "delta_e": -0.841449147777777
        },
        {
            "name": "PuAl2",
            "entry_id": 10568,
            "spacegroup": "Fd-3m",
            "ntypes": 2,
            "band_gap": 0.0,
            "delta_e": -0.352864223333333
        },
        {
            "name": "PuB2Rh3",
            "entry_id": 27224,
            "spacegroup": "C2/m",
            "ntypes": 3,
            "band_gap": 0.0,
            "delta_e": -0.580358335000001
        },
        {
            "name": "PuB6",
            "entry_id": 8174,
            "spacegroup": "Pm-3m",
            "ntypes": 2,
            "band_gap": 0.0,
            "delta_e": -0.376431181428572
        },
        {
            "name": "PuIO",
            "entry_id": 6077,
            "spacegroup": "P4/nmm",
            "ntypes": 3,
            "band_gap": 2.11,
            "delta_e": -2.85756165941679
        },
        {
            "name": "PuZn2",
            "entry_id": 18047,
            "spacegroup": "Fd-3m",
            "ntypes": 2,
            "band_gap": 0.0,
            "delta_e": -0.178154278333333
        },
        {
            "name": "SrPuO4",
            "entry_id": 6145,
            "spacegroup": "R-3m",
            "ntypes": 3,
            "band_gap": 0.0,
            "delta_e": -2.75851964474305
        },
        {
            "name": "PuMn2Si2",
            "entry_id": 18463,
            "spacegroup": "I4/mmm",
            "ntypes": 3,
            "band_gap": 0.0,
            "delta_e": -0.02756376151724
        }
    ],
    "meta": {
        "query": {
            "representation": "http://oqmd.org/oqmdapi/formationenergy?fields=name,entry_id,spacegroup,ntypes,band_gap,delta_e&filter=element_set=(Pu)"
        },
        "api_version": "1.0",
        "time_stamp": "2023-08-01 00:10:10",
        "data_returned": 50,
        "data_available": 16014,
        "comments": "",
        "query_tree": "",
        "more_data_available": true
    },
    "response_message": "OK"
}