{
    "links": {
        "next": "http://oqmd.org/oqmdapi/formationenergy?filter=element_set%3D%28Os%29&format=json&limit=50&offset=100",
        "previous": "http://oqmd.org/oqmdapi/formationenergy?filter=element_set%3D%28Os%29&format=json&limit=50",
        "base_url": {
            "href": "https://oqmd.org/oqmdapi",
            "meta": {
                "_oqmd_version": "1.0"
            }
        }
    },
    "resource": {},
    "data": [
        {
            "name": "Ga2Os",
            "entry_id": 17252,
            "calculation_id": 21313,
            "icsd_id": 103785,
            "formationenergy_id": 4077096,
            "duplicate_entry_id": 17252,
            "composition": "Ga2 Os1",
            "composition_generic": "AB2",
            "prototype": "TiSi2",
            "spacegroup": "Fddd",
            "volume": 86.6762,
            "ntypes": 2,
            "natoms": 6,
            "unit_cell": [
                [
                    0.0,
                    -4.764636,
                    0.0
                ],
                [
                    4.156028,
                    -2.382318,
                    0.0
                ],
                [
                    0.0,
                    2.382318,
                    4.37715
                ]
            ],
            "sites": [
                "Ga @ 0.332 0.336 0",
                "Ga @ 0.668 0.664 0",
                "Ga @ 0.418 0.164 0.5",
                "Ga @ 0.0822 0.836 0.5",
                "Os @ 0 0 0",
                "Os @ 0.75 0.5 0.5"
            ],
            "band_gap": 1.035,
            "delta_e": -0.160948450000001,
            "stability": 0.07246524640287816,
            "fit": "standard",
            "calculation_label": "static"
        },
        {
            "name": "UGa5Os",
            "entry_id": 27223,
            "calculation_id": 21909,
            "icsd_id": 600559,
            "formationenergy_id": 4077456,
            "duplicate_entry_id": 27223,
            "composition": "Ga5 Os1 U1",
            "composition_generic": "ABC5",
            "prototype": "CoHoGa5",
            "spacegroup": "P4/mmm",
            "volume": 127.628,
            "ntypes": 3,
            "natoms": 7,
            "unit_cell": [
                [
                    4.362245,
                    0.0,
                    0.0
                ],
                [
                    0.0,
                    4.362245,
                    0.0
                ],
                [
                    0.0,
                    0.0,
                    6.706968
                ]
            ],
            "sites": [
                "Ga @ 0.5 0.5 0",
                "Ga @ 0.5 0 0.301",
                "Ga @ 0 0.5 0.301",
                "Ga @ 0.5 0 0.699",
                "Ga @ 0 0.5 0.699",
                "Os @ 0 0 0.5",
                "U @ 0 0 0"
            ],
            "band_gap": 0.0,
            "delta_e": -0.275006081428572,
            "stability": 0.0,
            "fit": "standard",
            "calculation_label": "static"
        },
        {
            "name": "PuOs2",
            "entry_id": 17901,
            "calculation_id": 22191,
            "icsd_id": 105559,
            "formationenergy_id": 4077750,
            "duplicate_entry_id": 17901,
            "composition": "Os2 Pu1",
            "composition_generic": "AB2",
            "prototype": "Cu2Mg",
            "spacegroup": "Fd-3m",
            "volume": 103.783,
            "ntypes": 2,
            "natoms": 6,
            "unit_cell": [
                [
                    3.729918,
                    -3.729918,
                    0.0
                ],
                [
                    -3.729918,
                    0.0,
                    -3.729918
                ],
                [
                    3.729918,
                    3.729918,
                    0.0
                ]
            ],
            "sites": [
                "Os @ 0.375 0.75 0.125",
                "Os @ 0.375 0.25 0.625",
                "Os @ 0.875 0.25 0.625",
                "Os @ 0.375 0.75 0.625",
                "Pu @ 0 0 0",
                "Pu @ 0.75 0.5 0.25"
            ],
            "band_gap": 0.0,
            "delta_e": 0.38827297,
            "stability": 0.40540895089289947,
            "fit": "standard",
            "calculation_label": "static"
        },
        {
            "name": "CeOs2",
            "entry_id": 29146,
            "calculation_id": 22197,
            "icsd_id": 621730,
            "formationenergy_id": 4077759,
            "duplicate_entry_id": 29146,
            "composition": "Ce1 Os2",
            "composition_generic": "AB2",
            "prototype": "Cu2Mg",
            "spacegroup": "Fd-3m",
            "volume": 116.46,
            "ntypes": 2,
            "natoms": 6,
            "unit_cell": [
                [
                    3.875985,
                    -3.875985,
                    0.0
                ],
                [
                    -3.875985,
                    0.0,
                    -3.875985
                ],
                [
                    3.875985,
                    3.875985,
                    0.0
                ]
            ],
            "sites": [
                "Ce @ 0 0 0",
                "Ce @ 0.75 0.5 0.25",
                "Os @ 0.375 0.75 0.125",
                "Os @ 0.875 0.25 0.625",
                "Os @ 0.375 0.25 0.625",
                "Os @ 0.375 0.75 0.625"
            ],
            "band_gap": 0.0,
            "delta_e": 0.0311549025000003,
            "stability": 0.04984363675755753,
            "fit": "standard",
            "calculation_label": "static"
        },
        {
            "name": "Cr3Os",
            "entry_id": 29569,
            "calculation_id": 27756,
            "icsd_id": 626494,
            "formationenergy_id": 4078962,
            "duplicate_entry_id": 29569,
            "composition": "Cr3 Os1",
            "composition_generic": "AB3",
            "prototype": "Cr3Si",
            "spacegroup": "Pm-3n",
            "volume": 99.0326,
            "ntypes": 2,
            "natoms": 8,
            "unit_cell": [
                [
                    4.626572,
                    0.0,
                    0.0
                ],
                [
                    0.0,
                    4.626572,
                    0.0
                ],
                [
                    0.0,
                    0.0,
                    4.626572
                ]
            ],
            "sites": [
                "Cr @ 0.5 0.25 0",
                "Cr @ 0.5 0.75 0",
                "Cr @ 0 0.5 0.25",
                "Cr @ 0.25 0 0.5",
                "Cr @ 0.75 0 0.5",
                "Cr @ 0 0.5 0.75",
                "Os @ 0 0 0",
                "Os @ 0.5 0.5 0.5"
            ],
            "band_gap": 0.0,
            "delta_e": 0.0147743099999982,
            "stability": 0.02592194124999827,
            "fit": "standard",
            "calculation_label": "static"
        },
        {
            "name": "SiOs",
            "entry_id": 3181,
            "calculation_id": 28159,
            "icsd_id": 15692,
            "formationenergy_id": 4079124,
            "duplicate_entry_id": 3181,
            "composition": "Os1 Si1",
            "composition_generic": "AB",
            "prototype": "FeSi",
            "spacegroup": "P213",
            "volume": 109.685,
            "ntypes": 2,
            "natoms": 8,
            "unit_cell": [
                [
                    4.786845,
                    0.0,
                    0.0
                ],
                [
                    0.0,
                    4.786845,
                    0.0
                ],
                [
                    0.0,
                    0.0,
                    4.786845
                ]
            ],
            "sites": [
                "Os @ 0.123 0.123 0.123",
                "Os @ 0.877 0.623 0.377",
                "Os @ 0.377 0.877 0.623",
                "Os @ 0.623 0.377 0.877",
                "Si @ 0.336 0.664 0.164",
                "Si @ 0.664 0.164 0.336",
                "Si @ 0.164 0.336 0.664",
                "Si @ 0.836 0.836 0.836"
            ],
            "band_gap": 0.620000000000001,
            "delta_e": -0.363599732499999,
            "stability": 0.012856534535842568,
            "fit": "standard",
            "calculation_label": "static"
        },
        {
            "name": "Mo3Os",
            "entry_id": 17710,
            "calculation_id": 30166,
            "icsd_id": 105054,
            "formationenergy_id": 4079574,
            "duplicate_entry_id": 17710,
            "composition": "Mo3 Os1",
            "composition_generic": "AB3",
            "prototype": "Cr3Si",
            "spacegroup": "Pm-3n",
            "volume": 124.535,
            "ntypes": 2,
            "natoms": 8,
            "unit_cell": [
                [
                    4.993792,
                    0.0,
                    0.0
                ],
                [
                    0.0,
                    4.993792,
                    0.0
                ],
                [
                    0.0,
                    0.0,
                    4.993792
                ]
            ],
            "sites": [
                "Mo @ 0.5 0.25 0",
                "Mo @ 0.5 0.75 0",
                "Mo @ 0 0.5 0.25",
                "Mo @ 0.25 0 0.5",
                "Mo @ 0.75 0 0.5",
                "Mo @ 0 0.5 0.75",
                "Os @ 0 0 0",
                "Os @ 0.5 0.5 0.5"
            ],
            "band_gap": 0.0,
            "delta_e": 0.0143088450000004,
            "stability": 0.031122018581868194,
            "fit": "standard",
            "calculation_label": "static"
        },
        {
            "name": "Nb3Os",
            "entry_id": 17739,
            "calculation_id": 31046,
            "icsd_id": 105184,
            "formationenergy_id": 4079760,
            "duplicate_entry_id": 17739,
            "composition": "Nb3 Os1",
            "composition_generic": "AB3",
            "prototype": "Cr3Si",
            "spacegroup": "Pm-3n",
            "volume": 138.246,
            "ntypes": 2,
            "natoms": 8,
            "unit_cell": [
                [
                    5.170717,
                    0.0,
                    0.0
                ],
                [
                    0.0,
                    5.170717,
                    0.0
                ],
                [
                    0.0,
                    0.0,
                    5.170717
                ]
            ],
            "sites": [
                "Nb @ 0.5 0.25 0",
                "Nb @ 0.5 0.75 0",
                "Nb @ 0 0.5 0.25",
                "Nb @ 0.25 0 0.5",
                "Nb @ 0.75 0 0.5",
                "Nb @ 0 0.5 0.75",
                "Os @ 0 0 0",
                "Os @ 0.5 0.5 0.5"
            ],
            "band_gap": 0.0,
            "delta_e": -0.250871986250003,
            "stability": 0.0,
            "fit": "standard",
            "calculation_label": "static"
        },
        {
            "name": "OsC",
            "entry_id": 21369,
            "calculation_id": 31694,
            "icsd_id": 168277,
            "formationenergy_id": 4080030,
            "duplicate_entry_id": 21369,
            "composition": "C1 Os1",
            "composition_generic": "AB",
            "prototype": "CO",
            "spacegroup": "P213",
            "volume": 88.5283,
            "ntypes": 2,
            "natoms": 8,
            "unit_cell": [
                [
                    4.456843,
                    0.0,
                    0.0
                ],
                [
                    0.0,
                    4.456843,
                    0.0
                ],
                [
                    0.0,
                    0.0,
                    4.456843
                ]
            ],
            "sites": [
                "C @ 0.058 0.058 0.058",
                "C @ 0.942 0.558 0.442",
                "C @ 0.442 0.942 0.558",
                "C @ 0.558 0.442 0.942",
                "Os @ 0.678 0.822 0.178",
                "Os @ 0.322 0.322 0.322",
                "Os @ 0.822 0.178 0.678",
                "Os @ 0.178 0.678 0.822"
            ],
            "band_gap": 0.434,
            "delta_e": 0.77181404875,
            "stability": 0.77181404875,
            "fit": "standard",
            "calculation_label": "static"
        },
        {
            "name": "Sc3OsC4",
            "entry_id": 26820,
            "calculation_id": 33803,
            "icsd_id": 420076,
            "formationenergy_id": 4081293,
            "duplicate_entry_id": 26820,
            "composition": "C4 Os1 Sc3",
            "composition_generic": "AB3C4",
            "prototype": "Sc3FeC4",
            "spacegroup": "Immm",
            "volume": 92.8689,
            "ntypes": 3,
            "natoms": 8,
            "unit_cell": [
                [
                    -3.346736,
                    0.0,
                    0.0
                ],
                [
                    0.0,
                    -4.483525,
                    0.0
                ],
                [
                    1.673368,
                    2.241762,
                    6.189125
                ]
            ],
            "sites": [
                "C @ 0.628 0.467 0.256",
                "C @ 0.628 0.789 0.256",
                "C @ 0.372 0.211 0.744",
                "C @ 0.372 0.533 0.744",
                "Os @ 0.5 0 0",
                "Sc @ 0 0.5 0",
                "Sc @ 0.191 0.191 0.381",
                "Sc @ 0.809 0.809 0.619"
            ],
            "band_gap": 0.0,
            "delta_e": -0.439366174375001,
            "stability": 0.0023924124999990526,
            "fit": "standard",
            "calculation_label": "static"
        },
        {
            "name": "OsN",
            "entry_id": 21265,
            "calculation_id": 34433,
            "icsd_id": 167514,
            "formationenergy_id": 4081824,
            "duplicate_entry_id": 21265,
            "composition": "N1 Os1",
            "composition_generic": "AB",
            "prototype": null,
            "spacegroup": "Cmc21",
            "volume": 84.0155,
            "ntypes": 2,
            "natoms": 8,
            "unit_cell": [
                [
                    2.755671,
                    0.0,
                    0.0
                ],
                [
                    0.0,
                    0.0,
                    4.824443
                ],
                [
                    1.377835,
                    -6.319529,
                    0.0
                ]
            ],
            "sites": [
                "N @ 0.862 0.997 0.276",
                "N @ 0.771 0.827 0.458",
                "N @ 0.229 0.327 0.542",
                "N @ 0.138 0.497 0.724",
                "Os @ 0.463 0.823 0.0734",
                "Os @ 0.846 0.423 0.309",
                "Os @ 0.154 0.923 0.691",
                "Os @ 0.537 0.323 0.927"
            ],
            "band_gap": 0.0,
            "delta_e": 0.461454577328247,
            "stability": 0.461454577328247,
            "fit": "standard",
            "calculation_label": "static"
        },
        {
            "name": "Sc11Os4",
            "entry_id": 2750,
            "calculation_id": 35580,
            "icsd_id": 10439,
            "formationenergy_id": 4082250,
            "duplicate_entry_id": 2750,
            "composition": "Os4 Sc11",
            "composition_generic": "A4B11",
            "prototype": "Ir4Sc11",
            "spacegroup": "Fm-3m",
            "volume": 566.809,
            "ntypes": 2,
            "natoms": 30,
            "unit_cell": [
                [
                    0.0,
                    6.56854,
                    6.56854
                ],
                [
                    6.56854,
                    0.0,
                    6.56854
                ],
                [
                    6.56854,
                    6.56854,
                    0.0
                ]
            ],
            "sites": [
                "Os @ 0 0 0",
                "Os @ 0.5 0 0",
                "Os @ 1 0.5 0.5",
                "Os @ 0 0.5 0",
                "Os @ -1.11e-16 -1.11e-16 0.5",
                "Os @ 0.5 1 0.5",
                "Os @ 0.5 0.5 1",
                "Os @ 0.5 0.5 0.5",
                "Sc @ 0.799 0.201 0.201",
                "Sc @ 0.201 0.799 0.799",
                "Sc @ 0.201 0.799 0.201",
                "Sc @ 0.201 0.201 0.799",
                "Sc @ 0.799 0.201 0.799",
                "Sc @ 0.799 0.799 0.201",
                "Sc @ 0.155 0.155 0.155",
                "Sc @ 0.155 0.155 0.536",
                "Sc @ 0.536 0.155 0.155",
                "Sc @ 0.155 0.536 0.155",
                "Sc @ 0.845 0.845 0.845",
                "Sc @ 0.845 0.845 0.464",
                "Sc @ 0.845 0.464 0.845",
                "Sc @ 0.464 0.845 0.845",
                "Sc @ 0.382 0.382 0.382",
                "Sc @ 0.382 0.382 0.853",
                "Sc @ 0.853 0.382 0.382",
                "Sc @ 0.382 0.853 0.382",
                "Sc @ 0.618 0.618 0.618",
                "Sc @ 0.618 0.618 0.147",
                "Sc @ 0.618 0.147 0.618",
                "Sc @ 0.147 0.618 0.618"
            ],
            "band_gap": 0.0,
            "delta_e": -0.353465943333333,
            "stability": 0.0,
            "fit": "standard",
            "calculation_label": "standard"
        },
        {
            "name": "Si2Os3C12Cl6O12",
            "entry_id": 6574,
            "calculation_id": 53723,
            "icsd_id": 35400,
            "formationenergy_id": 4083135,
            "duplicate_entry_id": 6574,
            "composition": "C12 Cl6 O12 Os3 Si2",
            "composition_generic": "A2B3C6D12E12",
            "prototype": null,
            "spacegroup": "P-1",
            "volume": 578.77,
            "ntypes": 5,
            "natoms": 35,
            "unit_cell": [
                [
                    10.881577,
                    -0.131787,
                    -0.001147
                ],
                [
                    -1.41317,
                    8.52315,
                    0.066561
                ],
                [
                    -1.321651,
                    -4.610748,
                    6.216995
                ]
            ],
            "sites": [
                "C @ 0.604 0.649 0.427",
                "C @ 0.396 0.351 0.573",
                "C @ 0.434 0.276 0.203",
                "C @ 0.566 0.724 0.797",
                "C @ 0.42 0.891 0.597",
                "C @ 0.58 0.109 0.403",
                "C @ 0.326 0.572 0.175",
                "C @ 0.674 0.428 0.825",
                "C @ 0.156 0.378 0.28",
                "C @ 0.844 0.622 0.72",
                "C @ 0.274 0.705 0.712",
                "C @ 0.726 0.295 0.288",
                "Cl @ 0.141 0.876 0.218",
                "Cl @ 0.859 0.124 0.782",
                "Cl @ 0.13 0.013 0.701",
                "Cl @ 0.87 0.987 0.299",
                "Cl @ 0.931 0.598 0.274",
                "Cl @ 0.0689 0.402 0.726",
                "O @ 0.279 0.759 0.884",
                "O @ 0.721 0.241 0.116",
                "O @ 0.36 0.539 0.0303",
                "O @ 0.64 0.461 0.97",
                "O @ 0.396 0.14 0.0267",
                "O @ 0.604 0.86 0.973",
                "O @ 0.0796 0.226 0.188",
                "O @ 0.92 0.774 0.812",
                "O @ 0.664 0.741 0.385",
                "O @ 0.336 0.259 0.615",
                "O @ 0.501 0.0396 0.699",
                "O @ 0.499 0.96 0.301",
                "Os @ 0.286 0.637 0.435",
                "Os @ 0.714 0.363 0.565",
                "Os @ 0.5 0.5 0.5",
                "Si @ 0.123 0.78 0.404",
                "Si @ 0.877 0.22 0.596"
            ],
            "band_gap": 2.6,
            "delta_e": -0.954330718693137,
            "stability": 0.243393247127145,
            "fit": "standard",
            "calculation_label": "standard"
        },
        {
            "name": "Ba2H6Os",
            "entry_id": 7314,
            "calculation_id": 54304,
            "icsd_id": 40608,
            "formationenergy_id": 4083219,
            "duplicate_entry_id": 7314,
            "composition": "Ba2 H6 Os1",
            "composition_generic": "AB2C6",
            "prototype": "K2PtCl6",
            "spacegroup": "Fm-3m",
            "volume": 128.383,
            "ntypes": 3,
            "natoms": 9,
            "unit_cell": [
                [
                    4.003985,
                    -4.003985,
                    0.0
                ],
                [
                    -4.003985,
                    0.0,
                    -4.003985
                ],
                [
                    4.003985,
                    4.003985,
                    0.0
                ]
            ],
            "sites": [
                "Ba @ 0.75 0.5 0.25",
                "Ba @ 0.25 0.5 0.75",
                "H @ 0.218 0 0.218",
                "H @ 0.218 0.435 0.218",
                "H @ 0.782 0 0.218",
                "H @ 0.218 0 0.782",
                "H @ 0.782 0 0.782",
                "H @ 0.782 0.565 0.782",
                "Os @ 0 0 0"
            ],
            "band_gap": 2.071,
            "delta_e": -0.522367335900561,
            "stability": 0.0,
            "fit": "standard",
            "calculation_label": "static"
        },
        {
            "name": "Mg2H6Os",
            "entry_id": 12504,
            "calculation_id": 54341,
            "icsd_id": 68537,
            "formationenergy_id": 4083240,
            "duplicate_entry_id": 12504,
            "composition": "H6 Mg2 Os1",
            "composition_generic": "AB2C6",
            "prototype": "K2PtCl6",
            "spacegroup": "Fm-3m",
            "volume": 71.633,
            "ntypes": 3,
            "natoms": 9,
            "unit_cell": [
                [
                    3.296308,
                    -3.296308,
                    0.0
                ],
                [
                    -3.296308,
                    0.0,
                    -3.296308
                ],
                [
                    3.296308,
                    3.296308,
                    0.0
                ]
            ],
            "sites": [
                "H @ 0.257 0 0.257",
                "H @ 0.743 0 0.257",
                "H @ 0.257 0.515 0.257",
                "H @ 0.257 0 0.743",
                "H @ 0.743 0 0.743",
                "H @ 0.743 0.485 0.743",
                "Mg @ 0.75 0.5 0.25",
                "Mg @ 0.25 0.5 0.75",
                "Os @ 0 0 0"
            ],
            "band_gap": 3.599,
            "delta_e": -0.332334775715376,
            "stability": 0.0,
            "fit": "standard",
            "calculation_label": "static"
        },
        {
            "name": "K2OsCl6",
            "entry_id": 5122,
            "calculation_id": 55028,
            "icsd_id": 26769,
            "formationenergy_id": 4083564,
            "duplicate_entry_id": 5122,
            "composition": "Cl6 K2 Os1",
            "composition_generic": "AB2C6",
            "prototype": "K2PtCl6",
            "spacegroup": "Fm-3m",
            "volume": 234.106,
            "ntypes": 3,
            "natoms": 9,
            "unit_cell": [
                [
                    4.891709,
                    -4.891709,
                    0.0
                ],
                [
                    -4.891709,
                    0.0,
                    -4.891709
                ],
                [
                    4.891709,
                    4.891709,
                    0.0
                ]
            ],
            "sites": [
                "Cl @ 0.24 0 0.24",
                "Cl @ 0.24 0.479 0.24",
                "Cl @ 0.76 0 0.24",
                "Cl @ 0.24 0 0.76",
                "Cl @ 0.76 0 0.76",
                "Cl @ 0.76 0.521 0.76",
                "K @ 0.75 0.5 0.25",
                "K @ 0.25 0.5 0.75",
                "Os @ 0 0 0"
            ],
            "band_gap": 0.0,
            "delta_e": -1.39558785041275,
            "stability": 0.0033473266666654844,
            "fit": "standard",
            "calculation_label": "static"
        },
        {
            "name": "Sc6Te2Os",
            "entry_id": 16815,
            "calculation_id": 55528,
            "icsd_id": 98972,
            "formationenergy_id": 4083858,
            "duplicate_entry_id": 16815,
            "composition": "Os1 Sc6 Te2",
            "composition_generic": "AB2C6",
            "prototype": "Fe2P",
            "spacegroup": "P-62m",
            "volume": 197.359,
            "ntypes": 3,
            "natoms": 9,
            "unit_cell": [
                [
                    7.691928,
                    -0.00029,
                    0.0
                ],
                [
                    -3.846215,
                    6.66126,
                    0.0
                ],
                [
                    0.0,
                    0.0,
                    3.851893
                ]
            ],
            "sites": [
                "Os @ 1.53e-05 1.5e-05 0.5",
                "Sc @ 0.24 2.54e-05 0",
                "Sc @ 2.5e-05 0.24 0",
                "Sc @ 0.76 0.76 0",
                "Sc @ 0.613 1.62e-05 0.5",
                "Sc @ 0.387 0.387 0.5",
                "Sc @ 1.61e-05 0.613 0.5",
                "Te @ 0.667 0.333 0",
                "Te @ 0.333 0.667 0"
            ],
            "band_gap": 0.0,
            "delta_e": -0.713938779629628,
            "stability": 0.0,
            "fit": "standard",
            "calculation_label": "static"
        },
        {
            "name": "HfAsOs",
            "entry_id": 28047,
            "calculation_id": 55796,
            "icsd_id": 610652,
            "formationenergy_id": 4083990,
            "duplicate_entry_id": 28047,
            "composition": "As1 Hf1 Os1",
            "composition_generic": "ABC",
            "prototype": "Fe2P",
            "spacegroup": "P-62m",
            "volume": 147.724,
            "ntypes": 3,
            "natoms": 9,
            "unit_cell": [
                [
                    6.57323,
                    5.7e-05,
                    0.0
                ],
                [
                    -3.286565,
                    5.692613,
                    0.0
                ],
                [
                    0.0,
                    0.0,
                    3.947839
                ]
            ],
            "sites": [
                "As @ 0.667 0.333 0",
                "As @ 0.333 0.667 0",
                "As @ 3.28e-06 3.51e-06 0.5",
                "Hf @ 0.581 1.7e-05 0.5",
                "Hf @ 0.419 0.419 0.5",
                "Hf @ 1.66e-05 0.581 0.5",
                "Os @ 0.246 1.33e-05 0",
                "Os @ 1.22e-05 0.246 0",
                "Os @ 0.754 0.754 0"
            ],
            "band_gap": 0.0,
            "delta_e": -0.562019822222223,
            "stability": 0.10910327863339253,
            "fit": "standard",
            "calculation_label": "static"
        },
        {
            "name": "Ca2H6Os",
            "entry_id": 28956,
            "calculation_id": 55807,
            "icsd_id": 619346,
            "formationenergy_id": 4084005,
            "duplicate_entry_id": 28956,
            "composition": "Ca2 H6 Os1",
            "composition_generic": "AB2C6",
            "prototype": "K2PtCl6",
            "spacegroup": "Fm-3m",
            "volume": 91.8826,
            "ntypes": 3,
            "natoms": 9,
            "unit_cell": [
                [
                    3.581523,
                    -3.581523,
                    0.0
                ],
                [
                    -3.581523,
                    0.0,
                    -3.581523
                ],
                [
                    3.581523,
                    3.581523,
                    0.0
                ]
            ],
            "sites": [
                "Ca @ 0.75 0.5 0.25",
                "Ca @ 0.25 0.5 0.75",
                "H @ 0.241 0 0.241",
                "H @ 0.241 0.481 0.241",
                "H @ 0.759 0 0.241",
                "H @ 0.241 0 0.759",
                "H @ 0.759 0 0.759",
                "H @ 0.759 0.519 0.759",
                "Os @ 0 0 0"
            ],
            "band_gap": 2.824,
            "delta_e": -0.607193125900561,
            "stability": 0.0,
            "fit": "standard",
            "calculation_label": "static"
        },
        {
            "name": "TiPOs",
            "entry_id": 30896,
            "calculation_id": 56095,
            "icsd_id": 647718,
            "formationenergy_id": 4084164,
            "duplicate_entry_id": 30896,
            "composition": "Os1 P1 Ti1",
            "composition_generic": "ABC",
            "prototype": null,
            "spacegroup": "Amm2",
            "volume": 125.767,
            "ntypes": 3,
            "natoms": 9,
            "unit_cell": [
                [
                    6.256894,
                    -0.000708,
                    0.0
                ],
                [
                    -3.12906,
                    5.418276,
                    0.0
                ],
                [
                    0.0,
                    0.0,
                    3.710013
                ]
            ],
            "sites": [
                "Os @ 0.253 2.56e-05 0",
                "Os @ 2.53e-05 0.253 0",
                "Os @ 0.747 0.747 0",
                "P @ 0.667 0.333 0",
                "P @ 0.333 0.667 0",
                "P @ 8.65e-05 8.68e-05 0.5",
                "Ti @ 0.584 9.85e-06 0.5",
                "Ti @ 0.416 0.416 0.5",
                "Ti @ 9.82e-06 0.584 0.5"
            ],
            "band_gap": 0.0,
            "delta_e": -0.927446169804291,
            "stability": 0.021271711111110037,
            "fit": "standard",
            "calculation_label": "static"
        },
        {
            "name": "HfSiOs",
            "entry_id": 30518,
            "calculation_id": 56101,
            "icsd_id": 638753,
            "formationenergy_id": 4084170,
            "duplicate_entry_id": 30518,
            "composition": "Hf1 Os1 Si1",
            "composition_generic": "ABC",
            "prototype": null,
            "spacegroup": "P-62m",
            "volume": 141.982,
            "ntypes": 3,
            "natoms": 9,
            "unit_cell": [
                [
                    6.630115,
                    -4e-06,
                    0.0
                ],
                [
                    -3.315061,
                    5.741846,
                    0.0
                ],
                [
                    0.0,
                    0.0,
                    3.729596
                ]
            ],
            "sites": [
                "Hf @ 0.584 9.11e-06 0.5",
                "Hf @ 0.416 0.416 0.5",
                "Hf @ 9.47e-06 0.584 0.5",
                "Os @ 0.247 1.58e-05 0",
                "Os @ 1.57e-05 0.247 0",
                "Os @ 0.753 0.753 0",
                "Si @ 0.667 0.333 0",
                "Si @ 0.333 0.667 0",
                "Si @ 1 1 0.5"
            ],
            "band_gap": 0.0,
            "delta_e": -0.845617937777777,
            "stability": 0.0,
            "fit": "standard",
            "calculation_label": "static"
        },
        {
            "name": "K2OsN3Cl3O5",
            "entry_id": 7084,
            "calculation_id": 56472,
            "icsd_id": 39424,
            "formationenergy_id": 4084242,
            "duplicate_entry_id": 7084,
            "composition": "Cl3 K2 N3 O5 Os1",
            "composition_generic": "AB2C3D3E5",
            "prototype": "K2OsNO(NO2)2Cl3",
            "spacegroup": "P-1",
            "volume": 477.527,
            "ntypes": 5,
            "natoms": 28,
            "unit_cell": [
                [
                    6.398979,
                    -0.279528,
                    -0.29662
                ],
                [
                    -0.398478,
                    7.594252,
                    -0.089092
                ],
                [
                    -2.397039,
                    -0.084859,
                    9.96296
                ]
            ],
            "sites": [
                "Cl @ 0.284 0.327 0.474",
                "Cl @ 0.716 0.673 0.526",
                "Cl @ 0.922 0.0115 0.327",
                "Cl @ 0.0778 0.989 0.673",
                "Cl @ 0.832 0.436 0.255",
                "Cl @ 0.168 0.564 0.745",
                "K @ 0.186 0.717 0.469",
                "K @ 0.814 0.283 0.531",
                "K @ 0.624 0.76 0.108",
                "K @ 0.376 0.24 0.892",
                "N @ 0.914 0.174 0.0469",
                "N @ 0.0857 0.826 0.953",
                "N @ 0.325 0.135 0.211",
                "N @ 0.675 0.865 0.789",
                "N @ 0.263 0.477 0.181",
                "N @ 0.737 0.523 0.819",
                "O @ 0.302 0.477 0.0689",
                "O @ 0.698 0.523 0.931",
                "O @ 0.314 0.611 0.258",
                "O @ 0.686 0.389 0.742",
                "O @ 0.516 0.97 0.446",
                "O @ 0.484 0.0301 0.554",
                "O @ 0.982 0.191 0.945",
                "O @ 0.0175 0.809 0.0548",
                "O @ 0.723 0.113 0.0369",
                "O @ 0.277 0.887 0.963",
                "Os @ 0.125 0.236 0.244",
                "Os @ 0.875 0.764 0.756"
            ],
            "band_gap": 2.04,
            "delta_e": -0.869837303020118,
            "stability": 0.267404460224701,
            "fit": "standard",
            "calculation_label": "standard"
        },
        {
            "name": "HfGeOs",
            "entry_id": 30440,
            "calculation_id": 57042,
            "icsd_id": 636578,
            "formationenergy_id": 4084326,
            "duplicate_entry_id": 30440,
            "composition": "Ge1 Hf1 Os1",
            "composition_generic": "ABC",
            "prototype": "Fe2P",
            "spacegroup": "P-62m",
            "volume": 148.566,
            "ntypes": 3,
            "natoms": 9,
            "unit_cell": [
                [
                    6.71801,
                    4.9e-05,
                    0.0
                ],
                [
                    -3.358963,
                    5.817992,
                    0.0
                ],
                [
                    0.0,
                    0.0,
                    3.801065
                ]
            ],
            "sites": [
                "Ge @ 0.667 0.333 0",
                "Ge @ 0.333 0.667 0",
                "Ge @ 0 0 0.5",
                "Hf @ 0.582 2.43e-05 0.5",
                "Hf @ 0.418 0.418 0.5",
                "Hf @ 2.47e-05 0.582 0.5",
                "Os @ 0.247 8.24e-06 0",
                "Os @ 7.79e-06 0.247 0",
                "Os @ 0.753 0.753 0"
            ],
            "band_gap": 0.0,
            "delta_e": -0.592169169999999,
            "stability": 0.0006410422222229428,
            "fit": "standard",
            "calculation_label": "static"
        },
        {
            "name": "K2OsCl4O2",
            "entry_id": 3106,
            "calculation_id": 59689,
            "icsd_id": 15454,
            "formationenergy_id": 4084662,
            "duplicate_entry_id": 3106,
            "composition": "Cl4 K2 O2 Os1",
            "composition_generic": "AB2C2D4",
            "prototype": "K2OsO2Cl4",
            "spacegroup": "I4/mmm",
            "volume": 216.751,
            "ntypes": 4,
            "natoms": 9,
            "unit_cell": [
                [
                    3.518831,
                    3.518831,
                    4.376265
                ],
                [
                    3.518831,
                    -3.518831,
                    -4.376265
                ],
                [
                    -3.518831,
                    3.518831,
                    -4.376265
                ]
            ],
            "sites": [
                "Cl @ 0 0.758 0.242",
                "Cl @ 0.484 0.242 0.242",
                "Cl @ 0 0.242 0.758",
                "Cl @ 0.516 0.758 0.758",
                "K @ 0.5 0.75 0.25",
                "K @ 0.5 0.25 0.75",
                "O @ 0 0.201 0.201",
                "O @ 0 0.799 0.799",
                "Os @ 0 0 0"
            ],
            "band_gap": 1.852,
            "delta_e": -1.53553360047044,
            "stability": 0.0,
            "fit": "standard",
            "calculation_label": "static"
        },
        {
            "name": "HfPOs",
            "entry_id": 30517,
            "calculation_id": 60626,
            "icsd_id": 638751,
            "formationenergy_id": 4084785,
            "duplicate_entry_id": 30517,
            "composition": "Hf1 Os1 P1",
            "composition_generic": "ABC",
            "prototype": null,
            "spacegroup": "P-62m",
            "volume": 136.783,
            "ntypes": 3,
            "natoms": 9,
            "unit_cell": [
                [
                    6.408703,
                    -0.000121,
                    0.0
                ],
                [
                    -3.204456,
                    5.550039,
                    0.0
                ],
                [
                    0.0,
                    0.0,
                    3.845658
                ]
            ],
            "sites": [
                "Hf @ 0.584 1.99e-05 0.5",
                "Hf @ 0.416 0.416 0.5",
                "Hf @ 1.89e-05 0.584 0.5",
                "Os @ 0.248 1.62e-05 0",
                "Os @ 1.65e-05 0.248 0",
                "Os @ 0.752 0.752 0",
                "P @ 0.667 0.333 0",
                "P @ 0.333 0.667 0",
                "P @ 1 1 0.5"
            ],
            "band_gap": 0.0,
            "delta_e": -0.969305294653313,
            "stability": 0.014080648333331891,
            "fit": "standard",
            "calculation_label": "static"
        },
        {
            "name": "ZrAsOs",
            "entry_id": 28100,
            "calculation_id": 68235,
            "icsd_id": 611146,
            "formationenergy_id": 4085286,
            "duplicate_entry_id": 28100,
            "composition": "As1 Os1 Zr1",
            "composition_generic": "ABC",
            "prototype": null,
            "spacegroup": "P-62m",
            "volume": 151.037,
            "ntypes": 3,
            "natoms": 9,
            "unit_cell": [
                [
                    6.605667,
                    0.000146,
                    0.0
                ],
                [
                    -3.302707,
                    5.720748,
                    0.0
                ],
                [
                    0.0,
                    0.0,
                    3.996757
                ]
            ],
            "sites": [
                "As @ 0.667 0.333 0",
                "As @ 0.333 0.667 0",
                "As @ 7.4e-06 8.74e-06 0.5",
                "Os @ 0.244 1.3e-05 0",
                "Os @ 1.33e-05 0.244 0",
                "Os @ 0.756 0.756 0",
                "Zr @ 0.582 1.49e-05 0.5",
                "Zr @ 0.418 0.418 0.5",
                "Zr @ 1.53e-05 0.582 0.5"
            ],
            "band_gap": 0.0,
            "delta_e": -0.628239898333332,
            "stability": 0.13759657299585026,
            "fit": "standard",
            "calculation_label": "static"
        },
        {
            "name": "ZrGeOs",
            "entry_id": 30480,
            "calculation_id": 76961,
            "icsd_id": 637491,
            "formationenergy_id": 4085916,
            "duplicate_entry_id": 30480,
            "composition": "Ge1 Os1 Zr1",
            "composition_generic": "ABC",
            "prototype": "Fe2P",
            "spacegroup": "Amm2",
            "volume": 151.5,
            "ntypes": 3,
            "natoms": 9,
            "unit_cell": [
                [
                    6.755299,
                    0.00038,
                    0.0
                ],
                [
                    -3.377321,
                    5.85045,
                    0.0
                ],
                [
                    0.0,
                    0.0,
                    3.83324
                ]
            ],
            "sites": [
                "Ge @ 0.667 0.333 0",
                "Ge @ 0.333 0.667 0",
                "Ge @ 3.57e-05 3.59e-05 0.5",
                "Os @ 0.244 1.15e-05 0",
                "Os @ 1.11e-05 0.244 0",
                "Os @ 0.756 0.756 0",
                "Zr @ 0.584 1.68e-05 0.5",
                "Zr @ 0.416 0.416 0.5",
                "Zr @ 1.73e-05 0.584 0.5"
            ],
            "band_gap": 0.0,
            "delta_e": -0.616938919444443,
            "stability": 0.0007540900000005957,
            "fit": "standard",
            "calculation_label": "static"
        },
        {
            "name": "ZrPOs",
            "entry_id": 30897,
            "calculation_id": 77654,
            "icsd_id": 647719,
            "formationenergy_id": 4085979,
            "duplicate_entry_id": 30897,
            "composition": "Os1 P1 Zr1",
            "composition_generic": "ABC",
            "prototype": null,
            "spacegroup": "P-62m",
            "volume": 139.961,
            "ntypes": 3,
            "natoms": 9,
            "unit_cell": [
                [
                    6.457675,
                    -7.9e-05,
                    0.0
                ],
                [
                    -3.228906,
                    5.592471,
                    0.0
                ],
                [
                    0.0,
                    0.0,
                    3.875529
                ]
            ],
            "sites": [
                "Os @ 0.246 1.42e-05 0",
                "Os @ 1.53e-05 0.246 0",
                "Os @ 0.754 0.754 0",
                "P @ 0.667 0.333 0",
                "P @ 0.333 0.667 0",
                "P @ 1 1 0.5",
                "Zr @ 0.584 1.36e-05 0.5",
                "Zr @ 0.416 0.416 0.5",
                "Zr @ 1.26e-05 0.584 0.5"
            ],
            "band_gap": 0.0,
            "delta_e": -0.996187385208867,
            "stability": 0.007915407798293694,
            "fit": "standard",
            "calculation_label": "static"
        },
        {
            "name": "Rb3Os2Br9",
            "entry_id": 13565,
            "calculation_id": 83510,
            "icsd_id": 75452,
            "formationenergy_id": 4086408,
            "duplicate_entry_id": 10255,
            "composition": "Br9 Os2 Rb3",
            "composition_generic": "A2B3C9",
            "prototype": "K2W2Cl9",
            "spacegroup": "P21/m",
            "volume": 837.993,
            "ntypes": 3,
            "natoms": 28,
            "unit_cell": [
                [
                    7.357435,
                    -0.004272,
                    0.0
                ],
                [
                    -3.682419,
                    6.370915,
                    0.0
                ],
                [
                    0.0,
                    0.0,
                    17.883728
                ]
            ],
            "sites": [
                "Br @ 0.499 0.995 0.75",
                "Br @ 0.501 0.00462 0.25",
                "Br @ 0.00456 0.503 0.75",
                "Br @ 0.496 0.501 0.75",
                "Br @ 0.504 0.499 0.25",
                "Br @ 0.995 0.497 0.25",
                "Br @ 0.826 0.653 0.592",
                "Br @ 0.174 0.347 0.092",
                "Br @ 0.347 0.173 0.592",
                "Br @ 0.827 0.174 0.592",
                "Br @ 0.173 0.826 0.0921",
                "Br @ 0.653 0.827 0.0919",
                "Br @ 0.174 0.347 0.408",
                "Br @ 0.826 0.653 0.908",
                "Br @ 0.653 0.827 0.408",
                "Br @ 0.173 0.826 0.408",
                "Br @ 0.827 0.174 0.908",
                "Br @ 0.347 0.173 0.908",
                "Os @ 0.667 0.333 0.674",
                "Os @ 0.333 0.667 0.174",
                "Os @ 0.333 0.667 0.326",
                "Os @ 0.667 0.333 0.826",
                "Rb @ 0.333 0.667 0.931",
                "Rb @ 0.667 0.333 0.431",
                "Rb @ 0.667 0.333 0.0685",
                "Rb @ 0.333 0.667 0.569",
                "Rb @ 0.000206 0.999 0.75",
                "Rb @ 1 0.000581 0.25"
            ],
            "band_gap": 0.384,
            "delta_e": -1.01773293191018,
            "stability": 0.06846600981530382,
            "fit": "standard",
            "calculation_label": "standard"
        },
        {
            "name": "K2OsBr6",
            "entry_id": 5123,
            "calculation_id": 85578,
            "icsd_id": 26770,
            "formationenergy_id": 4086489,
            "duplicate_entry_id": 5123,
            "composition": "Br6 K2 Os1",
            "composition_generic": "AB2C6",
            "prototype": "K2PtCl6",
            "spacegroup": "I4/mmm",
            "volume": 288.326,
            "ntypes": 3,
            "natoms": 9,
            "unit_cell": [
                [
                    5.243137,
                    -5.243489,
                    0.000119
                ],
                [
                    -5.24326,
                    -5e-06,
                    -5.243884
                ],
                [
                    5.243128,
                    5.24348,
                    0.000137
                ]
            ],
            "sites": [
                "Br @ 0.761 6.29e-07 0.239",
                "Br @ 0.239 0.478 0.239",
                "Br @ 0.239 2.2e-07 0.239",
                "Br @ 0.761 1 0.761",
                "Br @ 0.761 0.522 0.761",
                "Br @ 0.239 5.15e-07 0.761",
                "K @ 0.75 0.5 0.25",
                "K @ 0.25 0.5 0.75",
                "Os @ 0 0 0"
            ],
            "band_gap": 0.0,
            "delta_e": -1.10053151938833,
            "stability": 0.0036796666666716327,
            "fit": "standard",
            "calculation_label": "static"
        },
        {
            "name": "La10Os2I15",
            "entry_id": 15011,
            "calculation_id": 89571,
            "icsd_id": 83856,
            "formationenergy_id": 4086732,
            "duplicate_entry_id": 15011,
            "composition": "I15 La10 Os2",
            "composition_generic": "A2B10C15",
            "prototype": null,
            "spacegroup": "P-1",
            "volume": 1112.7,
            "ntypes": 3,
            "natoms": 27,
            "unit_cell": [
                [
                    10.104925,
                    0.021499,
                    0.028463
                ],
                [
                    -3.887702,
                    10.346832,
                    -0.034061
                ],
                [
                    -4.820388,
                    -2.27082,
                    10.625332
                ]
            ],
            "sites": [
                "I @ 0.5 0.5 1",
                "I @ 0.342 0.445 0.301",
                "I @ 0.658 0.555 0.699",
                "I @ 0.146 0.386 0.58",
                "I @ 0.854 0.614 0.42",
                "I @ 0.223 0.743 0.822",
                "I @ 0.777 0.257 0.178",
                "I @ 0.275 0.0905 0.0562",
                "I @ 0.725 0.91 0.944",
                "I @ 0.391 0.794 0.532",
                "I @ 0.609 0.206 0.468",
                "I @ 0.0914 0.0448 0.344",
                "I @ 0.909 0.955 0.656",
                "I @ 0.571 0.852 0.236",
                "I @ 0.429 0.148 0.764",
                "La @ 0.834 0.753 0.179",
                "La @ 0.166 0.247 0.821",
                "La @ 0.975 0.797 0.904",
                "La @ 0.0247 0.203 0.0956",
                "La @ 0.228 0.583 0.054",
                "La @ 0.772 0.417 0.946",
                "La @ 0.3 0.909 0.279",
                "La @ 0.7 0.0915 0.721",
                "La @ 0.0834 0.542 0.328",
                "La @ 0.917 0.458 0.672",
                "Os @ 0.0314 0.676 0.121",
                "Os @ 0.969 0.324 0.879"
            ],
            "band_gap": 0.339,
            "delta_e": -1.38051872542314,
            "stability": 0.0,
            "fit": "standard",
            "calculation_label": "standard"
        },
        {
            "name": "LiOsF6",
            "entry_id": 20957,
            "calculation_id": 99082,
            "icsd_id": 165213,
            "formationenergy_id": 4087194,
            "duplicate_entry_id": 20957,
            "composition": "F6 Li1 Os1",
            "composition_generic": "ABC6",
            "prototype": "LiSbF6",
            "spacegroup": "R-3",
            "volume": 84.6941,
            "ntypes": 3,
            "natoms": 8,
            "unit_cell": [
                [
                    -2.364597,
                    4.095602,
                    0.0
                ],
                [
                    -4.729194,
                    0.0,
                    0.0
                ],
                [
                    0.0,
                    -2.730401,
                    4.372685
                ]
            ],
            "sites": [
                "F @ 0.837 0.246 0.249",
                "F @ 0.166 0.588 0.249",
                "F @ 0.495 0.917 0.249",
                "F @ 0.505 0.0829 0.751",
                "F @ 0.834 0.412 0.751",
                "F @ 0.163 0.754 0.751",
                "Li @ 1.27e-06 0.5 0.5",
                "Os @ 0 0 0"
            ],
            "band_gap": 1.393,
            "delta_e": -2.35757405309833,
            "stability": 0.0385196075000005,
            "fit": "standard",
            "calculation_label": "static"
        },
        {
            "name": "KOsF6",
            "entry_id": 5374,
            "calculation_id": 114497,
            "icsd_id": 27664,
            "formationenergy_id": 4087629,
            "duplicate_entry_id": 5374,
            "composition": "F6 K1 Os1",
            "composition_generic": "ABC6",
            "prototype": "KOsF6",
            "spacegroup": "R-3",
            "volume": 100.29,
            "ntypes": 3,
            "natoms": 8,
            "unit_cell": [
                [
                    4.692758,
                    -0.020347,
                    -0.023615
                ],
                [
                    -0.606721,
                    4.653378,
                    -0.023571
                ],
                [
                    -0.60684,
                    -0.688033,
                    4.602218
                ]
            ],
            "sites": [
                "F @ 0.654 0.781 0.074",
                "F @ 0.926 0.346 0.219",
                "F @ 0.219 0.926 0.346",
                "F @ 0.781 0.074 0.654",
                "F @ 0.074 0.654 0.781",
                "F @ 0.346 0.219 0.926",
                "K @ 0.5 0.5 0.5",
                "Os @ 0 0 0"
            ],
            "band_gap": 1.563,
            "delta_e": -2.38625185497333,
            "stability": 0.0,
            "fit": "standard",
            "calculation_label": "static"
        },
        {
            "name": "Eu2B5Os3",
            "entry_id": 11073,
            "calculation_id": 144928,
            "icsd_id": 59228,
            "formationenergy_id": 4089912,
            "duplicate_entry_id": 11073,
            "composition": "B5 Eu2 Os3",
            "composition_generic": "A2B3C5",
            "prototype": "Ca2Os3B5",
            "spacegroup": "C2",
            "volume": 142.58,
            "ntypes": 3,
            "natoms": 10,
            "unit_cell": [
                [
                    0.0,
                    -4.073177,
                    0.0
                ],
                [
                    -0.639147,
                    2.036589,
                    -5.273579
                ],
                [
                    6.636468,
                    2.036589,
                    -0.010435
                ]
            ],
            "sites": [
                "B @ 0.597 0.0643 0.12",
                "B @ 0.948 0.0219 0.312",
                "B @ 0.777 0.5 0.5",
                "B @ 0.614 0.978 0.688",
                "B @ 0.412 0.936 0.88",
                "Eu @ 0.177 0.562 0.233",
                "Eu @ 0.381 0.438 0.767",
                "Os @ 1 0 0",
                "Os @ 0.536 0.136 0.405",
                "Os @ 0.995 0.864 0.595"
            ],
            "band_gap": 0.0,
            "delta_e": -0.461826935000001,
            "stability": 0.0,
            "fit": "standard",
            "calculation_label": "static"
        },
        {
            "name": "Ca2B5Os3",
            "entry_id": 11072,
            "calculation_id": 145031,
            "icsd_id": 59227,
            "formationenergy_id": 4090098,
            "duplicate_entry_id": 11072,
            "composition": "B5 Ca2 Os3",
            "composition_generic": "A2B3C5",
            "prototype": "Ca2Os3B5",
            "spacegroup": "C2",
            "volume": 140.952,
            "ntypes": 3,
            "natoms": 10,
            "unit_cell": [
                [
                    0.0,
                    -4.062736,
                    0.0
                ],
                [
                    0.567859,
                    2.031368,
                    5.210333
                ],
                [
                    -6.657875,
                    -2.031368,
                    0.007255
                ]
            ],
            "sites": [
                "B @ 0.481 0.0614 0.12",
                "B @ 0.642 0.0165 0.31",
                "B @ 0.284 0.5 0.5",
                "B @ 0.936 0.983 0.69",
                "B @ 0.54 0.939 0.88",
                "Ca @ 0.945 0.556 0.24",
                "Ca @ 0.629 0.444 0.76",
                "Os @ 0.00534 0 0",
                "Os @ 0.138 0.135 0.402",
                "Os @ 0.405 0.865 0.598"
            ],
            "band_gap": 0.0,
            "delta_e": -0.375793114,
            "stability": 0.0,
            "fit": "standard",
            "calculation_label": "static"
        },
        {
            "name": "Ho2Ge2Os",
            "entry_id": 13733,
            "calculation_id": 145084,
            "icsd_id": 76350,
            "formationenergy_id": 4090188,
            "duplicate_entry_id": 13733,
            "composition": "Ge2 Ho2 Os1",
            "composition_generic": "AB2C2",
            "prototype": "CoZr2Si2",
            "spacegroup": "C2/m",
            "volume": 205.019,
            "ntypes": 3,
            "natoms": 10,
            "unit_cell": [
                [
                    0.0,
                    4.290442,
                    0.0
                ],
                [
                    -5.369361,
                    2.145221,
                    -0.000621
                ],
                [
                    0.620255,
                    -2.145221,
                    8.899636
                ]
            ],
            "sites": [
                "Ge @ 0.487 0.15 0.124",
                "Ge @ 0.357 0.723 0.438",
                "Ge @ 0.643 0.277 0.562",
                "Ge @ 0.513 0.85 0.876",
                "Ho @ 0.184 0.745 0.114",
                "Ho @ 0.996 0.332 0.325",
                "Ho @ 0.00357 0.668 0.675",
                "Ho @ 0.816 0.255 0.886",
                "Os @ 0.73 0.909 0.368",
                "Os @ 0.27 0.0913 0.632"
            ],
            "band_gap": 0.0,
            "delta_e": -0.696586974333333,
            "stability": 0.0,
            "fit": "standard",
            "calculation_label": "static"
        },
        {
            "name": "Sr2CuOsO6",
            "entry_id": 23191,
            "calculation_id": 145619,
            "icsd_id": 245819,
            "formationenergy_id": 4091082,
            "duplicate_entry_id": 23191,
            "composition": "Cu1 O6 Os1 Sr2",
            "composition_generic": "ABC2D6",
            "prototype": null,
            "spacegroup": "I4/m",
            "volume": 122.492,
            "ntypes": 4,
            "natoms": 10,
            "unit_cell": [
                [
                    -5.375003,
                    0.0,
                    0.0
                ],
                [
                    0.0,
                    -5.375003,
                    0.0
                ],
                [
                    2.687501,
                    2.687501,
                    4.239834
                ]
            ],
            "sites": [
                "Cu @ 0 0 0",
                "O @ 0.309 0.197 0",
                "O @ 0.803 0.309 0",
                "O @ 0.197 0.691 0",
                "O @ 0.691 0.803 0",
                "O @ 0.73 0.73 0.46",
                "O @ 0.27 0.27 0.54",
                "Os @ 0.5 0.5 0",
                "Sr @ 0.75 0.25 0.5",
                "Sr @ 0.25 0.75 0.5"
            ],
            "band_gap": 0.0,
            "delta_e": -2.01253008169595,
            "stability": 0.0,
            "fit": "standard",
            "calculation_label": "static"
        },
        {
            "name": "Ba2LiOsO6",
            "entry_id": 25545,
            "calculation_id": 145668,
            "icsd_id": 412142,
            "formationenergy_id": 4091160,
            "duplicate_entry_id": 25545,
            "composition": "Ba2 Li1 O6 Os1",
            "composition_generic": "ABC2D6",
            "prototype": "K2NaAlF6",
            "spacegroup": "Fm-3m",
            "volume": 131.971,
            "ntypes": 4,
            "natoms": 10,
            "unit_cell": [
                [
                    4.040947,
                    -4.040947,
                    0.0
                ],
                [
                    -4.040947,
                    0.0,
                    -4.040947
                ],
                [
                    4.040947,
                    4.040947,
                    0.0
                ]
            ],
            "sites": [
                "Ba @ 0.75 0.5 0.25",
                "Ba @ 0.25 0.5 0.75",
                "Li @ 0.5 0 0.5",
                "O @ 0.764 0 0.236",
                "O @ 0.236 0 0.236",
                "O @ 0.236 0.472 0.236",
                "O @ 0.236 0 0.764",
                "O @ 0.764 0 0.764",
                "O @ 0.764 0.528 0.764",
                "Os @ 0 0 0"
            ],
            "band_gap": 0.0,
            "delta_e": -2.27496765252725,
            "stability": 0.0026333009999999213,
            "fit": "standard",
            "calculation_label": "static"
        },
        {
            "name": "GdPOs2C",
            "entry_id": 23729,
            "calculation_id": 145705,
            "icsd_id": 260483,
            "formationenergy_id": 4091226,
            "duplicate_entry_id": 23729,
            "composition": "C1 Gd1 Os2 P1",
            "composition_generic": "ABCD2",
            "prototype": "ThFe2SiC",
            "spacegroup": "Cmcm",
            "volume": 151.285,
            "ntypes": 4,
            "natoms": 10,
            "unit_cell": [
                [
                    3.857108,
                    0.0,
                    0.0
                ],
                [
                    1.928554,
                    5.547614,
                    0.0
                ],
                [
                    0.0,
                    0.0,
                    7.070129
                ]
            ],
            "sites": [
                "C @ 0.5 0 0",
                "C @ 0.5 0 0.5",
                "Gd @ 0.956 0.0887 0.25",
                "Gd @ 0.0444 0.911 0.75",
                "Os @ 0.667 0.667 0.0528",
                "Os @ 0.667 0.667 0.447",
                "Os @ 0.333 0.333 0.553",
                "Os @ 0.333 0.333 0.947",
                "P @ 0.23 0.539 0.25",
                "P @ 0.77 0.461 0.75"
            ],
            "band_gap": 0.0,
            "delta_e": -0.546682156791988,
            "stability": 0.1462345985,
            "fit": "standard",
            "calculation_label": "static"
        },
        {
            "name": "Ba2NaOsO6",
            "entry_id": 25546,
            "calculation_id": 145737,
            "icsd_id": 412143,
            "formationenergy_id": 4091274,
            "duplicate_entry_id": 25546,
            "composition": "Ba2 Na1 O6 Os1",
            "composition_generic": "ABC2D6",
            "prototype": "K2NaAlF6",
            "spacegroup": "Fm-3m",
            "volume": 141.651,
            "ntypes": 4,
            "natoms": 10,
            "unit_cell": [
                [
                    4.137424,
                    -4.137424,
                    0.0
                ],
                [
                    -4.137424,
                    0.0,
                    -4.137424
                ],
                [
                    4.137424,
                    4.137424,
                    0.0
                ]
            ],
            "sites": [
                "Ba @ 0.75 0.5 0.25",
                "Ba @ 0.25 0.5 0.75",
                "Na @ 0.5 0 0.5",
                "O @ 0.771 0 0.229",
                "O @ 0.229 0 0.229",
                "O @ 0.229 0.459 0.229",
                "O @ 0.229 0 0.771",
                "O @ 0.771 0.541 0.771",
                "O @ 0.771 0 0.771",
                "Os @ 0 0 0"
            ],
            "band_gap": 0.0,
            "delta_e": -2.23310885361242,
            "stability": 0.0028500060000000715,
            "fit": "standard",
            "calculation_label": "static"
        },
        {
            "name": "CeB2Os2",
            "entry_id": 27291,
            "calculation_id": 145840,
            "icsd_id": 601367,
            "formationenergy_id": 4091457,
            "duplicate_entry_id": 27291,
            "composition": "B2 Ce1 Os2",
            "composition_generic": "AB2C2",
            "prototype": "CeRu2B2",
            "spacegroup": "F222",
            "volume": 154.679,
            "ntypes": 3,
            "natoms": 10,
            "unit_cell": [
                [
                    -3.303403,
                    4.618506,
                    0.0
                ],
                [
                    -3.303403,
                    -4.618506,
                    0.0
                ],
                [
                    3.303403,
                    0.0,
                    5.069176
                ]
            ],
            "sites": [
                "B @ 0.683 0.317 0",
                "B @ 0.317 0.683 0",
                "B @ 0.933 0.0672 0.5",
                "B @ 0.567 0.433 0.5",
                "Ce @ 0 0 0",
                "Ce @ 0.25 0.75 0.5",
                "Os @ 0.614 0.114 0.227",
                "Os @ 0.636 0.636 0.273",
                "Os @ 0.364 0.364 0.727",
                "Os @ 0.886 0.386 0.773"
            ],
            "band_gap": 0.0,
            "delta_e": -0.402922845500001,
            "stability": 0.0,
            "fit": "standard",
            "calculation_label": "static"
        },
        {
            "name": "LaB2Os2",
            "entry_id": 27290,
            "calculation_id": 145884,
            "icsd_id": 601366,
            "formationenergy_id": 4091541,
            "duplicate_entry_id": 27290,
            "composition": "B2 La1 Os2",
            "composition_generic": "AB2C2",
            "prototype": null,
            "spacegroup": "F222",
            "volume": 154.725,
            "ntypes": 3,
            "natoms": 10,
            "unit_cell": [
                [
                    -3.298761,
                    4.599334,
                    0.0
                ],
                [
                    -3.298761,
                    -4.599334,
                    0.0
                ],
                [
                    3.298761,
                    0.0,
                    5.098985
                ]
            ],
            "sites": [
                "B @ 0.681 0.319 0",
                "B @ 0.319 0.681 0",
                "B @ 0.932 0.0682 0.5",
                "B @ 0.568 0.432 0.5",
                "La @ 0 0 0",
                "La @ 0.25 0.75 0.5",
                "Os @ 0.613 0.113 0.227",
                "Os @ 0.637 0.637 0.274",
                "Os @ 0.363 0.363 0.726",
                "Os @ 0.887 0.387 0.773"
            ],
            "band_gap": 0.0,
            "delta_e": -0.454796743999999,
            "stability": 0.0,
            "fit": "standard",
            "calculation_label": "static"
        },
        {
            "name": "ThB2Os2",
            "entry_id": 27282,
            "calculation_id": 145885,
            "icsd_id": 601346,
            "formationenergy_id": 4091544,
            "duplicate_entry_id": 27282,
            "composition": "B2 Os2 Th1",
            "composition_generic": "AB2C2",
            "prototype": null,
            "spacegroup": "F222",
            "volume": 152.471,
            "ntypes": 3,
            "natoms": 10,
            "unit_cell": [
                [
                    -3.301723,
                    4.552961,
                    0.0
                ],
                [
                    -3.301723,
                    -4.552961,
                    0.0
                ],
                [
                    3.301723,
                    0.0,
                    5.071349
                ]
            ],
            "sites": [
                "B @ 0.684 0.316 0",
                "B @ 0.316 0.684 0",
                "B @ 0.934 0.0659 0.5",
                "B @ 0.566 0.434 0.5",
                "Os @ 0.613 0.113 0.226",
                "Os @ 0.637 0.637 0.275",
                "Os @ 0.363 0.363 0.725",
                "Os @ 0.887 0.387 0.774",
                "Th @ 0 0 0",
                "Th @ 0.25 0.75 0.5"
            ],
            "band_gap": 0.0,
            "delta_e": -0.519045593,
            "stability": 0.0,
            "fit": "standard",
            "calculation_label": "static"
        },
        {
            "name": "PrB2Os2",
            "entry_id": 27292,
            "calculation_id": 145976,
            "icsd_id": 601368,
            "formationenergy_id": 4091694,
            "duplicate_entry_id": 27292,
            "composition": "B2 Os2 Pr1",
            "composition_generic": "AB2C2",
            "prototype": "CeRu2B2",
            "spacegroup": "F222",
            "volume": 153.2,
            "ntypes": 3,
            "natoms": 10,
            "unit_cell": [
                [
                    -3.301571,
                    4.595473,
                    0.0
                ],
                [
                    -3.301571,
                    -4.595473,
                    0.0
                ],
                [
                    3.301571,
                    0.0,
                    5.048676
                ]
            ],
            "sites": [
                "B @ 0.684 0.316 0",
                "B @ 0.316 0.684 0",
                "B @ 0.934 0.0659 0.5",
                "B @ 0.566 0.434 0.5",
                "Os @ 0.614 0.114 0.227",
                "Os @ 0.636 0.636 0.273",
                "Os @ 0.364 0.364 0.727",
                "Os @ 0.886 0.386 0.773",
                "Pr @ 0 0 0",
                "Pr @ 0.25 0.75 0.5"
            ],
            "band_gap": 0.0,
            "delta_e": -0.421511106500002,
            "stability": 0.0,
            "fit": "standard",
            "calculation_label": "static"
        },
        {
            "name": "NdB2Os2",
            "entry_id": 27293,
            "calculation_id": 145985,
            "icsd_id": 601369,
            "formationenergy_id": 4091712,
            "duplicate_entry_id": 27293,
            "composition": "B2 Nd1 Os2",
            "composition_generic": "AB2C2",
            "prototype": null,
            "spacegroup": "F222",
            "volume": 152.088,
            "ntypes": 3,
            "natoms": 10,
            "unit_cell": [
                [
                    -3.307589,
                    4.574321,
                    0.0
                ],
                [
                    -3.307589,
                    -4.574321,
                    0.0
                ],
                [
                    3.307589,
                    0.0,
                    5.026036
                ]
            ],
            "sites": [
                "B @ 0.685 0.315 0",
                "B @ 0.315 0.685 0",
                "B @ 0.935 0.0645 0.5",
                "B @ 0.565 0.435 0.5",
                "Nd @ 0 0 0",
                "Nd @ 0.25 0.75 0.5",
                "Os @ 0.613 0.113 0.227",
                "Os @ 0.637 0.637 0.273",
                "Os @ 0.363 0.363 0.727",
                "Os @ 0.887 0.387 0.773"
            ],
            "band_gap": 0.0,
            "delta_e": -0.43454095,
            "stability": 0.0,
            "fit": "standard",
            "calculation_label": "static"
        },
        {
            "name": "SmB2Os2",
            "entry_id": 27294,
            "calculation_id": 146039,
            "icsd_id": 601370,
            "formationenergy_id": 4091805,
            "duplicate_entry_id": 27294,
            "composition": "B2 Os2 Sm1",
            "composition_generic": "AB2C2",
            "prototype": null,
            "spacegroup": "F222",
            "volume": 150.112,
            "ntypes": 3,
            "natoms": 10,
            "unit_cell": [
                [
                    -3.330133,
                    4.530738,
                    0.0
                ],
                [
                    -3.330133,
                    -4.530738,
                    0.0
                ],
                [
                    3.330133,
                    0.0,
                    4.974572
                ]
            ],
            "sites": [
                "B @ 0.688 0.312 0",
                "B @ 0.312 0.688 0",
                "B @ 0.938 0.0619 0.5",
                "B @ 0.562 0.438 0.5",
                "Os @ 0.613 0.113 0.225",
                "Os @ 0.638 0.638 0.275",
                "Os @ 0.362 0.362 0.725",
                "Os @ 0.887 0.387 0.775",
                "Sm @ 0 0 0",
                "Sm @ 0.25 0.75 0.5"
            ],
            "band_gap": 0.0,
            "delta_e": -0.452317633499999,
            "stability": 0.0,
            "fit": "standard",
            "calculation_label": "static"
        },
        {
            "name": "OsO4",
            "entry_id": 1619,
            "calculation_id": 146094,
            "icsd_id": 63,
            "formationenergy_id": 4091901,
            "duplicate_entry_id": 1619,
            "composition": "O4 Os1",
            "composition_generic": "AB4",
            "prototype": "OsO4",
            "spacegroup": "C2/c",
            "volume": 143.411,
            "ntypes": 2,
            "natoms": 10,
            "unit_cell": [
                [
                    0.0,
                    4.293938,
                    0.0
                ],
                [
                    -4.514281,
                    2.146969,
                    0.004517
                ],
                [
                    0.789629,
                    -2.146969,
                    7.397606
                ]
            ],
            "sites": [
                "O @ 0.368 0.319 0.0704",
                "O @ 0.149 0.945 0.189",
                "O @ 0.905 0.555 0.311",
                "O @ 0.616 0.181 0.43",
                "O @ 0.384 0.819 0.57",
                "O @ 0.0945 0.445 0.689",
                "O @ 0.851 0.0546 0.811",
                "O @ 0.632 0.681 0.93",
                "Os @ 0.259 0.25 0.25",
                "Os @ 0.741 0.75 0.75"
            ],
            "band_gap": 3.206,
            "delta_e": -1.265475691703,
            "stability": 0.0,
            "fit": "standard",
            "calculation_label": "static"
        },
        {
            "name": "OsO4",
            "entry_id": 4426,
            "calculation_id": 146333,
            "icsd_id": 23803,
            "formationenergy_id": 4092249,
            "duplicate_entry_id": 1619,
            "composition": "O4 Os1",
            "composition_generic": "AB4",
            "prototype": "OsO4",
            "spacegroup": "C2/c",
            "volume": 143.447,
            "ntypes": 2,
            "natoms": 10,
            "unit_cell": [
                [
                    0.0,
                    4.330903,
                    0.0
                ],
                [
                    -4.494333,
                    2.165452,
                    -0.023114
                ],
                [
                    0.828701,
                    -2.165452,
                    7.373924
                ]
            ],
            "sites": [
                "O @ 0.366 0.312 0.0689",
                "O @ 0.152 0.942 0.191",
                "O @ 0.903 0.558 0.309",
                "O @ 0.609 0.188 0.431",
                "O @ 0.391 0.812 0.569",
                "O @ 0.0973 0.442 0.691",
                "O @ 0.848 0.058 0.809",
                "O @ 0.634 0.688 0.931",
                "Os @ 0.258 0.25 0.25",
                "Os @ 0.742 0.75 0.75"
            ],
            "band_gap": 3.265,
            "delta_e": -1.265452652703,
            "stability": 2.3039000000002474e-05,
            "fit": "standard",
            "calculation_label": "static"
        },
        {
            "name": "OsC",
            "entry_id": 8183,
            "calculation_id": 147556,
            "icsd_id": 43672,
            "formationenergy_id": 4092591,
            "duplicate_entry_id": 8183,
            "composition": "C1 Os1",
            "composition_generic": "AB",
            "prototype": "WC",
            "spacegroup": "P-6m2",
            "volume": 20.5044,
            "ntypes": 2,
            "natoms": 2,
            "unit_cell": [
                [
                    2.946508,
                    0.0,
                    0.0
                ],
                [
                    -1.473254,
                    2.551777,
                    0.0
                ],
                [
                    0.0,
                    0.0,
                    2.727079
                ]
            ],
            "sites": [
                "C @ 0.667 0.333 0.5",
                "Os @ 1.76e-05 3.53e-05 0"
            ],
            "band_gap": 0.0,
            "delta_e": 0.911370006249999,
            "stability": 0.911370006249999,
            "fit": "standard",
            "calculation_label": "static"
        },
        {
            "name": "ThSi2Os2",
            "entry_id": 30900,
            "calculation_id": 147888,
            "icsd_id": 647793,
            "formationenergy_id": 4092765,
            "duplicate_entry_id": 30900,
            "composition": "Os2 Si2 Th1",
            "composition_generic": "AB2C2",
            "prototype": "CeAl2Ga2",
            "spacegroup": "I4/mmm",
            "volume": 87.5772,
            "ntypes": 3,
            "natoms": 5,
            "unit_cell": [
                [
                    -4.218947,
                    0.0,
                    0.0
                ],
                [
                    0.0,
                    -4.218947,
                    0.0
                ],
                [
                    2.109473,
                    2.109473,
                    4.9202
                ]
            ],
            "sites": [
                "Os @ 0.75 0.25 0.5",
                "Os @ 0.25 0.75 0.5",
                "Si @ 0.63 0.63 0.26",
                "Si @ 0.37 0.37 0.74",
                "Th @ 0 0 0"
            ],
            "band_gap": 0.0,
            "delta_e": -0.77676074,
            "stability": 0.0,
            "fit": "standard",
            "calculation_label": "static"
        }
    ],
    "meta": {
        "query": {
            "representation": "http://oqmd.org/oqmdapi/formationenergy?filter=element_set=(Os)&format=json&limit=50&offset=50"
        },
        "api_version": "1.0",
        "time_stamp": "2023-08-01 00:14:22",
        "data_returned": 50,
        "data_available": 33592,
        "comments": "",
        "query_tree": "",
        "more_data_available": true
    },
    "response_message": "OK"
}