{
    "links": {
        "next": "http://oqmd.org/oqmdapi/formationenergy?fields=name%2Centry_id%2Cspacegroup%2Cntypes%2Cband_gap%2Cdelta_e&filter=element_set%3D%28Si%29&limit=50&offset=50",
        "previous": null,
        "base_url": {
            "href": "https://oqmd.org/oqmdapi",
            "meta": {
                "_oqmd_version": "1.0"
            }
        }
    },
    "resource": {},
    "data": [
        {
            "name": "CsHoSiS4",
            "entry_id": 25672,
            "spacegroup": "P212121",
            "ntypes": 4,
            "band_gap": 3.024,
            "delta_e": -1.60893999919811
        },
        {
            "name": "SiP",
            "entry_id": 5810,
            "spacegroup": "F-43m",
            "ntypes": 2,
            "band_gap": 0.0,
            "delta_e": 0.106576353020031
        },
        {
            "name": "SiC",
            "entry_id": 22472,
            "spacegroup": "Fm-3m",
            "ntypes": 2,
            "band_gap": 0.0,
            "delta_e": 0.53431968375
        },
        {
            "name": "SiC",
            "entry_id": 4566,
            "spacegroup": "F-43m",
            "ntypes": 2,
            "band_gap": 1.586,
            "delta_e": -0.20822938625
        },
        {
            "name": "Si",
            "entry_id": 9287,
            "spacegroup": "Fm-3m",
            "ntypes": 1,
            "band_gap": 0.0,
            "delta_e": 0.536881804999999
        },
        {
            "name": "SiRh",
            "entry_id": 8386,
            "spacegroup": "Pm-3m",
            "ntypes": 2,
            "band_gap": 0.0,
            "delta_e": -0.539796512500001
        },
        {
            "name": "Si",
            "entry_id": 18984,
            "spacegroup": "P6/mmm",
            "ntypes": 1,
            "band_gap": 0.0,
            "delta_e": 0.307862904999999
        },
        {
            "name": "ScSi",
            "entry_id": 21520,
            "spacegroup": "F-43m",
            "ntypes": 2,
            "band_gap": 0.0,
            "delta_e": 0.490499665
        },
        {
            "name": "SiRu",
            "entry_id": 8480,
            "spacegroup": "Pm-3m",
            "ntypes": 2,
            "band_gap": 0.0,
            "delta_e": -0.6368062775
        },
        {
            "name": "Si",
            "entry_id": 5714,
            "spacegroup": "Fd-3m",
            "ntypes": 1,
            "band_gap": 0.773000000000001,
            "delta_e": 0.0
        },
        {
            "name": "Si",
            "entry_id": 7479,
            "spacegroup": "Imma",
            "ntypes": 1,
            "band_gap": 0.0,
            "delta_e": 0.292395259999999
        },
        {
            "name": "Si",
            "entry_id": 18979,
            "spacegroup": "I41/amd",
            "ntypes": 1,
            "band_gap": 0.0,
            "delta_e": 0.291109094999999
        },
        {
            "name": "SiOs",
            "entry_id": 8080,
            "spacegroup": "Pm-3m",
            "ntypes": 2,
            "band_gap": 0.0,
            "delta_e": -0.3434495625
        },
        {
            "name": "Si",
            "entry_id": 12378,
            "spacegroup": "Fd-3m",
            "ntypes": 1,
            "band_gap": 0.773,
            "delta_e": 1.27750000000759e-05
        },
        {
            "name": "Si",
            "entry_id": 9288,
            "spacegroup": "P63/mmc",
            "ntypes": 1,
            "band_gap": 0.0,
            "delta_e": 0.508218165
        },
        {
            "name": "SrSi",
            "entry_id": 20278,
            "spacegroup": "P4/mmm",
            "ntypes": 2,
            "band_gap": 0.0,
            "delta_e": -0.1080829125
        },
        {
            "name": "FeSi2",
            "entry_id": 30247,
            "spacegroup": "P4/mmm",
            "ntypes": 2,
            "band_gap": 0.0,
            "delta_e": -0.387308936666667
        },
        {
            "name": "Si2Ni",
            "entry_id": 20679,
            "spacegroup": "Fm-3m",
            "ntypes": 2,
            "band_gap": 0.0,
            "delta_e": -0.349402476666667
        },
        {
            "name": "Mg2Si",
            "entry_id": 17649,
            "spacegroup": "Fm-3m",
            "ntypes": 2,
            "band_gap": 0.281000000000001,
            "delta_e": -0.16171741777778
        },
        {
            "name": "CrSi2",
            "entry_id": 12787,
            "spacegroup": "I4/mmm",
            "ntypes": 2,
            "band_gap": 0.0,
            "delta_e": -0.371485196666667
        },
        {
            "name": "ThSiAu",
            "entry_id": 13496,
            "spacegroup": "P-6m2",
            "ntypes": 3,
            "band_gap": 0.0,
            "delta_e": -0.775884208333333
        },
        {
            "name": "YbSi2",
            "entry_id": 3845,
            "spacegroup": "P6/mmm",
            "ntypes": 2,
            "band_gap": 0.0,
            "delta_e": -0.360079980000001
        },
        {
            "name": "ScSi2",
            "entry_id": 31278,
            "spacegroup": "P6/mmm",
            "ntypes": 2,
            "band_gap": 0.0,
            "delta_e": -0.374506198333333
        },
        {
            "name": "Si2Ru",
            "entry_id": 19776,
            "spacegroup": "Fm-3m",
            "ntypes": 2,
            "band_gap": 0.0,
            "delta_e": -0.241037796666667
        },
        {
            "name": "USi2",
            "entry_id": 6063,
            "spacegroup": "P6/mmm",
            "ntypes": 2,
            "band_gap": 0.0,
            "delta_e": -0.325328868333334
        },
        {
            "name": "DySi2",
            "entry_id": 3841,
            "spacegroup": "P6/mmm",
            "ntypes": 2,
            "band_gap": 0.0,
            "delta_e": -0.524309892222224
        },
        {
            "name": "ReSi2",
            "entry_id": 18900,
            "spacegroup": "I4/mmm",
            "ntypes": 2,
            "band_gap": 0.0,
            "delta_e": -0.181887954999999
        },
        {
            "name": "Si2Ru",
            "entry_id": 19775,
            "spacegroup": "P4/mmm",
            "ntypes": 2,
            "band_gap": 0.0,
            "delta_e": -0.411972756666668
        },
        {
            "name": "HoSi2",
            "entry_id": 3842,
            "spacegroup": "P6/mmm",
            "ntypes": 2,
            "band_gap": 0.0,
            "delta_e": -0.50827847111111
        },
        {
            "name": "SiPt2",
            "entry_id": 14060,
            "spacegroup": "I4/mmm",
            "ntypes": 2,
            "band_gap": 0.0,
            "delta_e": -0.722642135
        },
        {
            "name": "ThSi2",
            "entry_id": 3102,
            "spacegroup": "P6/mmm",
            "ntypes": 2,
            "band_gap": 0.0,
            "delta_e": -0.621232373333333
        },
        {
            "name": "Si2W",
            "entry_id": 5147,
            "spacegroup": "I4/mmm",
            "ntypes": 2,
            "band_gap": 0.0,
            "delta_e": -0.3448632
        },
        {
            "name": "BaSi2",
            "entry_id": 3838,
            "spacegroup": "P6/mmm",
            "ntypes": 2,
            "band_gap": 0.0,
            "delta_e": -0.321773676666667
        },
        {
            "name": "Si2Mo",
            "entry_id": 17715,
            "spacegroup": "I4/mmm",
            "ntypes": 2,
            "band_gap": 0.0,
            "delta_e": -0.496651633333332
        },
        {
            "name": "EuSi2",
            "entry_id": 17219,
            "spacegroup": "Cmmm",
            "ntypes": 2,
            "band_gap": 0.0,
            "delta_e": -0.466638773333334
        },
        {
            "name": "TbSi2",
            "entry_id": 3840,
            "spacegroup": "P6/mmm",
            "ntypes": 2,
            "band_gap": 0.0,
            "delta_e": -0.319472961555557
        },
        {
            "name": "ErSi2",
            "entry_id": 3843,
            "spacegroup": "P6/mmm",
            "ntypes": 2,
            "band_gap": 0.0,
            "delta_e": -0.49102481
        },
        {
            "name": "BaLiSi",
            "entry_id": 7899,
            "spacegroup": "P-6m2",
            "ntypes": 3,
            "band_gap": 0.0,
            "delta_e": -0.180150388333334
        },
        {
            "name": "TmSi2",
            "entry_id": 3844,
            "spacegroup": "P6/mmm",
            "ntypes": 2,
            "band_gap": 0.0,
            "delta_e": -0.469957743333333
        },
        {
            "name": "CaSi2",
            "entry_id": 7489,
            "spacegroup": "P-3m1",
            "ntypes": 2,
            "band_gap": 0.0,
            "delta_e": -0.370082020000001
        },
        {
            "name": "LuSi2",
            "entry_id": 3846,
            "spacegroup": "P6/mmm",
            "ntypes": 2,
            "band_gap": 0.0,
            "delta_e": -0.429689288333333
        },
        {
            "name": "BaSi2",
            "entry_id": 1870,
            "spacegroup": "P-3m1",
            "ntypes": 2,
            "band_gap": 0.0,
            "delta_e": -0.342291150000001
        },
        {
            "name": "CaSi2",
            "entry_id": 19825,
            "spacegroup": "P6/mmm",
            "ntypes": 2,
            "band_gap": 0.0,
            "delta_e": -0.309893016666667
        },
        {
            "name": "CaAlSi",
            "entry_id": 20616,
            "spacegroup": "P-6m2",
            "ntypes": 3,
            "band_gap": 0.0,
            "delta_e": -0.392200238333334
        },
        {
            "name": "LiGaSi",
            "entry_id": 17253,
            "spacegroup": "F-43m",
            "ntypes": 3,
            "band_gap": 0.404,
            "delta_e": -0.167674473333334
        },
        {
            "name": "CaSi2",
            "entry_id": 3170,
            "spacegroup": "R-3m",
            "ntypes": 2,
            "band_gap": 0.0,
            "delta_e": -0.388877653333334
        },
        {
            "name": "SrAlSi",
            "entry_id": 20617,
            "spacegroup": "P-6m2",
            "ntypes": 3,
            "band_gap": 0.0,
            "delta_e": -0.398337368333334
        },
        {
            "name": "TiSi2",
            "entry_id": 15462,
            "spacegroup": "Fmmm",
            "ntypes": 2,
            "band_gap": 0.0,
            "delta_e": -0.380321644595422
        },
        {
            "name": "BaAlSi",
            "entry_id": 20618,
            "spacegroup": "P-6m2",
            "ntypes": 3,
            "band_gap": 0.0,
            "delta_e": -0.383148148333334
        },
        {
            "name": "ReSi2",
            "entry_id": 6973,
            "spacegroup": "Immm",
            "ntypes": 2,
            "band_gap": 0.0,
            "delta_e": -0.181979428333333
        }
    ],
    "meta": {
        "query": {
            "representation": "http://oqmd.org/oqmdapi/formationenergy?fields=name,entry_id,spacegroup,ntypes,band_gap,delta_e&filter=element_set=(Si)"
        },
        "api_version": "1.0",
        "time_stamp": "2023-08-01 00:12:01",
        "data_returned": 50,
        "data_available": 53884,
        "comments": "",
        "query_tree": "",
        "more_data_available": true
    },
    "response_message": "OK"
}