{
    "links": {
        "next": "http://oqmd.org/oqmdapi/formationenergy?fields=name%2Centry_id%2Cspacegroup%2Cntypes%2Cband_gap%2Cdelta_e&filter=element_set%3D%28Sn%29&limit=50&offset=50",
        "previous": null,
        "base_url": {
            "href": "https://oqmd.org/oqmdapi",
            "meta": {
                "_oqmd_version": "1.0"
            }
        }
    },
    "resource": {},
    "data": [
        {
            "name": "TlSn",
            "entry_id": 18131,
            "spacegroup": "P4/mmm",
            "ntypes": 2,
            "band_gap": 0.0,
            "delta_e": 0.0232570340743989
        },
        {
            "name": "YbSn",
            "entry_id": 18136,
            "spacegroup": "P4/mmm",
            "ntypes": 2,
            "band_gap": 0.0,
            "delta_e": -0.720321378425601
        },
        {
            "name": "Sn",
            "entry_id": 9297,
            "spacegroup": "Im-3m",
            "ntypes": 1,
            "band_gap": 0.0,
            "delta_e": 0.08276532
        },
        {
            "name": "SnP",
            "entry_id": 14014,
            "spacegroup": "Fm-3m",
            "ntypes": 2,
            "band_gap": 0.0,
            "delta_e": -0.169100282905569
        },
        {
            "name": "SnC",
            "entry_id": 22475,
            "spacegroup": "F-43m",
            "ntypes": 2,
            "band_gap": 0.950000000000001,
            "delta_e": 0.765138412824399
        },
        {
            "name": "SnC",
            "entry_id": 22476,
            "spacegroup": "Fm-3m",
            "ntypes": 2,
            "band_gap": 0.0,
            "delta_e": 1.2495949928244
        },
        {
            "name": "SnP",
            "entry_id": 3311,
            "spacegroup": "I4mm",
            "ntypes": 2,
            "band_gap": 0.0,
            "delta_e": -0.17399145290557
        },
        {
            "name": "TlSn",
            "entry_id": 31087,
            "spacegroup": "P4/mmm",
            "ntypes": 2,
            "band_gap": 0.0,
            "delta_e": 0.0232259390743987
        },
        {
            "name": "YbSn",
            "entry_id": 31091,
            "spacegroup": "P4/mmm",
            "ntypes": 2,
            "band_gap": 0.0,
            "delta_e": -0.720355523425601
        },
        {
            "name": "ScSn",
            "entry_id": 21522,
            "spacegroup": "F-43m",
            "ntypes": 2,
            "band_gap": 0.0,
            "delta_e": 0.366223044074399
        },
        {
            "name": "SnAs",
            "entry_id": 8273,
            "spacegroup": "Fm-3m",
            "ntypes": 2,
            "band_gap": 0.0,
            "delta_e": -0.107249905925602
        },
        {
            "name": "AlSn",
            "entry_id": 18717,
            "spacegroup": "P-6m2",
            "ntypes": 2,
            "band_gap": 0.0,
            "delta_e": 0.210924821574399
        },
        {
            "name": "Mg2Sn",
            "entry_id": 17653,
            "spacegroup": "Fm-3m",
            "ntypes": 2,
            "band_gap": 0.0,
            "delta_e": -0.222422621728181
        },
        {
            "name": "SnO2",
            "entry_id": 21472,
            "spacegroup": "Fm-3m",
            "ntypes": 2,
            "band_gap": 0.622999999999999,
            "delta_e": -1.70816814286957
        },
        {
            "name": "Sn2Ir",
            "entry_id": 19398,
            "spacegroup": "Fm-3m",
            "ntypes": 2,
            "band_gap": 0.0,
            "delta_e": -0.351585001234135
        },
        {
            "name": "HfSnPd",
            "entry_id": 18376,
            "spacegroup": "F-43m",
            "ntypes": 3,
            "band_gap": 0.601999999999999,
            "delta_e": -0.751731697283734
        },
        {
            "name": "LiInSn",
            "entry_id": 30574,
            "spacegroup": "F-43m",
            "ntypes": 3,
            "band_gap": 0.0,
            "delta_e": -0.227524658950401
        },
        {
            "name": "ScSnPt",
            "entry_id": 18898,
            "spacegroup": "F-43m",
            "ntypes": 3,
            "band_gap": 0.0,
            "delta_e": -0.453707757283734
        },
        {
            "name": "BaSn2",
            "entry_id": 25148,
            "spacegroup": "P-3m1",
            "ntypes": 2,
            "band_gap": 0.0,
            "delta_e": -0.639328021234135
        },
        {
            "name": "SnSe2",
            "entry_id": 8151,
            "spacegroup": "P-3m1",
            "ntypes": 2,
            "band_gap": 0.759,
            "delta_e": -0.374788702283734
        },
        {
            "name": "ThSnPt",
            "entry_id": 18899,
            "spacegroup": "F-43m",
            "ntypes": 3,
            "band_gap": 0.953,
            "delta_e": -1.1083372789504
        },
        {
            "name": "LuSnAu",
            "entry_id": 10776,
            "spacegroup": "F-43m",
            "ntypes": 3,
            "band_gap": 0.0,
            "delta_e": -0.846702067283734
        },
        {
            "name": "HoSnAu",
            "entry_id": 10743,
            "spacegroup": "F-43m",
            "ntypes": 3,
            "band_gap": 0.25,
            "delta_e": -0.884708333394844
        },
        {
            "name": "MnSnPt",
            "entry_id": 17683,
            "spacegroup": "F-43m",
            "ntypes": 3,
            "band_gap": 0.0,
            "delta_e": -0.369260393548101
        },
        {
            "name": "Sn2Pt",
            "entry_id": 18001,
            "spacegroup": "Fm-3m",
            "ntypes": 2,
            "band_gap": 0.0,
            "delta_e": -0.516576401234135
        },
        {
            "name": "ScSnAu",
            "entry_id": 10798,
            "spacegroup": "F-43m",
            "ntypes": 3,
            "band_gap": 0.431,
            "delta_e": -0.794401990617068
        },
        {
            "name": "TmSnAu",
            "entry_id": 10804,
            "spacegroup": "F-43m",
            "ntypes": 3,
            "band_gap": 0.0,
            "delta_e": -0.867536435617067
        },
        {
            "name": "TiSnPt",
            "entry_id": 18005,
            "spacegroup": "F-43m",
            "ntypes": 3,
            "band_gap": 0.850000000000001,
            "delta_e": -0.870889140212489
        },
        {
            "name": "MgSnAu",
            "entry_id": 3449,
            "spacegroup": "F-43m",
            "ntypes": 3,
            "band_gap": 0.0,
            "delta_e": -0.478635298672624
        },
        {
            "name": "SnS2",
            "entry_id": 5657,
            "spacegroup": "P-3m1",
            "ntypes": 2,
            "band_gap": 1.541,
            "delta_e": -0.595972028292639
        },
        {
            "name": "MnSnIr",
            "entry_id": 17497,
            "spacegroup": "F-43m",
            "ntypes": 3,
            "band_gap": 0.0,
            "delta_e": 0.257139199785232
        },
        {
            "name": "LiCeSn",
            "entry_id": 18264,
            "spacegroup": "F-43m",
            "ntypes": 3,
            "band_gap": 0.0,
            "delta_e": -0.544571674783735
        },
        {
            "name": "USnPt",
            "entry_id": 18006,
            "spacegroup": "F-43m",
            "ntypes": 3,
            "band_gap": 0.0,
            "delta_e": -0.5315220239504
        },
        {
            "name": "GdSnAu",
            "entry_id": 23179,
            "spacegroup": "F-43m",
            "ntypes": 3,
            "band_gap": 0.215,
            "delta_e": -0.897099981450401
        },
        {
            "name": "PrSn3",
            "entry_id": 18890,
            "spacegroup": "Pm-3m",
            "ntypes": 2,
            "band_gap": 0.0,
            "delta_e": -0.572317017013401
        },
        {
            "name": "TbSn3",
            "entry_id": 18123,
            "spacegroup": "Pm-3m",
            "ntypes": 2,
            "band_gap": 0.0,
            "delta_e": -0.33898677880507
        },
        {
            "name": "MgCuSn",
            "entry_id": 29730,
            "spacegroup": "F-43m",
            "ntypes": 3,
            "band_gap": 0.0,
            "delta_e": -0.213858978672624
        },
        {
            "name": "HfSnPt",
            "entry_id": 17385,
            "spacegroup": "F-43m",
            "ntypes": 3,
            "band_gap": 0.0,
            "delta_e": -0.304225170617067
        },
        {
            "name": "SmSnAu",
            "entry_id": 23180,
            "spacegroup": "F-43m",
            "ntypes": 3,
            "band_gap": 0.0,
            "delta_e": -0.890128324783734
        },
        {
            "name": "ThSn3",
            "entry_id": 18125,
            "spacegroup": "Pm-3m",
            "ntypes": 2,
            "band_gap": 0.0,
            "delta_e": -0.510827515138402
        },
        {
            "name": "Ti3Sn",
            "entry_id": 18128,
            "spacegroup": "Pm-3m",
            "ntypes": 2,
            "band_gap": 0.0,
            "delta_e": -0.333598379552499
        },
        {
            "name": "NpSn3",
            "entry_id": 17875,
            "spacegroup": "Pm-3m",
            "ntypes": 2,
            "band_gap": 0.0,
            "delta_e": -0.207199044825901
        },
        {
            "name": "CaSn",
            "entry_id": 20943,
            "spacegroup": "Cmcm",
            "ntypes": 2,
            "band_gap": 0.0,
            "delta_e": -0.703084340925601
        },
        {
            "name": "YbSn3",
            "entry_id": 18138,
            "spacegroup": "Pm-3m",
            "ntypes": 2,
            "band_gap": 0.0,
            "delta_e": -0.514966627638402
        },
        {
            "name": "SmSn3",
            "entry_id": 18908,
            "spacegroup": "Pm-3m",
            "ntypes": 2,
            "band_gap": 0.0,
            "delta_e": -0.544505759513402
        },
        {
            "name": "Np3Sn",
            "entry_id": 17876,
            "spacegroup": "Pm-3m",
            "ntypes": 2,
            "band_gap": 0.0,
            "delta_e": 0.2163139917247
        },
        {
            "name": "USn3",
            "entry_id": 18132,
            "spacegroup": "Pm-3m",
            "ntypes": 2,
            "band_gap": 0.0,
            "delta_e": -0.197936296388401
        },
        {
            "name": "YSn3",
            "entry_id": 18135,
            "spacegroup": "Pm-3m",
            "ntypes": 2,
            "band_gap": 0.0,
            "delta_e": -0.494753831388402
        },
        {
            "name": "HfNiSn",
            "entry_id": 17378,
            "spacegroup": "F-43m",
            "ntypes": 3,
            "band_gap": 0.0,
            "delta_e": 0.221665302716265
        },
        {
            "name": "ZrSnPd",
            "entry_id": 17960,
            "spacegroup": "F-43m",
            "ntypes": 3,
            "band_gap": 0.0,
            "delta_e": -0.2839691489504
        }
    ],
    "meta": {
        "query": {
            "representation": "http://oqmd.org/oqmdapi/formationenergy?fields=name,entry_id,spacegroup,ntypes,band_gap,delta_e&filter=element_set=(Sn)"
        },
        "api_version": "1.0",
        "time_stamp": "2023-08-05 10:01:51",
        "data_returned": 50,
        "data_available": 49503,
        "comments": "",
        "query_tree": "",
        "more_data_available": true
    },
    "response_message": "OK"
}