{
    "links": {
        "next": "http://oqmd.org/oqmdapi/formationenergy?fields=name%2Centry_id%2Cspacegroup%2Cntypes%2Cband_gap%2Cdelta_e&filter=element_set%3D%28Ta%29&limit=50&offset=50",
        "previous": null,
        "base_url": {
            "href": "https://oqmd.org/oqmdapi",
            "meta": {
                "_oqmd_version": "1.0"
            }
        }
    },
    "resource": {},
    "data": [
        {
            "name": "Ta",
            "entry_id": 7517,
            "spacegroup": "Fm-3m",
            "ntypes": 1,
            "band_gap": 0.0,
            "delta_e": 0.24225738
        },
        {
            "name": "TaN",
            "entry_id": 13761,
            "spacegroup": "P-6m2",
            "ntypes": 2,
            "band_gap": 0.0,
            "delta_e": -1.25385496767175
        },
        {
            "name": "TaRu",
            "entry_id": 31032,
            "spacegroup": "Pm-3m",
            "ntypes": 2,
            "band_gap": 0.0,
            "delta_e": -0.28299528
        },
        {
            "name": "TaTc",
            "entry_id": 18145,
            "spacegroup": "Pm-3m",
            "ntypes": 2,
            "band_gap": 0.0,
            "delta_e": -0.501043217499999
        },
        {
            "name": "TaN",
            "entry_id": 13762,
            "spacegroup": "Fm-3m",
            "ntypes": 2,
            "band_gap": 0.0,
            "delta_e": -0.950522922671754
        },
        {
            "name": "TaC",
            "entry_id": 5179,
            "spacegroup": "Fm-3m",
            "ntypes": 2,
            "band_gap": 0.0,
            "delta_e": -0.583268448750001
        },
        {
            "name": "TaC",
            "entry_id": 21514,
            "spacegroup": "P-6m2",
            "ntypes": 2,
            "band_gap": 0.0,
            "delta_e": -0.169007418750001
        },
        {
            "name": "TaO",
            "entry_id": 11517,
            "spacegroup": "Fm-3m",
            "ntypes": 2,
            "band_gap": 0.0,
            "delta_e": -1.09754764293938
        },
        {
            "name": "TaN",
            "entry_id": 21334,
            "spacegroup": "F-43m",
            "ntypes": 2,
            "band_gap": 0.0,
            "delta_e": -0.787445312671755
        },
        {
            "name": "TaRu",
            "entry_id": 18094,
            "spacegroup": "P4/mmm",
            "ntypes": 2,
            "band_gap": 0.0,
            "delta_e": -0.317244274999998
        },
        {
            "name": "TaB2",
            "entry_id": 5807,
            "spacegroup": "P6/mmm",
            "ntypes": 2,
            "band_gap": 0.0,
            "delta_e": -0.649001016666666
        },
        {
            "name": "TaS2",
            "entry_id": 31036,
            "spacegroup": "R-3m",
            "ntypes": 2,
            "band_gap": 0.0,
            "delta_e": -1.21364581267557
        },
        {
            "name": "TaSe2",
            "entry_id": 31059,
            "spacegroup": "P-3m1",
            "ntypes": 2,
            "band_gap": 0.0,
            "delta_e": -0.79516368
        },
        {
            "name": "TaSe2",
            "entry_id": 31058,
            "spacegroup": "R-3m",
            "ntypes": 2,
            "band_gap": 0.0,
            "delta_e": -0.79412791
        },
        {
            "name": "TaS2",
            "entry_id": 12351,
            "spacegroup": "Fmm2",
            "ntypes": 2,
            "band_gap": 0.0,
            "delta_e": -1.24160010267557
        },
        {
            "name": "TaSbRu",
            "entry_id": 18536,
            "spacegroup": "F-43m",
            "ntypes": 3,
            "band_gap": 0.832000000000001,
            "delta_e": -0.381052835
        },
        {
            "name": "TaH2",
            "entry_id": 10088,
            "spacegroup": "Fm-3m",
            "ntypes": 2,
            "band_gap": 0.0,
            "delta_e": -0.0980929047894511
        },
        {
            "name": "TaPd2",
            "entry_id": 17963,
            "spacegroup": "Immm",
            "ntypes": 2,
            "band_gap": 0.0,
            "delta_e": -0.462203436666666
        },
        {
            "name": "Ta2N",
            "entry_id": 13640,
            "spacegroup": "P-3m1",
            "ntypes": 2,
            "band_gap": 0.0,
            "delta_e": -0.878924901781171
        },
        {
            "name": "TaNi2",
            "entry_id": 17828,
            "spacegroup": "I4/mmm",
            "ntypes": 2,
            "band_gap": 0.0,
            "delta_e": -0.340049106666668
        },
        {
            "name": "Ta2C",
            "entry_id": 28933,
            "spacegroup": "P-3m1",
            "ntypes": 2,
            "band_gap": 0.0,
            "delta_e": -0.605586699166667
        },
        {
            "name": "Ta2H",
            "entry_id": 5444,
            "spacegroup": "C222",
            "ntypes": 2,
            "band_gap": 0.0,
            "delta_e": -0.116524720728059
        },
        {
            "name": "TaS2",
            "entry_id": 8076,
            "spacegroup": "R3m",
            "ntypes": 2,
            "band_gap": 0.0,
            "delta_e": -1.23478783267557
        },
        {
            "name": "TaCuN2",
            "entry_id": 12727,
            "spacegroup": "R-3m",
            "ntypes": 3,
            "band_gap": 0.672,
            "delta_e": -0.644014940171754
        },
        {
            "name": "NaTaN2",
            "entry_id": 12278,
            "spacegroup": "R-3m",
            "ntypes": 3,
            "band_gap": 1.512,
            "delta_e": -1.03946308288466
        },
        {
            "name": "TaF3",
            "entry_id": 5880,
            "spacegroup": "Pm-3m",
            "ntypes": 2,
            "band_gap": 0.0,
            "delta_e": -2.72589414684833
        },
        {
            "name": "TaB",
            "entry_id": 7943,
            "spacegroup": "Cmcm",
            "ntypes": 2,
            "band_gap": 0.0,
            "delta_e": -0.816012707500001
        },
        {
            "name": "TaAl3",
            "entry_id": 18720,
            "spacegroup": "I4/mmm",
            "ntypes": 2,
            "band_gap": 0.0,
            "delta_e": -0.319551307499999
        },
        {
            "name": "TaAlNi2",
            "entry_id": 10523,
            "spacegroup": "Fm-3m",
            "ntypes": 3,
            "band_gap": 0.0,
            "delta_e": -0.468372305000001
        },
        {
            "name": "TaPd3",
            "entry_id": 17964,
            "spacegroup": "I4/mmm",
            "ntypes": 2,
            "band_gap": 0.0,
            "delta_e": -0.484886725
        },
        {
            "name": "TaInS2",
            "entry_id": 13391,
            "spacegroup": "Amm2",
            "ntypes": 3,
            "band_gap": 0.0,
            "delta_e": -1.01866398200668
        },
        {
            "name": "TaIr3",
            "entry_id": 17518,
            "spacegroup": "Pm-3m",
            "ntypes": 2,
            "band_gap": 0.0,
            "delta_e": -0.688220857500001
        },
        {
            "name": "TaRh3",
            "entry_id": 18066,
            "spacegroup": "Pm-3m",
            "ntypes": 2,
            "band_gap": 0.0,
            "delta_e": -0.6129252475
        },
        {
            "name": "TaAs",
            "entry_id": 8276,
            "spacegroup": "I41md",
            "ntypes": 2,
            "band_gap": 0.0,
            "delta_e": -0.545730667500001
        },
        {
            "name": "TaPbSe2",
            "entry_id": 30921,
            "spacegroup": "P-6m2",
            "ntypes": 3,
            "band_gap": 0.0,
            "delta_e": -0.6638743875
        },
        {
            "name": "TaN",
            "entry_id": 17720,
            "spacegroup": "P63/mmc",
            "ntypes": 2,
            "band_gap": 0.0,
            "delta_e": -1.03940362767175
        },
        {
            "name": "NaTaO3",
            "entry_id": 5554,
            "spacegroup": "Pm-3m",
            "ntypes": 3,
            "band_gap": 2.548,
            "delta_e": -2.91635288969758
        },
        {
            "name": "TaNi3",
            "entry_id": 17829,
            "spacegroup": "I4/mmm",
            "ntypes": 2,
            "band_gap": 0.0,
            "delta_e": -0.36595916
        },
        {
            "name": "NaTaO3",
            "entry_id": 5553,
            "spacegroup": "Cmmm",
            "ntypes": 3,
            "band_gap": 2.55,
            "delta_e": -2.91481871169758
        },
        {
            "name": "KTaO3",
            "entry_id": 7149,
            "spacegroup": "Pm-3m",
            "ntypes": 3,
            "band_gap": 2.362,
            "delta_e": -2.91873576252725
        },
        {
            "name": "ZrTaNO",
            "entry_id": 13639,
            "spacegroup": "P-6m2",
            "ntypes": 4,
            "band_gap": 0.0,
            "delta_e": -1.28002739030557
        },
        {
            "name": "TaGa3",
            "entry_id": 17302,
            "spacegroup": "I4/mmm",
            "ntypes": 2,
            "band_gap": 0.0,
            "delta_e": -0.16620412375
        },
        {
            "name": "TaGaNi2",
            "entry_id": 17271,
            "spacegroup": "Fm-3m",
            "ntypes": 3,
            "band_gap": 0.0,
            "delta_e": -0.362036316250001
        },
        {
            "name": "TaP",
            "entry_id": 18879,
            "spacegroup": "I41/amd",
            "ntypes": 2,
            "band_gap": 0.0,
            "delta_e": -0.383825821979968
        },
        {
            "name": "TaSnO3",
            "entry_id": 5247,
            "spacegroup": "Pm-3m",
            "ntypes": 3,
            "band_gap": 0.0,
            "delta_e": -2.21860477689749
        },
        {
            "name": "ThTaN3",
            "entry_id": 13994,
            "spacegroup": "Pm-3m",
            "ntypes": 3,
            "band_gap": 0.0,
            "delta_e": -1.3599401832061
        },
        {
            "name": "TaRu3C",
            "entry_id": 13962,
            "spacegroup": "Pm-3m",
            "ntypes": 3,
            "band_gap": 0.0,
            "delta_e": -0.0667654795000004
        },
        {
            "name": "Ta2N3F",
            "entry_id": 22471,
            "spacegroup": "P6/mmm",
            "ntypes": 3,
            "band_gap": 0.0,
            "delta_e": -1.09485522086027
        },
        {
            "name": "Ta2Se",
            "entry_id": 12036,
            "spacegroup": "P4/nmm",
            "ntypes": 2,
            "band_gap": 0.0,
            "delta_e": -0.450741851666667
        },
        {
            "name": "Ta2N3O",
            "entry_id": 22470,
            "spacegroup": "P6/mmm",
            "ntypes": 3,
            "band_gap": 0.0,
            "delta_e": -0.608746105318212
        }
    ],
    "meta": {
        "query": {
            "representation": "http://oqmd.org/oqmdapi/formationenergy?fields=name,entry_id,spacegroup,ntypes,band_gap,delta_e&filter=element_set=(Ta)"
        },
        "api_version": "1.0",
        "time_stamp": "2023-08-01 00:11:29",
        "data_returned": 50,
        "data_available": 34097,
        "comments": "",
        "query_tree": "",
        "more_data_available": true
    },
    "response_message": "OK"
}