{
    "links": {
        "next": "http://oqmd.org/oqmdapi/formationenergy?fields=name%2Centry_id%2Cspacegroup%2Cntypes%2Cband_gap%2Cdelta_e&filter=element_set%3D%28Th%29&limit=50&offset=50",
        "previous": null,
        "base_url": {
            "href": "https://oqmd.org/oqmdapi",
            "meta": {
                "_oqmd_version": "1.0"
            }
        }
    },
    "resource": {},
    "data": [
        {
            "name": "Th",
            "entry_id": 13650,
            "spacegroup": "Im-3m",
            "ntypes": 1,
            "band_gap": 0.0,
            "delta_e": 0.14515263
        },
        {
            "name": "Th",
            "entry_id": 18160,
            "spacegroup": "Fm-3m",
            "ntypes": 1,
            "band_gap": 0.0,
            "delta_e": 0.000168859999999604
        },
        {
            "name": "ThN",
            "entry_id": 8389,
            "spacegroup": "Fm-3m",
            "ntypes": 2,
            "band_gap": 0.0,
            "delta_e": -1.67543571767175
        },
        {
            "name": "ThS",
            "entry_id": 6095,
            "spacegroup": "Fm-3m",
            "ntypes": 2,
            "band_gap": 0.0,
            "delta_e": -1.99337087700668
        },
        {
            "name": "ThBi",
            "entry_id": 10965,
            "spacegroup": "Pm-3m",
            "ntypes": 2,
            "band_gap": 0.0,
            "delta_e": -0.550875097500001
        },
        {
            "name": "Th",
            "entry_id": 31106,
            "spacegroup": "Fm-3m",
            "ntypes": 1,
            "band_gap": 0.0,
            "delta_e": 0.000167889999999282
        },
        {
            "name": "ThSe",
            "entry_id": 5081,
            "spacegroup": "Fm-3m",
            "ntypes": 2,
            "band_gap": 0.0,
            "delta_e": -1.549155235
        },
        {
            "name": "ThC",
            "entry_id": 8063,
            "spacegroup": "Fm-3m",
            "ntypes": 2,
            "band_gap": 0.0,
            "delta_e": -0.28022727375
        },
        {
            "name": "ThTe",
            "entry_id": 6293,
            "spacegroup": "Pm-3m",
            "ntypes": 2,
            "band_gap": 0.0,
            "delta_e": -1.09758697166667
        },
        {
            "name": "ThGe",
            "entry_id": 8431,
            "spacegroup": "Fm-3m",
            "ntypes": 2,
            "band_gap": 0.0,
            "delta_e": -0.773461942500001
        },
        {
            "name": "ThAs",
            "entry_id": 28120,
            "spacegroup": "Pm-3m",
            "ntypes": 2,
            "band_gap": 0.0,
            "delta_e": -1.1127584225
        },
        {
            "name": "ThSb",
            "entry_id": 8517,
            "spacegroup": "Fm-3m",
            "ntypes": 2,
            "band_gap": 0.0,
            "delta_e": -0.910114742499999
        },
        {
            "name": "DyTh",
            "entry_id": 19093,
            "spacegroup": "Pm-3m",
            "ntypes": 2,
            "band_gap": 0.0,
            "delta_e": 0.145762746666666
        },
        {
            "name": "ThAs",
            "entry_id": 8279,
            "spacegroup": "Fm-3m",
            "ntypes": 2,
            "band_gap": 0.0,
            "delta_e": -1.3982339175
        },
        {
            "name": "GdTh",
            "entry_id": 19092,
            "spacegroup": "Pm-3m",
            "ntypes": 2,
            "band_gap": 0.0,
            "delta_e": 0.166068341249999
        },
        {
            "name": "ThP",
            "entry_id": 11906,
            "spacegroup": "Fm-3m",
            "ntypes": 2,
            "band_gap": 0.0,
            "delta_e": -1.67964294947997
        },
        {
            "name": "ThH2",
            "entry_id": 22228,
            "spacegroup": "Fm-3m",
            "ntypes": 2,
            "band_gap": 0.0,
            "delta_e": -0.472611151456117
        },
        {
            "name": "ThSiAu",
            "entry_id": 13496,
            "spacegroup": "P-6m2",
            "ntypes": 3,
            "band_gap": 0.0,
            "delta_e": -0.775884208333333
        },
        {
            "name": "ThSi2",
            "entry_id": 3102,
            "spacegroup": "P6/mmm",
            "ntypes": 2,
            "band_gap": 0.0,
            "delta_e": -0.621232373333333
        },
        {
            "name": "ThAu2",
            "entry_id": 27299,
            "spacegroup": "P6/mmm",
            "ntypes": 2,
            "band_gap": 0.0,
            "delta_e": -0.723769476666667
        },
        {
            "name": "ThSnPt",
            "entry_id": 18899,
            "spacegroup": "F-43m",
            "ntypes": 3,
            "band_gap": 0.953,
            "delta_e": -1.1083372789504
        },
        {
            "name": "ThAl2",
            "entry_id": 3101,
            "spacegroup": "P6/mmm",
            "ntypes": 2,
            "band_gap": 0.0,
            "delta_e": -0.44968633
        },
        {
            "name": "ThCu2",
            "entry_id": 3098,
            "spacegroup": "P6/mmm",
            "ntypes": 2,
            "band_gap": 0.0,
            "delta_e": -0.198929253333333
        },
        {
            "name": "ThAg2",
            "entry_id": 3099,
            "spacegroup": "P6/mmm",
            "ntypes": 2,
            "band_gap": 0.0,
            "delta_e": -0.175302208333334
        },
        {
            "name": "Th",
            "entry_id": 17355,
            "spacegroup": "I4/mmm",
            "ntypes": 1,
            "band_gap": 0.0,
            "delta_e": 0.0
        },
        {
            "name": "ThCd2",
            "entry_id": 3100,
            "spacegroup": "P6/mmm",
            "ntypes": 2,
            "band_gap": 0.0,
            "delta_e": -0.18592092
        },
        {
            "name": "ThPb",
            "entry_id": 17927,
            "spacegroup": "P4/mmm",
            "ntypes": 2,
            "band_gap": 0.0,
            "delta_e": -0.283218925000001
        },
        {
            "name": "ThH2",
            "entry_id": 10090,
            "spacegroup": "I4/mmm",
            "ntypes": 2,
            "band_gap": 0.0,
            "delta_e": -0.48431056478945
        },
        {
            "name": "ThZn2",
            "entry_id": 18163,
            "spacegroup": "P6/mmm",
            "ntypes": 2,
            "band_gap": 0.0,
            "delta_e": -0.26485306
        },
        {
            "name": "ThNi2",
            "entry_id": 3097,
            "spacegroup": "P6/mmm",
            "ntypes": 2,
            "band_gap": 0.0,
            "delta_e": -0.440040030000001
        },
        {
            "name": "ThGa2",
            "entry_id": 17304,
            "spacegroup": "P6/mmm",
            "ntypes": 2,
            "band_gap": 0.0,
            "delta_e": -0.633650166666667
        },
        {
            "name": "ThSn3",
            "entry_id": 18125,
            "spacegroup": "Pm-3m",
            "ntypes": 2,
            "band_gap": 0.0,
            "delta_e": -0.510827515138402
        },
        {
            "name": "ThPb",
            "entry_id": 30926,
            "spacegroup": "P4/mmm",
            "ntypes": 2,
            "band_gap": 0.0,
            "delta_e": -0.28320169
        },
        {
            "name": "ThNiSn",
            "entry_id": 17814,
            "spacegroup": "F-43m",
            "ntypes": 3,
            "band_gap": 0.316,
            "delta_e": -0.727896362283734
        },
        {
            "name": "ThIr",
            "entry_id": 19405,
            "spacegroup": "Cmcm",
            "ntypes": 2,
            "band_gap": 0.0,
            "delta_e": -1.016524805
        },
        {
            "name": "ThRu",
            "entry_id": 19406,
            "spacegroup": "Cmcm",
            "ntypes": 2,
            "band_gap": 0.0,
            "delta_e": -0.534544692499999
        },
        {
            "name": "ThTl3",
            "entry_id": 18162,
            "spacegroup": "Pm-3m",
            "ntypes": 2,
            "band_gap": 0.0,
            "delta_e": -0.16096145125
        },
        {
            "name": "ThPb3",
            "entry_id": 17928,
            "spacegroup": "Pm-3m",
            "ntypes": 2,
            "band_gap": 0.0,
            "delta_e": -0.232525222500001
        },
        {
            "name": "ThRh3",
            "entry_id": 18071,
            "spacegroup": "Pm-3m",
            "ntypes": 2,
            "band_gap": 0.0,
            "delta_e": -0.726907635
        },
        {
            "name": "ThIn3",
            "entry_id": 11168,
            "spacegroup": "Pm-3m",
            "ntypes": 2,
            "band_gap": 0.0,
            "delta_e": -0.3621371
        },
        {
            "name": "ThSi2Ru2",
            "entry_id": 31029,
            "spacegroup": "I4/mmm",
            "ntypes": 3,
            "band_gap": 0.0,
            "delta_e": -0.94184961
        },
        {
            "name": "BaThO3",
            "entry_id": 5679,
            "spacegroup": "Pm-3m",
            "ntypes": 3,
            "band_gap": 3.273,
            "delta_e": -3.51663968877575
        },
        {
            "name": "ThRu3C",
            "entry_id": 13963,
            "spacegroup": "Pm-3m",
            "ntypes": 3,
            "band_gap": 0.0,
            "delta_e": -0.285976831500001
        },
        {
            "name": "ThSi2Pt2",
            "entry_id": 14064,
            "spacegroup": "I4/mmm",
            "ntypes": 3,
            "band_gap": 0.0,
            "delta_e": -1.034169076
        },
        {
            "name": "ThSi2Pd2",
            "entry_id": 14042,
            "spacegroup": "I4/mmm",
            "ntypes": 3,
            "band_gap": 0.0,
            "delta_e": -0.950850269999999
        },
        {
            "name": "ThSi2Tc2",
            "entry_id": 13055,
            "spacegroup": "I4/mmm",
            "ntypes": 3,
            "band_gap": 0.0,
            "delta_e": -0.673573886
        },
        {
            "name": "ThTaN3",
            "entry_id": 13994,
            "spacegroup": "Pm-3m",
            "ntypes": 3,
            "band_gap": 0.0,
            "delta_e": -1.3599401832061
        },
        {
            "name": "ThPt",
            "entry_id": 19334,
            "spacegroup": "Cmcm",
            "ntypes": 2,
            "band_gap": 0.0,
            "delta_e": -1.2213296075
        },
        {
            "name": "ThCu2Si2",
            "entry_id": 3729,
            "spacegroup": "I4/mmm",
            "ntypes": 3,
            "band_gap": 0.0,
            "delta_e": -0.57554421
        },
        {
            "name": "ThCu2P2",
            "entry_id": 16983,
            "spacegroup": "P-3m1",
            "ntypes": 3,
            "band_gap": 0.319000000000001,
            "delta_e": -0.876065773583975
        }
    ],
    "meta": {
        "query": {
            "representation": "http://oqmd.org/oqmdapi/formationenergy?fields=name,entry_id,spacegroup,ntypes,band_gap,delta_e&filter=element_set=(Th)"
        },
        "api_version": "1.0",
        "time_stamp": "2023-08-01 00:09:35",
        "data_returned": 50,
        "data_available": 17074,
        "comments": "",
        "query_tree": "",
        "more_data_available": true
    },
    "response_message": "OK"
}