{
    "links": {
        "next": "http://oqmd.org/oqmdapi/formationenergy?fields=name%2Centry_id%2Cspacegroup%2Cntypes%2Cband_gap%2Cdelta_e&filter=element_set%3D%28Ti%29&limit=50&offset=50",
        "previous": null,
        "base_url": {
            "href": "https://oqmd.org/oqmdapi",
            "meta": {
                "_oqmd_version": "1.0"
            }
        }
    },
    "resource": {},
    "data": [
        {
            "name": "TiAg",
            "entry_id": 10676,
            "spacegroup": "P4/mmm",
            "ntypes": 2,
            "band_gap": 0.0,
            "delta_e": 0.0695339693568684
        },
        {
            "name": "Ti",
            "entry_id": 8390,
            "spacegroup": "Im-3m",
            "ntypes": 1,
            "band_gap": 0.0,
            "delta_e": 0.11433330666667
        },
        {
            "name": "TiRh",
            "entry_id": 31023,
            "spacegroup": "P4/mmm",
            "ntypes": 2,
            "band_gap": 0.0,
            "delta_e": -0.767789021893133
        },
        {
            "name": "TiFe",
            "entry_id": 19423,
            "spacegroup": "Pm-3m",
            "ntypes": 2,
            "band_gap": 0.0,
            "delta_e": -0.449192511893131
        },
        {
            "name": "TiAl",
            "entry_id": 27974,
            "spacegroup": "P4/mmm",
            "ntypes": 2,
            "band_gap": 0.0,
            "delta_e": -0.435995316893132
        },
        {
            "name": "TiHg",
            "entry_id": 30536,
            "spacegroup": "P4/mmm",
            "ntypes": 2,
            "band_gap": 0.0,
            "delta_e": -0.00718432937626634
        },
        {
            "name": "TiTc",
            "entry_id": 18156,
            "spacegroup": "Pm-3m",
            "ntypes": 2,
            "band_gap": 0.0,
            "delta_e": -0.526867634393131
        },
        {
            "name": "TiOs",
            "entry_id": 17904,
            "spacegroup": "Pm-3m",
            "ntypes": 2,
            "band_gap": 0.0,
            "delta_e": -0.735973226893133
        },
        {
            "name": "TiO",
            "entry_id": 17898,
            "spacegroup": "Fm-3m",
            "ntypes": 2,
            "band_gap": 0.0,
            "delta_e": -2.52230953983251
        },
        {
            "name": "TiHg",
            "entry_id": 17436,
            "spacegroup": "P4/mmm",
            "ntypes": 2,
            "band_gap": 0.0,
            "delta_e": -0.00711989937626623
        },
        {
            "name": "TiAl",
            "entry_id": 18721,
            "spacegroup": "P4/mmm",
            "ntypes": 2,
            "band_gap": 0.0,
            "delta_e": -0.436030726893132
        },
        {
            "name": "TiPd",
            "entry_id": 21289,
            "spacegroup": "P4/mmm",
            "ntypes": 2,
            "band_gap": 0.0,
            "delta_e": -0.557809586893132
        },
        {
            "name": "TiPd",
            "entry_id": 17970,
            "spacegroup": "Pm-3m",
            "ntypes": 2,
            "band_gap": 0.0,
            "delta_e": -0.486716411893132
        },
        {
            "name": "TiGa",
            "entry_id": 30357,
            "spacegroup": "P4/mmm",
            "ntypes": 2,
            "band_gap": 0.0,
            "delta_e": -0.503551294393132
        },
        {
            "name": "TiCu",
            "entry_id": 17170,
            "spacegroup": "P4/mmm",
            "ntypes": 2,
            "band_gap": 0.0,
            "delta_e": -0.0682901168931318
        },
        {
            "name": "TiAu",
            "entry_id": 10813,
            "spacegroup": "Pm-3m",
            "ntypes": 2,
            "band_gap": 0.0,
            "delta_e": -0.334146896893132
        },
        {
            "name": "TiPt",
            "entry_id": 18015,
            "spacegroup": "Pm-3m",
            "ntypes": 2,
            "band_gap": 0.0,
            "delta_e": -0.799790121893133
        },
        {
            "name": "TiIr",
            "entry_id": 30631,
            "spacegroup": "P4/mmm",
            "ntypes": 2,
            "band_gap": 0.0,
            "delta_e": -0.866832981893133
        },
        {
            "name": "TiB",
            "entry_id": 8472,
            "spacegroup": "F-43m",
            "ntypes": 2,
            "band_gap": 0.0,
            "delta_e": 0.721563708106868
        },
        {
            "name": "TiRe",
            "entry_id": 18050,
            "spacegroup": "Pm-3m",
            "ntypes": 2,
            "band_gap": 0.0,
            "delta_e": -0.418388054393132
        },
        {
            "name": "TiIr",
            "entry_id": 17522,
            "spacegroup": "P4/mmm",
            "ntypes": 2,
            "band_gap": 0.0,
            "delta_e": -0.866265571893132
        },
        {
            "name": "Ti",
            "entry_id": 8079,
            "spacegroup": "P63/mmc",
            "ntypes": 1,
            "band_gap": 0.0,
            "delta_e": 0.0135505366666706
        },
        {
            "name": "TiRh",
            "entry_id": 18073,
            "spacegroup": "Pm-3m",
            "ntypes": 2,
            "band_gap": 0.0,
            "delta_e": -0.749826536893133
        },
        {
            "name": "TiGa",
            "entry_id": 17306,
            "spacegroup": "P4/mmm",
            "ntypes": 2,
            "band_gap": 0.0,
            "delta_e": -0.503562664393132
        },
        {
            "name": "TiAg",
            "entry_id": 27646,
            "spacegroup": "P4/mmm",
            "ntypes": 2,
            "band_gap": 0.0,
            "delta_e": 0.0695330243568684
        },
        {
            "name": "TiC",
            "entry_id": 1949,
            "spacegroup": "Fm-3m",
            "ntypes": 2,
            "band_gap": 0.0,
            "delta_e": -0.804124935643131
        },
        {
            "name": "TiRh",
            "entry_id": 18072,
            "spacegroup": "P4/mmm",
            "ntypes": 2,
            "band_gap": 0.0,
            "delta_e": -0.767070741893132
        },
        {
            "name": "TiBe",
            "entry_id": 10906,
            "spacegroup": "Pm-3m",
            "ntypes": 2,
            "band_gap": 0.0,
            "delta_e": -0.163735476893132
        },
        {
            "name": "TiRu",
            "entry_id": 18097,
            "spacegroup": "Pm-3m",
            "ntypes": 2,
            "band_gap": 0.0,
            "delta_e": -0.788424706893132
        },
        {
            "name": "TiIr",
            "entry_id": 18867,
            "spacegroup": "Pm-3m",
            "ntypes": 2,
            "band_gap": 0.0,
            "delta_e": -0.783705421893133
        },
        {
            "name": "TiNi",
            "entry_id": 17838,
            "spacegroup": "Pm-3m",
            "ntypes": 2,
            "band_gap": 0.0,
            "delta_e": -0.377978861893132
        },
        {
            "name": "TiB2",
            "entry_id": 5808,
            "spacegroup": "P6/mmm",
            "ntypes": 2,
            "band_gap": 0.0,
            "delta_e": -1.06683323459542
        },
        {
            "name": "Ti2Re",
            "entry_id": 21461,
            "spacegroup": "P-3m1",
            "ntypes": 2,
            "band_gap": 0.0,
            "delta_e": -0.358108420857508
        },
        {
            "name": "Ti2Rh",
            "entry_id": 31022,
            "spacegroup": "I4/mmm",
            "ntypes": 2,
            "band_gap": 0.0,
            "delta_e": -0.670123775857509
        },
        {
            "name": "TiF2",
            "entry_id": 11966,
            "spacegroup": "Fm-3m",
            "ntypes": 2,
            "band_gap": 0.747,
            "delta_e": -2.99804393734949
        },
        {
            "name": "Ti2Zn",
            "entry_id": 31109,
            "spacegroup": "I4/mmm",
            "ntypes": 2,
            "band_gap": 0.0,
            "delta_e": -0.195474329190843
        },
        {
            "name": "TiSe2",
            "entry_id": 5145,
            "spacegroup": "C2/m",
            "ntypes": 2,
            "band_gap": 0.0,
            "delta_e": -1.11896818792875
        },
        {
            "name": "TiNiSb",
            "entry_id": 13817,
            "spacegroup": "F-43m",
            "ntypes": 3,
            "band_gap": 0.0,
            "delta_e": -0.517538456262088
        },
        {
            "name": "U2Ti",
            "entry_id": 18165,
            "spacegroup": "P6/mmm",
            "ntypes": 2,
            "band_gap": 0.0,
            "delta_e": -0.104691401262089
        },
        {
            "name": "Ti2Pd",
            "entry_id": 17971,
            "spacegroup": "I4/mmm",
            "ntypes": 2,
            "band_gap": 0.0,
            "delta_e": -0.489917422524176
        },
        {
            "name": "TiBr2",
            "entry_id": 4879,
            "spacegroup": "P-3m1",
            "ntypes": 2,
            "band_gap": 0.0,
            "delta_e": -1.28210830953931
        },
        {
            "name": "TiH2",
            "entry_id": 10094,
            "spacegroup": "I4/mmm",
            "ntypes": 2,
            "band_gap": 0.0,
            "delta_e": -0.493279956051538
        },
        {
            "name": "TiTe2",
            "entry_id": 3135,
            "spacegroup": "C2/m",
            "ntypes": 2,
            "band_gap": 0.0,
            "delta_e": -0.707648693484308
        },
        {
            "name": "TiS2",
            "entry_id": 14401,
            "spacegroup": "C2/m",
            "ntypes": 2,
            "band_gap": 0.0,
            "delta_e": -1.46304877727099
        },
        {
            "name": "TiSnPt",
            "entry_id": 18005,
            "spacegroup": "F-43m",
            "ntypes": 3,
            "band_gap": 0.850000000000001,
            "delta_e": -0.870889140212489
        },
        {
            "name": "TiSbRu",
            "entry_id": 18540,
            "spacegroup": "F-43m",
            "ntypes": 3,
            "band_gap": 0.0,
            "delta_e": -0.469954196262088
        },
        {
            "name": "TiS2",
            "entry_id": 22351,
            "spacegroup": "Cmmm",
            "ntypes": 2,
            "band_gap": 0.0,
            "delta_e": -0.192512717270992
        },
        {
            "name": "TiH2",
            "entry_id": 21130,
            "spacegroup": "Fm-3m",
            "ntypes": 2,
            "band_gap": 0.0,
            "delta_e": -0.491418082718204
        },
        {
            "name": "TiPd2",
            "entry_id": 21292,
            "spacegroup": "Immm",
            "ntypes": 2,
            "band_gap": 0.0,
            "delta_e": -0.642801987928755
        },
        {
            "name": "TiSi2",
            "entry_id": 15462,
            "spacegroup": "Fmmm",
            "ntypes": 2,
            "band_gap": 0.0,
            "delta_e": -0.380321644595422
        }
    ],
    "meta": {
        "query": {
            "representation": "http://oqmd.org/oqmdapi/formationenergy?fields=name,entry_id,spacegroup,ntypes,band_gap,delta_e&filter=element_set=(Ti)"
        },
        "api_version": "1.0",
        "time_stamp": "2023-08-01 00:12:21",
        "data_returned": 50,
        "data_available": 50176,
        "comments": "",
        "query_tree": "",
        "more_data_available": true
    },
    "response_message": "OK"
}