{
    "links": {
        "next": "http://oqmd.org/oqmdapi/formationenergy?fields=name%2Centry_id%2Cspacegroup%2Cntypes%2Cband_gap%2Cdelta_e&filter=element_set%3D%28Tl%29&limit=50&offset=50",
        "previous": null,
        "base_url": {
            "href": "https://oqmd.org/oqmdapi",
            "meta": {
                "_oqmd_version": "1.0"
            }
        }
    },
    "resource": {},
    "data": [
        {
            "name": "LiTl",
            "entry_id": 17610,
            "spacegroup": "Pm-3m",
            "ntypes": 2,
            "band_gap": 0.0,
            "delta_e": -0.2332024625
        },
        {
            "name": "PrTl",
            "entry_id": 18891,
            "spacegroup": "Pm-3m",
            "ntypes": 2,
            "band_gap": 0.0,
            "delta_e": -0.39904937625
        },
        {
            "name": "TlSn",
            "entry_id": 18131,
            "spacegroup": "P4/mmm",
            "ntypes": 2,
            "band_gap": 0.0,
            "delta_e": 0.0232570340743989
        },
        {
            "name": "SrTl",
            "entry_id": 18140,
            "spacegroup": "Pm-3m",
            "ntypes": 2,
            "band_gap": 0.0,
            "delta_e": -0.4279577375
        },
        {
            "name": "TbTl",
            "entry_id": 18148,
            "spacegroup": "Pm-3m",
            "ntypes": 2,
            "band_gap": 0.0,
            "delta_e": -0.0232279698333349
        },
        {
            "name": "TmTl",
            "entry_id": 18169,
            "spacegroup": "Pm-3m",
            "ntypes": 2,
            "band_gap": 0.0,
            "delta_e": -0.2877149225
        },
        {
            "name": "MgTl",
            "entry_id": 17660,
            "spacegroup": "Pm-3m",
            "ntypes": 2,
            "band_gap": 0.0,
            "delta_e": -0.0342187620833352
        },
        {
            "name": "YTl",
            "entry_id": 18172,
            "spacegroup": "Pm-3m",
            "ntypes": 2,
            "band_gap": 0.0,
            "delta_e": -0.37295919
        },
        {
            "name": "YbTl",
            "entry_id": 18174,
            "spacegroup": "Pm-3m",
            "ntypes": 2,
            "band_gap": 0.0,
            "delta_e": -0.4970915625
        },
        {
            "name": "ErTl",
            "entry_id": 30061,
            "spacegroup": "Pm-3m",
            "ntypes": 2,
            "band_gap": 0.0,
            "delta_e": -0.3075038175
        },
        {
            "name": "CaTl",
            "entry_id": 11005,
            "spacegroup": "Pm-3m",
            "ntypes": 2,
            "band_gap": 0.0,
            "delta_e": -0.4522648175
        },
        {
            "name": "TlSn",
            "entry_id": 31087,
            "spacegroup": "P4/mmm",
            "ntypes": 2,
            "band_gap": 0.0,
            "delta_e": 0.0232259390743987
        },
        {
            "name": "SmTl",
            "entry_id": 31079,
            "spacegroup": "P4/mmm",
            "ntypes": 2,
            "band_gap": 0.0,
            "delta_e": -0.380299826249999
        },
        {
            "name": "TlBr",
            "entry_id": 11508,
            "spacegroup": "Fm-3m",
            "ntypes": 2,
            "band_gap": 2.199,
            "delta_e": -1.03649296620792
        },
        {
            "name": "ErTl",
            "entry_id": 30063,
            "spacegroup": "P4/mmm",
            "ntypes": 2,
            "band_gap": 0.0,
            "delta_e": -0.3061746925
        },
        {
            "name": "TlCl",
            "entry_id": 5677,
            "spacegroup": "Pm-3m",
            "ntypes": 2,
            "band_gap": 2.323,
            "delta_e": -1.15672801530956
        },
        {
            "name": "TlHg",
            "entry_id": 17439,
            "spacegroup": "Pm-3m",
            "ntypes": 2,
            "band_gap": 0.0,
            "delta_e": 0.0247376300168656
        },
        {
            "name": "DyTl",
            "entry_id": 17207,
            "spacegroup": "Pm-3m",
            "ntypes": 2,
            "band_gap": 0.0,
            "delta_e": -0.338407230833335
        },
        {
            "name": "TlSb",
            "entry_id": 11312,
            "spacegroup": "Pm-3m",
            "ntypes": 2,
            "band_gap": 0.0,
            "delta_e": 0.163747855
        },
        {
            "name": "ErTl",
            "entry_id": 17197,
            "spacegroup": "P4/mmm",
            "ntypes": 2,
            "band_gap": 0.0,
            "delta_e": -0.3061866575
        },
        {
            "name": "TlCl",
            "entry_id": 11507,
            "spacegroup": "Fm-3m",
            "ntypes": 2,
            "band_gap": 2.637,
            "delta_e": -1.20411085030956
        },
        {
            "name": "HoTl",
            "entry_id": 17479,
            "spacegroup": "Pm-3m",
            "ntypes": 2,
            "band_gap": 0.0,
            "delta_e": -0.324149999166665
        },
        {
            "name": "EuTl",
            "entry_id": 30152,
            "spacegroup": "Pm-3m",
            "ntypes": 2,
            "band_gap": 0.0,
            "delta_e": -0.5622534625
        },
        {
            "name": "TlI",
            "entry_id": 11321,
            "spacegroup": "Fm-3m",
            "ntypes": 2,
            "band_gap": 2.172,
            "delta_e": -0.762285488714159
        },
        {
            "name": "GdTl",
            "entry_id": 30426,
            "spacegroup": "Pm-3m",
            "ntypes": 2,
            "band_gap": 0.0,
            "delta_e": -0.36448837625
        },
        {
            "name": "NdTl",
            "entry_id": 17776,
            "spacegroup": "Pm-3m",
            "ntypes": 2,
            "band_gap": 0.0,
            "delta_e": -0.39427055
        },
        {
            "name": "TlF",
            "entry_id": 5793,
            "spacegroup": "Fmmm",
            "ntypes": 2,
            "band_gap": 2.222,
            "delta_e": -1.89994869206555
        },
        {
            "name": "TlF",
            "entry_id": 2587,
            "spacegroup": "I4/mmm",
            "ntypes": 2,
            "band_gap": 2.089,
            "delta_e": -1.89815253206555
        },
        {
            "name": "LaTl",
            "entry_id": 17580,
            "spacegroup": "Pm-3m",
            "ntypes": 2,
            "band_gap": 0.0,
            "delta_e": -0.421915032499999
        },
        {
            "name": "SmTl",
            "entry_id": 18111,
            "spacegroup": "Pm-3m",
            "ntypes": 2,
            "band_gap": 0.0,
            "delta_e": -0.381574786249999
        },
        {
            "name": "SmTl",
            "entry_id": 18110,
            "spacegroup": "P4/mmm",
            "ntypes": 2,
            "band_gap": 0.0,
            "delta_e": -0.38031542125
        },
        {
            "name": "TlC",
            "entry_id": 28939,
            "spacegroup": "Fm-3m",
            "ntypes": 2,
            "band_gap": 0.0,
            "delta_e": 2.10097285375
        },
        {
            "name": "TlBi2",
            "entry_id": 10968,
            "spacegroup": "P6/mmm",
            "ntypes": 2,
            "band_gap": 0.0,
            "delta_e": -0.0142385083333328
        },
        {
            "name": "PrTl3",
            "entry_id": 18892,
            "spacegroup": "Pm-3m",
            "ntypes": 2,
            "band_gap": 0.0,
            "delta_e": -0.312772653125
        },
        {
            "name": "Pr3Tl",
            "entry_id": 18894,
            "spacegroup": "Pm-3m",
            "ntypes": 2,
            "band_gap": 0.0,
            "delta_e": -0.216651561875
        },
        {
            "name": "LuTl3",
            "entry_id": 17628,
            "spacegroup": "Pm-3m",
            "ntypes": 2,
            "band_gap": 0.0,
            "delta_e": -0.1237477075
        },
        {
            "name": "TlN",
            "entry_id": 30776,
            "spacegroup": "P63mc",
            "ntypes": 2,
            "band_gap": 0.0,
            "delta_e": 0.807650614828247
        },
        {
            "name": "Hf2Tl",
            "entry_id": 21462,
            "spacegroup": "I4/mmm",
            "ntypes": 2,
            "band_gap": 0.0,
            "delta_e": 0.0582000316666651
        },
        {
            "name": "TlCrTe2",
            "entry_id": 19653,
            "spacegroup": "P-3m1",
            "ntypes": 3,
            "band_gap": 0.0,
            "delta_e": -0.255337442916665
        },
        {
            "name": "Np3Tl",
            "entry_id": 17877,
            "spacegroup": "Pm-3m",
            "ntypes": 2,
            "band_gap": 0.0,
            "delta_e": 0.545530579687499
        },
        {
            "name": "TbTl3",
            "entry_id": 18149,
            "spacegroup": "Pm-3m",
            "ntypes": 2,
            "band_gap": 0.0,
            "delta_e": -0.0672390749166678
        },
        {
            "name": "ThTl3",
            "entry_id": 18162,
            "spacegroup": "Pm-3m",
            "ntypes": 2,
            "band_gap": 0.0,
            "delta_e": -0.16096145125
        },
        {
            "name": "TmTl3",
            "entry_id": 18170,
            "spacegroup": "Pm-3m",
            "ntypes": 2,
            "band_gap": 0.0,
            "delta_e": -0.15962322875
        },
        {
            "name": "UTl3",
            "entry_id": 18171,
            "spacegroup": "Pm-3m",
            "ntypes": 2,
            "band_gap": 0.0,
            "delta_e": 0.23442209
        },
        {
            "name": "YTl3",
            "entry_id": 18173,
            "spacegroup": "Pm-3m",
            "ntypes": 2,
            "band_gap": 0.0,
            "delta_e": -0.2310098925
        },
        {
            "name": "CaTl3",
            "entry_id": 11006,
            "spacegroup": "Pm-3m",
            "ntypes": 2,
            "band_gap": 0.0,
            "delta_e": -0.23969722125
        },
        {
            "name": "ErTl3",
            "entry_id": 30065,
            "spacegroup": "Pm-3m",
            "ntypes": 2,
            "band_gap": 0.0,
            "delta_e": -0.18061170875
        },
        {
            "name": "YbTl3",
            "entry_id": 18175,
            "spacegroup": "Pm-3m",
            "ntypes": 2,
            "band_gap": 0.0,
            "delta_e": -0.25977716625
        },
        {
            "name": "Ca3Tl",
            "entry_id": 11007,
            "spacegroup": "Fm-3m",
            "ntypes": 2,
            "band_gap": 0.0,
            "delta_e": -0.18328613125
        },
        {
            "name": "TlHg3",
            "entry_id": 17440,
            "spacegroup": "Pm-3m",
            "ntypes": 2,
            "band_gap": 0.0,
            "delta_e": 0.0264960425252985
        }
    ],
    "meta": {
        "query": {
            "representation": "http://oqmd.org/oqmdapi/formationenergy?fields=name,entry_id,spacegroup,ntypes,band_gap,delta_e&filter=element_set=(Tl)"
        },
        "api_version": "1.0",
        "time_stamp": "2023-08-05 10:02:43",
        "data_returned": 50,
        "data_available": 41416,
        "comments": "",
        "query_tree": "",
        "more_data_available": true
    },
    "response_message": "OK"
}