{
    "links": {
        "next": "http://oqmd.org/oqmdapi/formationenergy?fields=name%2Centry_id%2Cspacegroup%2Cntypes%2Cband_gap%2Cdelta_e&filter=element_set%3D%28U%29&limit=50&offset=50",
        "previous": null,
        "base_url": {
            "href": "https://oqmd.org/oqmdapi",
            "meta": {
                "_oqmd_version": "1.0"
            }
        }
    },
    "resource": {},
    "data": [
        {
            "name": "U",
            "entry_id": 8391,
            "spacegroup": "Im-3m",
            "ntypes": 1,
            "band_gap": 0.0,
            "delta_e": 0.274825495
        },
        {
            "name": "UTe",
            "entry_id": 17352,
            "spacegroup": "Pm-3m",
            "ntypes": 2,
            "band_gap": 0.0,
            "delta_e": -0.439347684166665
        },
        {
            "name": "U",
            "entry_id": 22309,
            "spacegroup": "Fm-3m",
            "ntypes": 1,
            "band_gap": 0.0,
            "delta_e": 0.375489635000001
        },
        {
            "name": "UN",
            "entry_id": 4568,
            "spacegroup": "Fm-3m",
            "ntypes": 2,
            "band_gap": 0.0,
            "delta_e": -1.41567096517175
        },
        {
            "name": "US",
            "entry_id": 6096,
            "spacegroup": "Fm-3m",
            "ntypes": 2,
            "band_gap": 0.0,
            "delta_e": -1.51518715950668
        },
        {
            "name": "UC",
            "entry_id": 4567,
            "spacegroup": "Fm-3m",
            "ntypes": 2,
            "band_gap": 0.0,
            "delta_e": -0.12693400625
        },
        {
            "name": "USb",
            "entry_id": 10323,
            "spacegroup": "Pm-3m",
            "ntypes": 2,
            "band_gap": 0.0,
            "delta_e": -0.204518074999999
        },
        {
            "name": "UAs",
            "entry_id": 8281,
            "spacegroup": "Pm-3m",
            "ntypes": 2,
            "band_gap": 0.0,
            "delta_e": -0.582944645
        },
        {
            "name": "UP",
            "entry_id": 11301,
            "spacegroup": "Fm-3m",
            "ntypes": 2,
            "band_gap": 0.0,
            "delta_e": -1.08693061697997
        },
        {
            "name": "UAs",
            "entry_id": 8282,
            "spacegroup": "Fm-3m",
            "ntypes": 2,
            "band_gap": 0.0,
            "delta_e": -0.71583833
        },
        {
            "name": "UO",
            "entry_id": 4570,
            "spacegroup": "Fm-3m",
            "ntypes": 2,
            "band_gap": 0.0,
            "delta_e": -2.64172886920142
        },
        {
            "name": "USb",
            "entry_id": 13703,
            "spacegroup": "Fm-3m",
            "ntypes": 2,
            "band_gap": 0.0,
            "delta_e": -0.15786581
        },
        {
            "name": "UBi",
            "entry_id": 20918,
            "spacegroup": "Pm-3m",
            "ntypes": 2,
            "band_gap": 0.0,
            "delta_e": 0.10952802
        },
        {
            "name": "USi2",
            "entry_id": 6063,
            "spacegroup": "P6/mmm",
            "ntypes": 2,
            "band_gap": 0.0,
            "delta_e": -0.325328868333334
        },
        {
            "name": "UN2",
            "entry_id": 4569,
            "spacegroup": "Fm-3m",
            "ntypes": 2,
            "band_gap": 1.044,
            "delta_e": -1.495191535229
        },
        {
            "name": "U2Ti",
            "entry_id": 18165,
            "spacegroup": "P6/mmm",
            "ntypes": 2,
            "band_gap": 0.0,
            "delta_e": -0.104691401262089
        },
        {
            "name": "UGa2",
            "entry_id": 30362,
            "spacegroup": "P6/mmm",
            "ntypes": 2,
            "band_gap": 0.0,
            "delta_e": -0.0656788916666677
        },
        {
            "name": "UC2",
            "entry_id": 6104,
            "spacegroup": "I4/mmm",
            "ntypes": 2,
            "band_gap": 0.0,
            "delta_e": -0.114614863333333
        },
        {
            "name": "UAu2",
            "entry_id": 28229,
            "spacegroup": "P6/mmm",
            "ntypes": 2,
            "band_gap": 0.0,
            "delta_e": -0.279955938333334
        },
        {
            "name": "UO2",
            "entry_id": 4571,
            "spacegroup": "Fm-3m",
            "ntypes": 2,
            "band_gap": 0.0,
            "delta_e": -3.51258465809387
        },
        {
            "name": "UC2",
            "entry_id": 13377,
            "spacegroup": "I4/mmm",
            "ntypes": 2,
            "band_gap": 0.0,
            "delta_e": -0.114619963333332
        },
        {
            "name": "UP",
            "entry_id": 14026,
            "spacegroup": "R-3m",
            "ntypes": 2,
            "band_gap": 0.0,
            "delta_e": -1.08722989697997
        },
        {
            "name": "USnPt",
            "entry_id": 18006,
            "spacegroup": "F-43m",
            "ntypes": 3,
            "band_gap": 0.0,
            "delta_e": -0.5315220239504
        },
        {
            "name": "UHg2",
            "entry_id": 17442,
            "spacegroup": "P6/mmm",
            "ntypes": 2,
            "band_gap": 0.0,
            "delta_e": 0.154346105022488
        },
        {
            "name": "UC2",
            "entry_id": 21348,
            "spacegroup": "Fm-3m",
            "ntypes": 2,
            "band_gap": 0.0,
            "delta_e": 0.5317855
        },
        {
            "name": "U2Mo",
            "entry_id": 17717,
            "spacegroup": "I4/mmm",
            "ntypes": 2,
            "band_gap": 0.0,
            "delta_e": 0.0761395333333349
        },
        {
            "name": "USn3",
            "entry_id": 18132,
            "spacegroup": "Pm-3m",
            "ntypes": 2,
            "band_gap": 0.0,
            "delta_e": -0.197936296388401
        },
        {
            "name": "UN",
            "entry_id": 11310,
            "spacegroup": "R-3m",
            "ntypes": 2,
            "band_gap": 0.0,
            "delta_e": -1.41542640017175
        },
        {
            "name": "UAu2",
            "entry_id": 10818,
            "spacegroup": "P-3m1",
            "ntypes": 2,
            "band_gap": 0.0,
            "delta_e": -0.279987048333333
        },
        {
            "name": "UNiSn",
            "entry_id": 17817,
            "spacegroup": "F-43m",
            "ntypes": 3,
            "band_gap": 0.0,
            "delta_e": -0.152705747283735
        },
        {
            "name": "UPb",
            "entry_id": 17930,
            "spacegroup": "P4/mmm",
            "ntypes": 2,
            "band_gap": 0.0,
            "delta_e": 0.3428581975
        },
        {
            "name": "UO3",
            "entry_id": 5086,
            "spacegroup": "Pm-3m",
            "ntypes": 2,
            "band_gap": 2.536,
            "delta_e": -3.10540211754009
        },
        {
            "name": "UTl3",
            "entry_id": 18171,
            "spacegroup": "Pm-3m",
            "ntypes": 2,
            "band_gap": 0.0,
            "delta_e": 0.23442209
        },
        {
            "name": "UBi",
            "entry_id": 20917,
            "spacegroup": "Fm-3m",
            "ntypes": 2,
            "band_gap": 0.0,
            "delta_e": 0.18413287
        },
        {
            "name": "UPb3",
            "entry_id": 17931,
            "spacegroup": "Pm-3m",
            "ntypes": 2,
            "band_gap": 0.0,
            "delta_e": 0.148792423750001
        },
        {
            "name": "UGa3",
            "entry_id": 30363,
            "spacegroup": "Pm-3m",
            "ntypes": 2,
            "band_gap": 0.0,
            "delta_e": -0.225247895
        },
        {
            "name": "UO3",
            "entry_id": 3142,
            "spacegroup": "Amm2",
            "ntypes": 2,
            "band_gap": 1.1,
            "delta_e": -2.94005363004009
        },
        {
            "name": "UAl3",
            "entry_id": 10602,
            "spacegroup": "Pm-3m",
            "ntypes": 2,
            "band_gap": 0.0,
            "delta_e": -0.12081020625
        },
        {
            "name": "UGe3",
            "entry_id": 10071,
            "spacegroup": "Pm-3m",
            "ntypes": 2,
            "band_gap": 0.0,
            "delta_e": -0.320288290000001
        },
        {
            "name": "UIr3",
            "entry_id": 17529,
            "spacegroup": "Pm-3m",
            "ntypes": 2,
            "band_gap": 0.0,
            "delta_e": -0.63875885625
        },
        {
            "name": "URh3",
            "entry_id": 18078,
            "spacegroup": "Pm-3m",
            "ntypes": 2,
            "band_gap": 0.0,
            "delta_e": -0.672581106250002
        },
        {
            "name": "USi3",
            "entry_id": 18109,
            "spacegroup": "Pm-3m",
            "ntypes": 2,
            "band_gap": 0.0,
            "delta_e": -0.374706395
        },
        {
            "name": "URu3",
            "entry_id": 18098,
            "spacegroup": "Pm-3m",
            "ntypes": 2,
            "band_gap": 0.0,
            "delta_e": -0.323850643749999
        },
        {
            "name": "UPb",
            "entry_id": 30930,
            "spacegroup": "P4/mmm",
            "ntypes": 2,
            "band_gap": 0.0,
            "delta_e": 0.336418292499999
        },
        {
            "name": "U3Si",
            "entry_id": 5216,
            "spacegroup": "Pm-3m",
            "ntypes": 2,
            "band_gap": 0.0,
            "delta_e": -0.219170015000001
        },
        {
            "name": "RbUO3",
            "entry_id": 16895,
            "spacegroup": "Pm-3m",
            "ntypes": 3,
            "band_gap": 2.997,
            "delta_e": -3.11086555603207
        },
        {
            "name": "UInNi2",
            "entry_id": 18429,
            "spacegroup": "Fm-3m",
            "ntypes": 3,
            "band_gap": 0.0,
            "delta_e": -0.09903980125
        },
        {
            "name": "KUO3",
            "entry_id": 8436,
            "spacegroup": "Pm-3m",
            "ntypes": 3,
            "band_gap": 2.996,
            "delta_e": -3.13726971903207
        },
        {
            "name": "UNi2Sn",
            "entry_id": 30863,
            "spacegroup": "Fm-3m",
            "ntypes": 3,
            "band_gap": 0.0,
            "delta_e": -0.243068047962801
        },
        {
            "name": "UIn3",
            "entry_id": 11174,
            "spacegroup": "Pm-3m",
            "ntypes": 2,
            "band_gap": 0.0,
            "delta_e": -0.00940088125000038
        }
    ],
    "meta": {
        "query": {
            "representation": "http://oqmd.org/oqmdapi/formationenergy?fields=name,entry_id,spacegroup,ntypes,band_gap,delta_e&filter=element_set=(U)"
        },
        "api_version": "1.0",
        "time_stamp": "2023-08-01 00:09:51",
        "data_returned": 50,
        "data_available": 17945,
        "comments": "",
        "query_tree": "",
        "more_data_available": true
    },
    "response_message": "OK"
}