{
    "links": {
        "next": "http://oqmd.org/oqmdapi/formationenergy?fields=name%2Centry_id%2Cspacegroup%2Cntypes%2Cband_gap%2Cdelta_e&filter=element_set%3D%28W%29&limit=50&offset=50",
        "previous": null,
        "base_url": {
            "href": "https://oqmd.org/oqmdapi",
            "meta": {
                "_oqmd_version": "1.0"
            }
        }
    },
    "resource": {},
    "data": [
        {
            "name": "WC",
            "entry_id": 3084,
            "spacegroup": "P-6m2",
            "ntypes": 2,
            "band_gap": 0.0,
            "delta_e": -0.125658648750001
        },
        {
            "name": "WN",
            "entry_id": 5834,
            "spacegroup": "Fm-3m",
            "ntypes": 2,
            "band_gap": 0.0,
            "delta_e": 0.231852792328246
        },
        {
            "name": "WN",
            "entry_id": 13637,
            "spacegroup": "P-6m2",
            "ntypes": 2,
            "band_gap": 0.0,
            "delta_e": -0.177579167671754
        },
        {
            "name": "WN",
            "entry_id": 30778,
            "spacegroup": "Fm-3m",
            "ntypes": 2,
            "band_gap": 0.0,
            "delta_e": 0.231852792328246
        },
        {
            "name": "WC",
            "entry_id": 20565,
            "spacegroup": "Fm-3m",
            "ntypes": 2,
            "band_gap": 0.0,
            "delta_e": 0.32366415625
        },
        {
            "name": "WN",
            "entry_id": 21335,
            "spacegroup": "F-43m",
            "ntypes": 2,
            "band_gap": 0.0,
            "delta_e": 0.0947358373282459
        },
        {
            "name": "Si2W",
            "entry_id": 5147,
            "spacegroup": "I4/mmm",
            "ntypes": 2,
            "band_gap": 0.0,
            "delta_e": -0.3448632
        },
        {
            "name": "B2W",
            "entry_id": 8474,
            "spacegroup": "P6/mmm",
            "ntypes": 2,
            "band_gap": 0.0,
            "delta_e": -0.0768806733333326
        },
        {
            "name": "Ge2W",
            "entry_id": 2614,
            "spacegroup": "I4/mmm",
            "ntypes": 2,
            "band_gap": 0.0,
            "delta_e": 0.0668190566666667
        },
        {
            "name": "WS2",
            "entry_id": 22782,
            "spacegroup": "R3m",
            "ntypes": 2,
            "band_gap": 1.422,
            "delta_e": -1.00478686267557
        },
        {
            "name": "W2C",
            "entry_id": 28944,
            "spacegroup": "P-3m1",
            "ntypes": 2,
            "band_gap": 0.0,
            "delta_e": 0.0526646641666654
        },
        {
            "name": "CrWN2",
            "entry_id": 15125,
            "spacegroup": "R3m",
            "ntypes": 3,
            "band_gap": 0.0,
            "delta_e": -0.393994220171752
        },
        {
            "name": "WN2",
            "entry_id": 5824,
            "spacegroup": "R-3m",
            "ntypes": 2,
            "band_gap": 0.0,
            "delta_e": 0.222870183104329
        },
        {
            "name": "WO3",
            "entry_id": 18878,
            "spacegroup": "Pm-3m",
            "ntypes": 2,
            "band_gap": 0.784,
            "delta_e": -2.41885696940907
        },
        {
            "name": "BW",
            "entry_id": 28628,
            "spacegroup": "Cmcm",
            "ntypes": 2,
            "band_gap": 0.0,
            "delta_e": -0.353763842499999
        },
        {
            "name": "IrW",
            "entry_id": 17534,
            "spacegroup": "Pmma",
            "ntypes": 2,
            "band_gap": 0.0,
            "delta_e": -0.301469065000001
        },
        {
            "name": "NiB2W2",
            "entry_id": 28558,
            "spacegroup": "Immm",
            "ntypes": 3,
            "band_gap": 0.0,
            "delta_e": -0.436592384000001
        },
        {
            "name": "NaWO3",
            "entry_id": 5500,
            "spacegroup": "Pm-3m",
            "ntypes": 3,
            "band_gap": 0.0,
            "delta_e": -2.37749825969758
        },
        {
            "name": "FeB2W2",
            "entry_id": 28419,
            "spacegroup": "Immm",
            "ntypes": 3,
            "band_gap": 0.0,
            "delta_e": -0.428210846
        },
        {
            "name": "Mn2SnW",
            "entry_id": 17692,
            "spacegroup": "Fm-3m",
            "ntypes": 3,
            "band_gap": 0.0,
            "delta_e": 0.14004282889065
        },
        {
            "name": "Ni4W",
            "entry_id": 17851,
            "spacegroup": "I4/m",
            "ntypes": 2,
            "band_gap": 0.0,
            "delta_e": -0.107539166000001
        },
        {
            "name": "BW2",
            "entry_id": 4586,
            "spacegroup": "I4/mcm",
            "ntypes": 2,
            "band_gap": 0.0,
            "delta_e": -0.258989663333333
        },
        {
            "name": "P2W",
            "entry_id": 6883,
            "spacegroup": "Cmc21",
            "ntypes": 2,
            "band_gap": 0.0,
            "delta_e": -0.547181839306624
        },
        {
            "name": "P2W",
            "entry_id": 6884,
            "spacegroup": "C2/m",
            "ntypes": 2,
            "band_gap": 0.0,
            "delta_e": -0.531886277639958
        },
        {
            "name": "HfW2",
            "entry_id": 17394,
            "spacegroup": "Fd-3m",
            "ntypes": 2,
            "band_gap": 0.0,
            "delta_e": -0.171584165000001
        },
        {
            "name": "ZrW2",
            "entry_id": 18179,
            "spacegroup": "Fd-3m",
            "ntypes": 2,
            "band_gap": 0.0,
            "delta_e": -0.144438443333335
        },
        {
            "name": "WS2",
            "entry_id": 10056,
            "spacegroup": "P63/mmc",
            "ntypes": 2,
            "band_gap": 1.187,
            "delta_e": -1.00190951934224
        },
        {
            "name": "W3N4",
            "entry_id": 5826,
            "spacegroup": "Pm-3m",
            "ntypes": 2,
            "band_gap": 0.0,
            "delta_e": -0.156742175910574
        },
        {
            "name": "Cu2WS4",
            "entry_id": 12986,
            "spacegroup": "P-42m",
            "ntypes": 3,
            "band_gap": 1.52,
            "delta_e": -0.618372073721918
        },
        {
            "name": "Mn2B4W",
            "entry_id": 28523,
            "spacegroup": "Immm",
            "ntypes": 3,
            "band_gap": 0.0,
            "delta_e": -0.411940026798028
        },
        {
            "name": "WBr6",
            "entry_id": 11554,
            "spacegroup": "R-3",
            "ntypes": 2,
            "band_gap": 1.054,
            "delta_e": -0.727400080642145
        },
        {
            "name": "PW",
            "entry_id": 7664,
            "spacegroup": "Pnma",
            "ntypes": 2,
            "band_gap": 0.0,
            "delta_e": -0.494891733229968
        },
        {
            "name": "Cu2WS4",
            "entry_id": 16806,
            "spacegroup": "I-42m",
            "ntypes": 3,
            "band_gap": 1.671,
            "delta_e": -0.621624845150489
        },
        {
            "name": "BW",
            "entry_id": 4587,
            "spacegroup": "I41/amd",
            "ntypes": 2,
            "band_gap": 0.0,
            "delta_e": -0.36668986125
        },
        {
            "name": "W",
            "entry_id": 9254,
            "spacegroup": "Pm-3n",
            "ntypes": 1,
            "band_gap": 0.0,
            "delta_e": 0.0893817712500002
        },
        {
            "name": "B5W2",
            "entry_id": 3876,
            "spacegroup": "R-3m",
            "ntypes": 2,
            "band_gap": 0.0,
            "delta_e": 0.253357174285714
        },
        {
            "name": "Rh3W",
            "entry_id": 18082,
            "spacegroup": "P63/mmc",
            "ntypes": 2,
            "band_gap": 0.0,
            "delta_e": -0.279611263750001
        },
        {
            "name": "FeWN2",
            "entry_id": 13630,
            "spacegroup": "P63/mmc",
            "ntypes": 3,
            "band_gap": 0.0,
            "delta_e": -0.317425947671753
        },
        {
            "name": "FeWN2",
            "entry_id": 14680,
            "spacegroup": "P63/mmc",
            "ntypes": 3,
            "band_gap": 0.0,
            "delta_e": -0.317602071421753
        },
        {
            "name": "WO3",
            "entry_id": 5421,
            "spacegroup": "P4/nmm",
            "ntypes": 2,
            "band_gap": 0.755,
            "delta_e": -2.44255336440907
        },
        {
            "name": "W3O",
            "entry_id": 19304,
            "spacegroup": "Pm-3n",
            "ntypes": 2,
            "band_gap": 0.0,
            "delta_e": 0.738930162280312
        },
        {
            "name": "Ir3W",
            "entry_id": 30633,
            "spacegroup": "P63/mmc",
            "ntypes": 2,
            "band_gap": 0.0,
            "delta_e": -0.350919833750002
        },
        {
            "name": "WCl6",
            "entry_id": 4881,
            "spacegroup": "R-3",
            "ntypes": 2,
            "band_gap": 1.798,
            "delta_e": -1.14803288338782
        },
        {
            "name": "AlW2C",
            "entry_id": 20910,
            "spacegroup": "P63/mmc",
            "ntypes": 3,
            "band_gap": 0.0,
            "delta_e": 0.0271949456249985
        },
        {
            "name": "MnWN2",
            "entry_id": 14459,
            "spacegroup": "P63mc",
            "ntypes": 3,
            "band_gap": 0.0,
            "delta_e": -0.333822207370028
        },
        {
            "name": "WO3",
            "entry_id": 2919,
            "spacegroup": "P21/c",
            "ntypes": 2,
            "band_gap": 2.238,
            "delta_e": -2.38187596378407
        },
        {
            "name": "Fe6W6C",
            "entry_id": 3834,
            "spacegroup": "Fd-3m",
            "ntypes": 3,
            "band_gap": 0.0,
            "delta_e": -0.0622586198076931
        },
        {
            "name": "WSNCl5",
            "entry_id": 6723,
            "spacegroup": "P21/c",
            "ntypes": 4,
            "band_gap": 0.996,
            "delta_e": -0.87293389468156
        },
        {
            "name": "Si2W",
            "entry_id": 12789,
            "spacegroup": "P6222",
            "ntypes": 2,
            "band_gap": 0.327,
            "delta_e": -0.27763152
        },
        {
            "name": "Sr2CaWO6",
            "entry_id": 6758,
            "spacegroup": "Pmm2",
            "ntypes": 4,
            "band_gap": 3.05,
            "delta_e": -2.97617513152725
        }
    ],
    "meta": {
        "query": {
            "representation": "http://oqmd.org/oqmdapi/formationenergy?fields=name,entry_id,spacegroup,ntypes,band_gap,delta_e&filter=element_set=(W)"
        },
        "api_version": "1.0",
        "time_stamp": "2023-08-01 00:11:12",
        "data_returned": 50,
        "data_available": 33635,
        "comments": "",
        "query_tree": "",
        "more_data_available": true
    },
    "response_message": "OK"
}