{
    "links": {
        "next": "http://oqmd.org/oqmdapi/formationenergy?filter=element_set%3D%28Al-Fe%29&format=json&limit=50&offset=50",
        "previous": null,
        "base_url": {
            "href": "https://oqmd.org/oqmdapi",
            "meta": {
                "_oqmd_version": "1.0"
            }
        }
    },
    "resource": {},
    "data": [
        {
            "name": "Al",
            "entry_id": 8100,
            "calculation_id": 3638,
            "icsd_id": 43492,
            "formationenergy_id": 4061175,
            "duplicate_entry_id": 8100,
            "composition": "Al1",
            "composition_generic": "A",
            "prototype": "Cu",
            "spacegroup": "Fm-3m",
            "volume": 16.4826,
            "ntypes": 1,
            "natoms": 1,
            "unit_cell": [
                [
                    2.019908,
                    -2.019908,
                    0.0
                ],
                [
                    -2.019908,
                    0.0,
                    -2.019908
                ],
                [
                    2.019908,
                    2.019908,
                    0.0
                ]
            ],
            "sites": [
                "Al @ 0 0 0"
            ],
            "band_gap": 0.0,
            "delta_e": 0.000788779999999711,
            "stability": 0.000788779999999711,
            "fit": "standard",
            "calculation_label": "static"
        },
        {
            "name": "Fe",
            "entry_id": 22514,
            "calculation_id": 3829,
            "icsd_id": 183262,
            "formationenergy_id": 4061217,
            "duplicate_entry_id": 8568,
            "composition": "Fe1",
            "composition_generic": "A",
            "prototype": "W",
            "spacegroup": "Im-3m",
            "volume": 11.1739,
            "ntypes": 1,
            "natoms": 1,
            "unit_cell": [
                [
                    1.408362,
                    1.408362,
                    1.408362
                ],
                [
                    1.408362,
                    -1.408362,
                    -1.408362
                ],
                [
                    -1.408362,
                    1.408362,
                    -1.408362
                ]
            ],
            "sites": [
                "Fe @ 0 0 0"
            ],
            "band_gap": 0.0,
            "delta_e": 0.000355089999999336,
            "stability": 0.000355089999999336,
            "fit": "standard",
            "calculation_label": "static"
        },
        {
            "name": "Fe",
            "entry_id": 7505,
            "calculation_id": 3845,
            "icsd_id": 41506,
            "formationenergy_id": 4061223,
            "duplicate_entry_id": 7505,
            "composition": "Fe1",
            "composition_generic": "A",
            "prototype": "Cu",
            "spacegroup": "Fm-3m",
            "volume": 10.198,
            "ntypes": 1,
            "natoms": 1,
            "unit_cell": [
                [
                    1.721189,
                    -1.721189,
                    0.0
                ],
                [
                    -1.721189,
                    0.0,
                    -1.721189
                ],
                [
                    1.721189,
                    1.721189,
                    0.0
                ]
            ],
            "sites": [
                "Fe @ 0 0 0"
            ],
            "band_gap": 0.0,
            "delta_e": 0.161451849999999,
            "stability": 0.161451849999999,
            "fit": "standard",
            "calculation_label": "static"
        },
        {
            "name": "Fe",
            "entry_id": 8568,
            "calculation_id": 4213,
            "icsd_id": 44863,
            "formationenergy_id": 4061394,
            "duplicate_entry_id": 8568,
            "composition": "Fe1",
            "composition_generic": "A",
            "prototype": "W",
            "spacegroup": "Im-3m",
            "volume": 11.1914,
            "ntypes": 1,
            "natoms": 1,
            "unit_cell": [
                [
                    1.4091,
                    1.4091,
                    1.4091
                ],
                [
                    1.4091,
                    -1.4091,
                    -1.4091
                ],
                [
                    -1.4091,
                    1.4091,
                    -1.4091
                ]
            ],
            "sites": [
                "Fe @ 0 0 0"
            ],
            "band_gap": 0.0,
            "delta_e": 0.0,
            "stability": 0.0,
            "fit": "standard",
            "calculation_label": "static"
        },
        {
            "name": "VFe",
            "entry_id": 30264,
            "calculation_id": 4237,
            "icsd_id": 634034,
            "formationenergy_id": 4061409,
            "duplicate_entry_id": 30264,
            "composition": "Fe1 V1",
            "composition_generic": "AB",
            "prototype": "CsCl",
            "spacegroup": "Pm-3m",
            "volume": 23.5689,
            "ntypes": 2,
            "natoms": 2,
            "unit_cell": [
                [
                    2.867122,
                    0.0,
                    0.0
                ],
                [
                    0.0,
                    2.867122,
                    0.0
                ],
                [
                    0.0,
                    0.0,
                    2.867122
                ]
            ],
            "sites": [
                "Fe @ 0 0 0",
                "V @ 0.5 0.5 0.5"
            ],
            "band_gap": 0.0,
            "delta_e": -0.124237709999999,
            "stability": 0.015184777500000995,
            "fit": "standard",
            "calculation_label": "static"
        },
        {
            "name": "TiFe",
            "entry_id": 19423,
            "calculation_id": 4314,
            "icsd_id": 150938,
            "formationenergy_id": 4061481,
            "duplicate_entry_id": 19423,
            "composition": "Fe1 Ti1",
            "composition_generic": "AB",
            "prototype": "CsCl",
            "spacegroup": "Pm-3m",
            "volume": 25.5024,
            "ntypes": 2,
            "natoms": 2,
            "unit_cell": [
                [
                    2.943475,
                    0.0,
                    0.0
                ],
                [
                    0.0,
                    2.943475,
                    0.0
                ],
                [
                    0.0,
                    0.0,
                    2.943475
                ]
            ],
            "sites": [
                "Fe @ 0.5 0.5 0.5",
                "Ti @ 0 0 0"
            ],
            "band_gap": 0.0,
            "delta_e": -0.449192511893131,
            "stability": 0.0013217875000000046,
            "fit": "standard",
            "calculation_label": "static"
        },
        {
            "name": "TiAl",
            "entry_id": 27974,
            "calculation_id": 4363,
            "icsd_id": 609534,
            "formationenergy_id": 4061520,
            "duplicate_entry_id": 18721,
            "composition": "Al1 Ti1",
            "composition_generic": "AB",
            "prototype": "CuFePt2",
            "spacegroup": "P4/mmm",
            "volume": 32.2471,
            "ntypes": 2,
            "natoms": 2,
            "unit_cell": [
                [
                    1.993062,
                    -1.993062,
                    0.0
                ],
                [
                    -1.993062,
                    -1.993062,
                    0.0
                ],
                [
                    0.0,
                    0.0,
                    -4.058998
                ]
            ],
            "sites": [
                "Al @ 0.5 0.5 0.5",
                "Ti @ 0 0 0"
            ],
            "band_gap": 0.0,
            "delta_e": -0.435995316893132,
            "stability": 0.0001479100000002509,
            "fit": "standard",
            "calculation_label": "static"
        },
        {
            "name": "FePd",
            "entry_id": 22248,
            "calculation_id": 4439,
            "icsd_id": 180896,
            "formationenergy_id": 4061574,
            "duplicate_entry_id": 116604,
            "composition": "Fe1 Pd1",
            "composition_generic": "AB",
            "prototype": "AuCu",
            "spacegroup": "P4/mmm",
            "volume": 27.5263,
            "ntypes": 2,
            "natoms": 2,
            "unit_cell": [
                [
                    2.708642,
                    0.0,
                    0.0
                ],
                [
                    0.0,
                    2.708642,
                    0.0
                ],
                [
                    0.0,
                    0.0,
                    3.751837
                ]
            ],
            "sites": [
                "Fe @ 0 0 0",
                "Pd @ 0.5 0.5 0.5"
            ],
            "band_gap": 0.0,
            "delta_e": -0.0657903050000002,
            "stability": 0.013730704999999552,
            "fit": "standard",
            "calculation_label": "static"
        },
        {
            "name": "DyAl",
            "entry_id": 10445,
            "calculation_id": 4664,
            "icsd_id": 57736,
            "formationenergy_id": 4061712,
            "duplicate_entry_id": 10445,
            "composition": "Al1 Dy1",
            "composition_generic": "AB",
            "prototype": "CsCl",
            "spacegroup": "Pm-3m",
            "volume": 46.5798,
            "ntypes": 2,
            "natoms": 2,
            "unit_cell": [
                [
                    3.59804,
                    0.0,
                    0.0
                ],
                [
                    0.0,
                    3.59804,
                    0.0
                ],
                [
                    0.0,
                    0.0,
                    3.59804
                ]
            ],
            "sites": [
                "Al @ 0 0 0",
                "Dy @ 0.5 0.5 0.5"
            ],
            "band_gap": 0.0,
            "delta_e": -0.395507823333335,
            "stability": 0.02122244624999997,
            "fit": "standard",
            "calculation_label": "static"
        },
        {
            "name": "AlIr",
            "entry_id": 10480,
            "calculation_id": 5039,
            "icsd_id": 57928,
            "formationenergy_id": 4061898,
            "duplicate_entry_id": 10480,
            "composition": "Al1 Ir1",
            "composition_generic": "AB",
            "prototype": "CsCl",
            "spacegroup": "Pm-3m",
            "volume": 27.5314,
            "ntypes": 2,
            "natoms": 2,
            "unit_cell": [
                [
                    3.019554,
                    0.0,
                    0.0
                ],
                [
                    0.0,
                    3.019554,
                    0.0
                ],
                [
                    0.0,
                    0.0,
                    3.019554
                ]
            ],
            "sites": [
                "Al @ 0 0 0",
                "Ir @ 0.5 0.5 0.5"
            ],
            "band_gap": 0.0,
            "delta_e": -0.946320085,
            "stability": 4.560000001041509e-06,
            "fit": "standard",
            "calculation_label": "static"
        },
        {
            "name": "FePt",
            "entry_id": 31334,
            "calculation_id": 5151,
            "icsd_id": 659004,
            "formationenergy_id": 4061985,
            "duplicate_entry_id": 110129,
            "composition": "Fe1 Pt1",
            "composition_generic": "AB",
            "prototype": "CuFePt2",
            "spacegroup": "P4/mmm",
            "volume": 27.8627,
            "ntypes": 2,
            "natoms": 2,
            "unit_cell": [
                [
                    1.933419,
                    -1.933419,
                    0.0
                ],
                [
                    -1.933419,
                    -1.933419,
                    0.0
                ],
                [
                    0.0,
                    0.0,
                    -3.726848
                ]
            ],
            "sites": [
                "Fe @ 0.5 0.5 0.5",
                "Pt @ 0 0 0"
            ],
            "band_gap": 0.0,
            "delta_e": -0.24032022,
            "stability": 0.00025384000000000517,
            "fit": "standard",
            "calculation_label": "static"
        },
        {
            "name": "TbAl",
            "entry_id": 22287,
            "calculation_id": 5216,
            "icsd_id": 181161,
            "formationenergy_id": 4062039,
            "duplicate_entry_id": 22287,
            "composition": "Al1 Tb1",
            "composition_generic": "AB",
            "prototype": "CsCl",
            "spacegroup": "Pm-3m",
            "volume": 47.2024,
            "ntypes": 2,
            "natoms": 2,
            "unit_cell": [
                [
                    3.614,
                    0.0,
                    0.0
                ],
                [
                    0.0,
                    3.614,
                    0.0
                ],
                [
                    0.0,
                    0.0,
                    3.614
                ]
            ],
            "sites": [
                "Al @ 0 0 0",
                "Tb @ 0.5 0.5 0.5"
            ],
            "band_gap": 0.0,
            "delta_e": -0.0655237223333351,
            "stability": 0.1616636450833332,
            "fit": "standard",
            "calculation_label": "static"
        },
        {
            "name": "MnAl",
            "entry_id": 10497,
            "calculation_id": 5267,
            "icsd_id": 57969,
            "formationenergy_id": 4062081,
            "duplicate_entry_id": 27877,
            "composition": "Al1 Mn1",
            "composition_generic": "AB",
            "prototype": "AuCu",
            "spacegroup": "P4/mmm",
            "volume": 26.3474,
            "ntypes": 2,
            "natoms": 2,
            "unit_cell": [
                [
                    2.732415,
                    0.0,
                    0.0
                ],
                [
                    0.0,
                    2.732415,
                    0.0
                ],
                [
                    0.0,
                    0.0,
                    3.528942
                ]
            ],
            "sites": [
                "Al @ 0 0 0",
                "Mn @ 0.5 0.5 0.5"
            ],
            "band_gap": 0.0,
            "delta_e": -0.26763608189655,
            "stability": 1.242500000098179e-05,
            "fit": "standard",
            "calculation_label": "static"
        },
        {
            "name": "NdAl",
            "entry_id": 19476,
            "calculation_id": 5317,
            "icsd_id": 151370,
            "formationenergy_id": 4062129,
            "duplicate_entry_id": 116120,
            "composition": "Al1 Nd1",
            "composition_generic": "AB",
            "prototype": "CsCl",
            "spacegroup": "Pm-3m",
            "volume": 51.7355,
            "ntypes": 2,
            "natoms": 2,
            "unit_cell": [
                [
                    3.726171,
                    0.0,
                    0.0
                ],
                [
                    0.0,
                    3.726171,
                    0.0
                ],
                [
                    0.0,
                    0.0,
                    3.726171
                ]
            ],
            "sites": [
                "Al @ 0.5 0.5 0.5",
                "Nd @ 0 0 0"
            ],
            "band_gap": 0.0,
            "delta_e": -0.3524127925,
            "stability": 0.040195317499999994,
            "fit": "standard",
            "calculation_label": "static"
        },
        {
            "name": "FeO",
            "entry_id": 5404,
            "calculation_id": 5336,
            "icsd_id": 27856,
            "formationenergy_id": 4062141,
            "duplicate_entry_id": 14796,
            "composition": "Fe1 O1",
            "composition_generic": "AB",
            "prototype": "NaCl",
            "spacegroup": "Fm-3m",
            "volume": 19.605,
            "ntypes": 2,
            "natoms": 2,
            "unit_cell": [
                [
                    2.140158,
                    -2.140158,
                    0.0
                ],
                [
                    -2.140158,
                    0.0,
                    -2.140158
                ],
                [
                    2.140158,
                    2.140158,
                    0.0
                ]
            ],
            "sites": [
                "Fe @ 0 0 0",
                "O @ 0.5 0 0.5"
            ],
            "band_gap": 0.0,
            "delta_e": -1.2172480271465,
            "stability": 0.32578108000000006,
            "fit": "standard",
            "calculation_label": "static"
        },
        {
            "name": "AlBi",
            "entry_id": 22537,
            "calculation_id": 5368,
            "icsd_id": 184567,
            "formationenergy_id": 4062165,
            "duplicate_entry_id": 22537,
            "composition": "Al1 Bi1",
            "composition_generic": "AB",
            "prototype": "ZnS(cF8)",
            "spacegroup": "F-43m",
            "volume": 65.9149,
            "ntypes": 2,
            "natoms": 2,
            "unit_cell": [
                [
                    3.206155,
                    -3.206155,
                    0.0
                ],
                [
                    -3.206155,
                    0.0,
                    -3.206155
                ],
                [
                    3.206155,
                    3.206155,
                    0.0
                ]
            ],
            "sites": [
                "Al @ 0 0 0",
                "Bi @ 0.75 0.5 0.25"
            ],
            "band_gap": 0.342,
            "delta_e": 0.0592433175000004,
            "stability": 0.0592433175000004,
            "fit": "standard",
            "calculation_label": "static"
        },
        {
            "name": "AlP",
            "entry_id": 4641,
            "calculation_id": 5390,
            "icsd_id": 24490,
            "formationenergy_id": 4062186,
            "duplicate_entry_id": 4641,
            "composition": "Al1 P1",
            "composition_generic": "AB",
            "prototype": "ZnS(cF8)",
            "spacegroup": "F-43m",
            "volume": 41.6075,
            "ntypes": 2,
            "natoms": 2,
            "unit_cell": [
                [
                    2.750302,
                    -2.750302,
                    0.0
                ],
                [
                    -2.750302,
                    0.0,
                    -2.750302
                ],
                [
                    2.750302,
                    2.750302,
                    0.0
                ]
            ],
            "sites": [
                "Al @ 0 0 0",
                "P @ 0.75 0.5 0.25"
            ],
            "band_gap": 1.751,
            "delta_e": -0.736775389479969,
            "stability": 2.7424999999969835e-05,
            "fit": "standard",
            "calculation_label": "static"
        },
        {
            "name": "AlRu",
            "entry_id": 18193,
            "calculation_id": 5418,
            "icsd_id": 106247,
            "formationenergy_id": 4062204,
            "duplicate_entry_id": 18193,
            "composition": "Al1 Ru1",
            "composition_generic": "AB",
            "prototype": "CsCl",
            "spacegroup": "Pm-3m",
            "volume": 27.2415,
            "ntypes": 2,
            "natoms": 2,
            "unit_cell": [
                [
                    3.008919,
                    0.0,
                    0.0
                ],
                [
                    0.0,
                    3.008919,
                    0.0
                ],
                [
                    0.0,
                    0.0,
                    3.008919
                ]
            ],
            "sites": [
                "Al @ 0 0 0",
                "Ru @ 0.5 0.5 0.5"
            ],
            "band_gap": 0.0,
            "delta_e": -0.66275832,
            "stability": 4.539999999941813e-06,
            "fit": "standard",
            "calculation_label": "static"
        },
        {
            "name": "TiAl",
            "entry_id": 18721,
            "calculation_id": 5449,
            "icsd_id": 107891,
            "formationenergy_id": 4062225,
            "duplicate_entry_id": 18721,
            "composition": "Al1 Ti1",
            "composition_generic": "AB",
            "prototype": "AuCu",
            "spacegroup": "P4/mmm",
            "volume": 32.2486,
            "ntypes": 2,
            "natoms": 2,
            "unit_cell": [
                [
                    2.817756,
                    0.0,
                    0.0
                ],
                [
                    0.0,
                    2.817756,
                    0.0
                ],
                [
                    0.0,
                    0.0,
                    4.06167
                ]
            ],
            "sites": [
                "Al @ 0 0 0",
                "Ti @ 0.5 0.5 0.5"
            ],
            "band_gap": 0.0,
            "delta_e": -0.436030726893132,
            "stability": 0.00011250000000023741,
            "fit": "standard",
            "calculation_label": "static"
        },
        {
            "name": "AlNi",
            "entry_id": 10516,
            "calculation_id": 5509,
            "icsd_id": 58037,
            "formationenergy_id": 4062279,
            "duplicate_entry_id": 94913,
            "composition": "Al1 Ni1",
            "composition_generic": "AB",
            "prototype": "CsCl",
            "spacegroup": "Pm-3m",
            "volume": 24.0552,
            "ntypes": 2,
            "natoms": 2,
            "unit_cell": [
                [
                    2.88671,
                    0.0,
                    0.0
                ],
                [
                    0.0,
                    2.88671,
                    0.0
                ],
                [
                    0.0,
                    0.0,
                    2.88671
                ]
            ],
            "sites": [
                "Al @ 0 0 0",
                "Ni @ 0.5 0.5 0.5"
            ],
            "band_gap": 0.0,
            "delta_e": -0.669379795,
            "stability": 6.6560000001048e-05,
            "fit": "standard",
            "calculation_label": "static"
        },
        {
            "name": "AlO",
            "entry_id": 5632,
            "calculation_id": 5551,
            "icsd_id": 28920,
            "formationenergy_id": 4062309,
            "duplicate_entry_id": 5632,
            "composition": "Al1 O1",
            "composition_generic": "AB",
            "prototype": "NaCl",
            "spacegroup": "Fm-3m",
            "volume": 21.8193,
            "ntypes": 2,
            "natoms": 2,
            "unit_cell": [
                [
                    2.217875,
                    -2.217875,
                    0.0
                ],
                [
                    -2.217875,
                    0.0,
                    -2.217875
                ],
                [
                    2.217875,
                    2.217875,
                    0.0
                ]
            ],
            "sites": [
                "Al @ 0 0 0",
                "O @ 0.5 0 0.5"
            ],
            "band_gap": 0.0,
            "delta_e": -1.41558020793938,
            "stability": 1.3053081374497746,
            "fit": "standard",
            "calculation_label": "static"
        },
        {
            "name": "AlOs",
            "entry_id": 10544,
            "calculation_id": 5789,
            "icsd_id": 58107,
            "formationenergy_id": 4062546,
            "duplicate_entry_id": 10544,
            "composition": "Al1 Os1",
            "composition_generic": "AB",
            "prototype": "CsCl",
            "spacegroup": "Pm-3m",
            "volume": 27.4909,
            "ntypes": 2,
            "natoms": 2,
            "unit_cell": [
                [
                    3.018073,
                    0.0,
                    0.0
                ],
                [
                    0.0,
                    3.018073,
                    0.0
                ],
                [
                    0.0,
                    0.0,
                    3.018073
                ]
            ],
            "sites": [
                "Al @ 0 0 0",
                "Os @ 0.5 0.5 0.5"
            ],
            "band_gap": 0.0,
            "delta_e": -0.39558665,
            "stability": 0.02582867250000026,
            "fit": "standard",
            "calculation_label": "static"
        },
        {
            "name": "AlPd",
            "entry_id": 10550,
            "calculation_id": 5792,
            "icsd_id": 58113,
            "formationenergy_id": 4062555,
            "duplicate_entry_id": 10550,
            "composition": "Al1 Pd1",
            "composition_generic": "AB",
            "prototype": "CsCl",
            "spacegroup": "Pm-3m",
            "volume": 28.8846,
            "ntypes": 2,
            "natoms": 2,
            "unit_cell": [
                [
                    3.068237,
                    0.0,
                    0.0
                ],
                [
                    0.0,
                    3.068237,
                    0.0
                ],
                [
                    0.0,
                    0.0,
                    3.068237
                ]
            ],
            "sites": [
                "Al @ 0 0 0",
                "Pd @ 0.5 0.5 0.5"
            ],
            "band_gap": 0.0,
            "delta_e": -0.875974275,
            "stability": 0.036253962500000014,
            "fit": "standard",
            "calculation_label": "static"
        },
        {
            "name": "SmAl",
            "entry_id": 10542,
            "calculation_id": 5873,
            "icsd_id": 58104,
            "formationenergy_id": 4062642,
            "duplicate_entry_id": 10542,
            "composition": "Al1 Sm1",
            "composition_generic": "AB",
            "prototype": "CsCl",
            "spacegroup": "Pm-3m",
            "volume": 49.8314,
            "ntypes": 2,
            "natoms": 2,
            "unit_cell": [
                [
                    3.679887,
                    0.0,
                    0.0
                ],
                [
                    0.0,
                    3.679887,
                    0.0
                ],
                [
                    0.0,
                    0.0,
                    3.679887
                ]
            ],
            "sites": [
                "Al @ 0 0 0",
                "Sm @ 0.5 0.5 0.5"
            ],
            "band_gap": 0.0,
            "delta_e": -0.37334288375,
            "stability": 0.030764323124999993,
            "fit": "standard",
            "calculation_label": "static"
        },
        {
            "name": "FeNi",
            "entry_id": 17225,
            "calculation_id": 6025,
            "icsd_id": 103555,
            "formationenergy_id": 4062762,
            "duplicate_entry_id": 17225,
            "composition": "Fe1 Ni1",
            "composition_generic": "AB",
            "prototype": "AuCu",
            "spacegroup": "P4/mmm",
            "volume": 22.3688,
            "ntypes": 2,
            "natoms": 2,
            "unit_cell": [
                [
                    2.508849,
                    0.0,
                    0.0
                ],
                [
                    0.0,
                    2.508849,
                    0.0
                ],
                [
                    0.0,
                    0.0,
                    3.553807
                ]
            ],
            "sites": [
                "Fe @ 0 0 0",
                "Ni @ 0.5 0.5 0.5"
            ],
            "band_gap": 0.0,
            "delta_e": -0.0687964250000004,
            "stability": 0.0,
            "fit": "standard",
            "calculation_label": "static"
        },
        {
            "name": "PrAl",
            "entry_id": 10558,
            "calculation_id": 6030,
            "icsd_id": 58123,
            "formationenergy_id": 4062768,
            "duplicate_entry_id": 10558,
            "composition": "Al1 Pr1",
            "composition_generic": "AB",
            "prototype": "CsCl",
            "spacegroup": "Pm-3m",
            "volume": 53.0524,
            "ntypes": 2,
            "natoms": 2,
            "unit_cell": [
                [
                    3.757523,
                    0.0,
                    0.0
                ],
                [
                    0.0,
                    3.757523,
                    0.0
                ],
                [
                    0.0,
                    0.0,
                    3.757523
                ]
            ],
            "sites": [
                "Al @ 0 0 0",
                "Pr @ 0.5 0.5 0.5"
            ],
            "band_gap": 0.0,
            "delta_e": -0.33769230375,
            "stability": 0.05212252500000003,
            "fit": "standard",
            "calculation_label": "static"
        },
        {
            "name": "AlPt",
            "entry_id": 10561,
            "calculation_id": 6032,
            "icsd_id": 58128,
            "formationenergy_id": 4062774,
            "duplicate_entry_id": 10561,
            "composition": "Al1 Pt1",
            "composition_generic": "AB",
            "prototype": "CsCl",
            "spacegroup": "Pm-3m",
            "volume": 29.5392,
            "ntypes": 2,
            "natoms": 2,
            "unit_cell": [
                [
                    3.091242,
                    0.0,
                    0.0
                ],
                [
                    0.0,
                    3.091242,
                    0.0
                ],
                [
                    0.0,
                    0.0,
                    3.091242
                ]
            ],
            "sites": [
                "Al @ 0 0 0",
                "Pt @ 0.5 0.5 0.5"
            ],
            "band_gap": 0.0,
            "delta_e": -0.93678468,
            "stability": 0.1115135237499999,
            "fit": "standard",
            "calculation_label": "static"
        },
        {
            "name": "FeN",
            "entry_id": 7452,
            "calculation_id": 6051,
            "icsd_id": 41258,
            "formationenergy_id": 4062795,
            "duplicate_entry_id": 7452,
            "composition": "Fe1 N1",
            "composition_generic": "AB",
            "prototype": "ZnS(cF8)",
            "spacegroup": "F-43m",
            "volume": 18.7192,
            "ntypes": 2,
            "natoms": 2,
            "unit_cell": [
                [
                    2.107426,
                    -2.107426,
                    0.0
                ],
                [
                    -2.107426,
                    0.0,
                    -2.107426
                ],
                [
                    2.107426,
                    2.107426,
                    0.0
                ]
            ],
            "sites": [
                "Fe @ 0 0 0",
                "N @ 0.75 0.5 0.25"
            ],
            "band_gap": 0.0,
            "delta_e": -0.228883157671754,
            "stability": 6.842500000101004e-05,
            "fit": "standard",
            "calculation_label": "static"
        },
        {
            "name": "ScAl",
            "entry_id": 10539,
            "calculation_id": 6239,
            "icsd_id": 58098,
            "formationenergy_id": 4062969,
            "duplicate_entry_id": 10539,
            "composition": "Al1 Sc1",
            "composition_generic": "AB",
            "prototype": "CsCl",
            "spacegroup": "Pm-3m",
            "volume": 38.3758,
            "ntypes": 2,
            "natoms": 2,
            "unit_cell": [
                [
                    3.373021,
                    0.0,
                    0.0
                ],
                [
                    0.0,
                    3.373021,
                    0.0
                ],
                [
                    0.0,
                    0.0,
                    3.373021
                ]
            ],
            "sites": [
                "Al @ 0 0 0",
                "Sc @ 0.5 0.5 0.5"
            ],
            "band_gap": 0.0,
            "delta_e": -0.4495093125,
            "stability": 5.8089999999622055e-05,
            "fit": "standard",
            "calculation_label": "static"
        },
        {
            "name": "AlRh",
            "entry_id": 10576,
            "calculation_id": 6242,
            "icsd_id": 58151,
            "formationenergy_id": 4062975,
            "duplicate_entry_id": 10576,
            "composition": "Al1 Rh1",
            "composition_generic": "AB",
            "prototype": "CsCl",
            "spacegroup": "Pm-3m",
            "volume": 27.0552,
            "ntypes": 2,
            "natoms": 2,
            "unit_cell": [
                [
                    3.002042,
                    0.0,
                    0.0
                ],
                [
                    0.0,
                    3.002042,
                    0.0
                ],
                [
                    0.0,
                    0.0,
                    3.002042
                ]
            ],
            "sites": [
                "Al @ 0 0 0",
                "Rh @ 0.5 0.5 0.5"
            ],
            "band_gap": 0.0,
            "delta_e": -1.09711632,
            "stability": 8.740499999992934e-05,
            "fit": "standard",
            "calculation_label": "static"
        },
        {
            "name": "AlSb",
            "entry_id": 4708,
            "calculation_id": 6262,
            "icsd_id": 24804,
            "formationenergy_id": 4063005,
            "duplicate_entry_id": 4708,
            "composition": "Al1 Sb1",
            "composition_generic": "AB",
            "prototype": "ZnS(cF8)",
            "spacegroup": "F-43m",
            "volume": 60.541,
            "ntypes": 2,
            "natoms": 2,
            "unit_cell": [
                [
                    -3.116544,
                    3.116544,
                    0.0
                ],
                [
                    3.116544,
                    0.0,
                    -3.116544
                ],
                [
                    -3.116544,
                    -3.116544,
                    0.0
                ]
            ],
            "sites": [
                "Al @ 0.25 0.5 0.75",
                "Sb @ 0 0 0"
            ],
            "band_gap": 1.376,
            "delta_e": -0.1677793025,
            "stability": 0.0,
            "fit": "standard",
            "calculation_label": "static"
        },
        {
            "name": "AlRe",
            "entry_id": 10573,
            "calculation_id": 6332,
            "icsd_id": 58146,
            "formationenergy_id": 4063077,
            "duplicate_entry_id": 10573,
            "composition": "Al1 Re1",
            "composition_generic": "AB",
            "prototype": "CsCl",
            "spacegroup": "Pm-3m",
            "volume": 28.6592,
            "ntypes": 2,
            "natoms": 2,
            "unit_cell": [
                [
                    3.060236,
                    0.0,
                    0.0
                ],
                [
                    0.0,
                    3.060236,
                    0.0
                ],
                [
                    0.0,
                    0.0,
                    3.060236
                ]
            ],
            "sites": [
                "Al @ 0 0 0",
                "Re @ 0.5 0.5 0.5"
            ],
            "band_gap": 0.0,
            "delta_e": 0.0126065124999997,
            "stability": 0.3160960449999997,
            "fit": "standard",
            "calculation_label": "static"
        },
        {
            "name": "FeRh",
            "entry_id": 18839,
            "calculation_id": 6532,
            "icsd_id": 108465,
            "formationenergy_id": 4063251,
            "duplicate_entry_id": 18839,
            "composition": "Fe1 Rh1",
            "composition_generic": "AB",
            "prototype": "CsCl",
            "spacegroup": "Pm-3m",
            "volume": 27.0507,
            "ntypes": 2,
            "natoms": 2,
            "unit_cell": [
                [
                    3.001875,
                    0.0,
                    0.0
                ],
                [
                    0.0,
                    3.001875,
                    0.0
                ],
                [
                    0.0,
                    0.0,
                    3.001875
                ]
            ],
            "sites": [
                "Fe @ 0 0 0",
                "Rh @ 0.5 0.5 0.5"
            ],
            "band_gap": 0.0,
            "delta_e": -0.04855258,
            "stability": 0.003396992000000522,
            "fit": "standard",
            "calculation_label": "static"
        },
        {
            "name": "FePt",
            "entry_id": 7826,
            "calculation_id": 6540,
            "icsd_id": 42589,
            "formationenergy_id": 4063272,
            "duplicate_entry_id": 110129,
            "composition": "Fe1 Pt1",
            "composition_generic": "AB",
            "prototype": "AuCu",
            "spacegroup": "P4/mmm",
            "volume": 27.9198,
            "ntypes": 2,
            "natoms": 2,
            "unit_cell": [
                [
                    2.739966,
                    0.0,
                    0.0
                ],
                [
                    0.0,
                    2.739966,
                    0.0
                ],
                [
                    0.0,
                    0.0,
                    3.71897
                ]
            ],
            "sites": [
                "Fe @ 0 0 0",
                "Pt @ 0.5 0.5 0.5"
            ],
            "band_gap": 0.0,
            "delta_e": -0.24020404,
            "stability": 0.0003700199999999987,
            "fit": "standard",
            "calculation_label": "static"
        },
        {
            "name": "MnAl",
            "entry_id": 27877,
            "calculation_id": 6582,
            "icsd_id": 608471,
            "formationenergy_id": 4063332,
            "duplicate_entry_id": 27877,
            "composition": "Al1 Mn1",
            "composition_generic": "AB",
            "prototype": "CuFePt2",
            "spacegroup": "P4/mmm",
            "volume": 26.3483,
            "ntypes": 2,
            "natoms": 2,
            "unit_cell": [
                [
                    -1.932204,
                    -1.932204,
                    0.0
                ],
                [
                    -1.932204,
                    1.932204,
                    0.0
                ],
                [
                    0.0,
                    0.0,
                    -3.528718
                ]
            ],
            "sites": [
                "Al @ 0 0 0",
                "Mn @ 0.5 0.5 0.5"
            ],
            "band_gap": 0.0,
            "delta_e": -0.267648506896551,
            "stability": 0.0,
            "fit": "standard",
            "calculation_label": "static"
        },
        {
            "name": "GdAl",
            "entry_id": 19332,
            "calculation_id": 6649,
            "icsd_id": 150537,
            "formationenergy_id": 4063419,
            "duplicate_entry_id": 19332,
            "composition": "Al1 Gd1",
            "composition_generic": "AB",
            "prototype": "CsCl",
            "spacegroup": "Pm-3m",
            "volume": 47.9717,
            "ntypes": 2,
            "natoms": 2,
            "unit_cell": [
                [
                    3.633526,
                    0.0,
                    0.0
                ],
                [
                    0.0,
                    3.633526,
                    0.0
                ],
                [
                    0.0,
                    0.0,
                    3.633526
                ]
            ],
            "sites": [
                "Al @ 0.5 0.5 0.5",
                "Gd @ 0 0 0"
            ],
            "band_gap": 0.0,
            "delta_e": -0.39157313875,
            "stability": 0.023106375000000012,
            "fit": "standard",
            "calculation_label": "static"
        },
        {
            "name": "AlAs",
            "entry_id": 12376,
            "calculation_id": 6660,
            "icsd_id": 67784,
            "formationenergy_id": 4063440,
            "duplicate_entry_id": 12376,
            "composition": "Al1 As1",
            "composition_generic": "AB",
            "prototype": "ZnS(cF8)",
            "spacegroup": "F-43m",
            "volume": 47.0625,
            "ntypes": 2,
            "natoms": 2,
            "unit_cell": [
                [
                    2.865596,
                    -2.865596,
                    0.0
                ],
                [
                    -2.865596,
                    0.0,
                    -2.865596
                ],
                [
                    2.865596,
                    2.865596,
                    0.0
                ]
            ],
            "sites": [
                "Al @ 0 0 0",
                "As @ 0.75 0.5 0.25"
            ],
            "band_gap": 1.627,
            "delta_e": -0.4878186225,
            "stability": 0.0,
            "fit": "standard",
            "calculation_label": "static"
        },
        {
            "name": "YAl",
            "entry_id": 10609,
            "calculation_id": 6710,
            "icsd_id": 58210,
            "formationenergy_id": 4063506,
            "duplicate_entry_id": 116118,
            "composition": "Al1 Y1",
            "composition_generic": "AB",
            "prototype": "CsCl",
            "spacegroup": "Pm-3m",
            "volume": 46.714,
            "ntypes": 2,
            "natoms": 2,
            "unit_cell": [
                [
                    3.60149,
                    0.0,
                    0.0
                ],
                [
                    0.0,
                    3.60149,
                    0.0
                ],
                [
                    0.0,
                    0.0,
                    3.60149
                ]
            ],
            "sites": [
                "Al @ 0 0 0",
                "Y @ 0.5 0.5 0.5"
            ],
            "band_gap": 0.0,
            "delta_e": -0.4167731625,
            "stability": 0.008018089583333776,
            "fit": "standard",
            "calculation_label": "static"
        },
        {
            "name": "AlSn",
            "entry_id": 18717,
            "calculation_id": 6808,
            "icsd_id": 107883,
            "formationenergy_id": 4063575,
            "duplicate_entry_id": 18717,
            "composition": "Al1 Sn1",
            "composition_generic": "AB",
            "prototype": "WC",
            "spacegroup": "P-6m2",
            "volume": 48.6624,
            "ntypes": 2,
            "natoms": 2,
            "unit_cell": [
                [
                    3.874562,
                    0.0,
                    0.0
                ],
                [
                    -1.937281,
                    3.355602,
                    0.0
                ],
                [
                    0.0,
                    0.0,
                    3.742832
                ]
            ],
            "sites": [
                "Al @ 0 0 0",
                "Sn @ 0.333 0.667 0.5"
            ],
            "band_gap": 0.0,
            "delta_e": 0.210924821574399,
            "stability": 0.210924821574399,
            "fit": "standard",
            "calculation_label": "static"
        },
        {
            "name": "FeNi",
            "entry_id": 30230,
            "calculation_id": 7010,
            "icsd_id": 632913,
            "formationenergy_id": 4063752,
            "duplicate_entry_id": 17225,
            "composition": "Fe1 Ni1",
            "composition_generic": "AB",
            "prototype": "CuFePt2",
            "spacegroup": "P4/mmm",
            "volume": 22.3683,
            "ntypes": 2,
            "natoms": 2,
            "unit_cell": [
                [
                    -1.773981,
                    -1.773981,
                    0.0
                ],
                [
                    -1.773981,
                    1.773981,
                    0.0
                ],
                [
                    0.0,
                    0.0,
                    -3.553891
                ]
            ],
            "sites": [
                "Fe @ 0 0 0",
                "Ni @ 0.5 0.5 0.5"
            ],
            "band_gap": 0.0,
            "delta_e": -0.0687936650000003,
            "stability": 2.76000000010157e-06,
            "fit": "standard",
            "calculation_label": "static"
        },
        {
            "name": "AlAu",
            "entry_id": 10381,
            "calculation_id": 7041,
            "icsd_id": 57495,
            "formationenergy_id": 4063797,
            "duplicate_entry_id": 10381,
            "composition": "Al1 Au1",
            "composition_generic": "AB",
            "prototype": "CsCl",
            "spacegroup": "Pm-3m",
            "volume": 33.4611,
            "ntypes": 2,
            "natoms": 2,
            "unit_cell": [
                [
                    3.222404,
                    0.0,
                    0.0
                ],
                [
                    0.0,
                    3.222404,
                    0.0
                ],
                [
                    0.0,
                    0.0,
                    3.222404
                ]
            ],
            "sites": [
                "Al @ 0 0 0",
                "Au @ 0.5 0.5 0.5"
            ],
            "band_gap": 0.0,
            "delta_e": -0.24622367,
            "stability": 0.14938112625,
            "fit": "standard",
            "calculation_label": "static"
        },
        {
            "name": "FeO",
            "entry_id": 14796,
            "calculation_id": 7101,
            "icsd_id": 82236,
            "formationenergy_id": 4063830,
            "duplicate_entry_id": 14796,
            "composition": "Fe1 O1",
            "composition_generic": "AB",
            "prototype": null,
            "spacegroup": "R-3m",
            "volume": 20.2384,
            "ntypes": 2,
            "natoms": 2,
            "unit_cell": [
                [
                    0.0,
                    -1.781334,
                    2.531678
                ],
                [
                    -1.532318,
                    2.689711,
                    0.0
                ],
                [
                    -1.490319,
                    -0.849029,
                    -2.48992
                ]
            ],
            "sites": [
                "Fe @ 0 0 0",
                "O @ 0 0.5 0.5"
            ],
            "band_gap": 1.259,
            "delta_e": -1.5186563421465,
            "stability": 0.024372765000000074,
            "fit": "standard",
            "calculation_label": "static"
        },
        {
            "name": "FePd",
            "entry_id": 30236,
            "calculation_id": 7113,
            "icsd_id": 633142,
            "formationenergy_id": 4063851,
            "duplicate_entry_id": 116604,
            "composition": "Fe1 Pd1",
            "composition_generic": "AB",
            "prototype": "CuFePt2",
            "spacegroup": "P4/mmm",
            "volume": 27.4687,
            "ntypes": 2,
            "natoms": 2,
            "unit_cell": [
                [
                    -1.918073,
                    -1.918073,
                    0.0
                ],
                [
                    -1.918073,
                    1.918073,
                    0.0
                ],
                [
                    0.0,
                    0.0,
                    -3.733165
                ]
            ],
            "sites": [
                "Fe @ 0 0 0",
                "Pd @ 0.5 0.5 0.5"
            ],
            "band_gap": 0.0,
            "delta_e": -0.0652135149999999,
            "stability": 0.01430749499999985,
            "fit": "standard",
            "calculation_label": "static"
        },
        {
            "name": "Fe",
            "entry_id": 30158,
            "calculation_id": 7144,
            "icsd_id": 631726,
            "formationenergy_id": 4063875,
            "duplicate_entry_id": 51781,
            "composition": "Fe1",
            "composition_generic": "A",
            "prototype": "Mg",
            "spacegroup": "P63/mmc",
            "volume": 20.0449,
            "ntypes": 1,
            "natoms": 2,
            "unit_cell": [
                [
                    2.44554,
                    0.0,
                    0.0
                ],
                [
                    -1.22277,
                    2.117838,
                    0.0
                ],
                [
                    0.0,
                    0.0,
                    3.870228
                ]
            ],
            "sites": [
                "Fe @ 0.333 0.667 0.25",
                "Fe @ 0.667 0.333 0.75"
            ],
            "band_gap": 0.0,
            "delta_e": 0.087630429999999,
            "stability": 0.087630429999999,
            "fit": "standard",
            "calculation_label": "static"
        },
        {
            "name": "FeSi2",
            "entry_id": 30247,
            "calculation_id": 7201,
            "icsd_id": 633533,
            "formationenergy_id": 4063914,
            "duplicate_entry_id": 30247,
            "composition": "Fe1 Si2",
            "composition_generic": "AB2",
            "prototype": "FeSi2",
            "spacegroup": "P4/mmm",
            "volume": 37.3604,
            "ntypes": 2,
            "natoms": 3,
            "unit_cell": [
                [
                    2.698463,
                    0.0,
                    0.0
                ],
                [
                    0.0,
                    2.698463,
                    0.0
                ],
                [
                    0.0,
                    0.0,
                    5.130718
                ]
            ],
            "sites": [
                "Fe @ 0 0 0",
                "Si @ 0.5 0.5 0.272",
                "Si @ 0.5 0.5 0.728"
            ],
            "band_gap": 0.0,
            "delta_e": -0.387308936666667,
            "stability": 0.05729504416666703,
            "fit": "standard",
            "calculation_label": "static"
        },
        {
            "name": "CeAl",
            "entry_id": 10401,
            "calculation_id": 7257,
            "icsd_id": 57552,
            "formationenergy_id": 4063935,
            "duplicate_entry_id": 10401,
            "composition": "Al1 Ce1",
            "composition_generic": "AB",
            "prototype": "CsCl",
            "spacegroup": "Pm-3m",
            "volume": 54.5495,
            "ntypes": 2,
            "natoms": 2,
            "unit_cell": [
                [
                    3.79254,
                    0.0,
                    0.0
                ],
                [
                    0.0,
                    3.79254,
                    0.0
                ],
                [
                    0.0,
                    0.0,
                    3.79254
                ]
            ],
            "sites": [
                "Al @ 0 0 0",
                "Ce @ 0.5 0.5 0.5"
            ],
            "band_gap": 0.0,
            "delta_e": -0.31812355375,
            "stability": 0.06004809499999997,
            "fit": "standard",
            "calculation_label": "static"
        },
        {
            "name": "AlCr2",
            "entry_id": 10426,
            "calculation_id": 7262,
            "icsd_id": 57651,
            "formationenergy_id": 4063941,
            "duplicate_entry_id": 10426,
            "composition": "Al1 Cr2",
            "composition_generic": "AB2",
            "prototype": "MoSi2",
            "spacegroup": "I4/mmm",
            "volume": 37.5877,
            "ntypes": 2,
            "natoms": 3,
            "unit_cell": [
                [
                    -2.947074,
                    0.0,
                    0.0
                ],
                [
                    0.0,
                    -2.947074,
                    0.0
                ],
                [
                    1.473537,
                    1.473537,
                    4.327766
                ]
            ],
            "sites": [
                "Al @ 0 0 0",
                "Cr @ 0.685 0.685 0.37",
                "Cr @ 0.315 0.315 0.63"
            ],
            "band_gap": 0.0,
            "delta_e": -0.136904650000001,
            "stability": 0.0,
            "fit": "standard",
            "calculation_label": "static"
        },
        {
            "name": "AlFe",
            "entry_id": 20929,
            "calculation_id": 7320,
            "icsd_id": 165165,
            "formationenergy_id": 4063986,
            "duplicate_entry_id": 54708,
            "composition": "Al1 Fe1",
            "composition_generic": "AB",
            "prototype": "CsCl",
            "spacegroup": "Pm-3m",
            "volume": 23.5842,
            "ntypes": 2,
            "natoms": 2,
            "unit_cell": [
                [
                    2.867742,
                    0.0,
                    0.0
                ],
                [
                    0.0,
                    2.867742,
                    0.0
                ],
                [
                    0.0,
                    0.0,
                    2.867742
                ]
            ],
            "sites": [
                "Al @ 0 0 0",
                "Fe @ 0.5 0.5 0.5"
            ],
            "band_gap": 0.0,
            "delta_e": -0.331671410000001,
            "stability": 0.00011611999999960876,
            "fit": "standard",
            "calculation_label": "static"
        },
        {
            "name": "AlB2",
            "entry_id": 8221,
            "calculation_id": 7566,
            "icsd_id": 43851,
            "formationenergy_id": 4064112,
            "duplicate_entry_id": 103360,
            "composition": "Al1 B2",
            "composition_generic": "AB2",
            "prototype": "AlB2",
            "spacegroup": "P6/mmm",
            "volume": 25.5545,
            "ntypes": 2,
            "natoms": 3,
            "unit_cell": [
                [
                    3.003246,
                    -2e-05,
                    0.0
                ],
                [
                    -1.501641,
                    2.600877,
                    0.0
                ],
                [
                    0.0,
                    0.0,
                    3.271586
                ]
            ],
            "sites": [
                "Al @ 0 0 0",
                "B @ 0.667 0.333 0.5",
                "B @ 0.333 0.667 0.5"
            ],
            "band_gap": 0.0,
            "delta_e": -0.0439105700000001,
            "stability": 6.62599999994018e-05,
            "fit": "standard",
            "calculation_label": "static"
        },
        {
            "name": "AlTc2",
            "entry_id": 27972,
            "calculation_id": 7698,
            "icsd_id": 609480,
            "formationenergy_id": 4064220,
            "duplicate_entry_id": 27972,
            "composition": "Al1 Tc2",
            "composition_generic": "AB2",
            "prototype": null,
            "spacegroup": "I4/mmm",
            "volume": 42.5605,
            "ntypes": 2,
            "natoms": 3,
            "unit_cell": [
                [
                    0.0,
                    -2.989658,
                    0.0
                ],
                [
                    -2.989658,
                    0.0,
                    0.0
                ],
                [
                    1.494829,
                    1.494829,
                    -4.761716
                ]
            ],
            "sites": [
                "Al @ 0 0 0",
                "Tc @ 0.669 0.669 0.338",
                "Tc @ 0.331 0.331 0.662"
            ],
            "band_gap": 0.0,
            "delta_e": -0.413644456666667,
            "stability": 0.0,
            "fit": "standard",
            "calculation_label": "static"
        }
    ],
    "meta": {
        "query": {
            "representation": "http://oqmd.org/oqmdapi/formationenergy?filter=element_set=(Al-Fe)&format=json"
        },
        "api_version": "1.0",
        "time_stamp": "2023-07-22 14:15:38",
        "data_returned": 50,
        "data_available": 107189,
        "comments": "",
        "query_tree": "",
        "more_data_available": true
    },
    "response_message": "OK"
}